Tenure,PreferredLoginDevice,CityTier,WarehouseToHome,PreferredPaymentMode,Gender,HourSpendOnApp,NumberOfDeviceRegistered,PreferedOrderCat,SatisfactionScore,MaritalStatus,NumberOfAddress,Complain,OrderAmountHikeFromlastYear,CouponUsed,OrderCount,DaySinceLastOrder,CashbackAmount,Actual_Churn,CustomerID,Churn_Probability,Predicted_Churn_Default,Predicted_Churn_Empirical,Risk_Tier,Expected_CLV_Loss,Campaign_Cost,Model_Classification
17.0,Computer,3,9.0,Debit Card,Male,4.0,4,Laptop & Accessory,1,Married,3,0,21.0,6.0,8.0,8.0,181.75,0,54007,0.06126516,0,0,Low Risk,30.63258,0.0,True Negative (Loyal Customer)
26.0,Phone,3,13.0,E wallet,Female,3.0,4,Fashion,1,Married,8,1,18.0,0.0,1.0,,209.33999999999997,0,51970,0.0041337837,0,0,Low Risk,2.066892,0.0,True Negative (Loyal Customer)
5.0,Phone,1,15.0,Debit Card,Female,4.0,4,Laptop & Accessory,1,Single,3,0,24.0,2.0,2.0,9.0,169.24,0,54236,0.013312884,0,0,Low Risk,6.6564417,0.0,True Negative (Loyal Customer)
25.0,Phone,1,8.0,Debit Card,Female,2.0,4,Mobile Phone,2,Single,8,0,15.0,0.0,2.0,2.0,132.12,0,50106,0.0018954733,0,0,Low Risk,0.9477367,0.0,True Negative (Loyal Customer)
4.0,Computer,3,8.0,Debit Card,Female,2.0,3,Fashion,3,Married,2,1,19.0,8.0,9.0,6.0,198.52,0,52296,0.23054494,0,0,Low Risk,115.27247,0.0,True Negative (Loyal Customer)
24.0,Phone,3,7.0,Credit Card,Female,4.0,4,Others,1,Married,5,0,,2.0,2.0,7.0,320.17,0,54394,0.0030921046,0,0,Low Risk,1.5460523,0.0,True Negative (Loyal Customer)
12.0,Computer,3,9.0,Debit Card,Male,3.0,5,Laptop & Accessory,2,Divorced,5,0,19.0,7.0,8.0,6.0,177.49,0,52952,0.20610467,0,0,Low Risk,103.05233,0.0,True Negative (Loyal Customer)
19.0,Phone,1,7.0,Credit Card,Female,4.0,4,Mobile Phone,2,Married,5,0,15.0,1.0,2.0,3.0,147.7,0,53404,0.008034127,0,0,Low Risk,4.0170636,0.0,True Negative (Loyal Customer)
5.0,Phone,1,18.0,Credit Card,Male,4.0,4,Laptop & Accessory,5,Divorced,3,1,13.0,1.0,2.0,2.0,193.33,0,53586,0.04951443,0,0,Low Risk,24.757215,0.0,True Negative (Loyal Customer)
20.0,Phone,1,8.0,UPI,Female,2.0,3,Grocery,2,Divorced,2,1,11.0,,3.0,0.0,267.52,0,50468,0.008067511,0,0,Low Risk,4.0337553,0.0,True Negative (Loyal Customer)
16.0,Phone,1,33.0,Cash on Delivery,Male,2.0,1,Mobile Phone,4,Married,6,0,12.0,1.0,1.0,2.0,148.76,0,52479,0.027940687,0,0,Low Risk,13.970344,0.0,True Negative (Loyal Customer)
0.0,Computer,1,30.0,Cash on Delivery,Male,3.0,4,Fashion,5,Single,2,0,12.0,1.0,1.0,9.0,187.22,1,52126,0.9336178,1,1,High Risk,466.8089,50.0,True Positive (saved customer)
19.0,Computer,1,14.0,Debit Card,Male,4.0,4,Fashion,5,Married,3,0,19.0,6.0,10.0,12.0,177.1,0,53002,0.0068602553,0,0,Low Risk,3.4301276,0.0,True Negative (Loyal Customer)
22.0,Phone,3,9.0,E wallet,Female,3.0,4,Laptop & Accessory,1,Married,4,0,15.0,7.0,7.0,8.0,165.51,0,54605,0.0072361026,0,0,Low Risk,3.6180513,0.0,True Negative (Loyal Customer)
2.0,Phone,1,24.0,Credit Card,Male,4.0,4,Laptop & Accessory,5,Married,3,0,13.0,1.0,2.0,9.0,170.58,0,53095,0.032610573,0,0,Low Risk,16.305286,0.0,True Negative (Loyal Customer)
19.0,Phone,3,8.0,Cash on Delivery,Female,3.0,5,Grocery,4,Married,4,1,12.0,,7.0,7.0,268.72,0,51609,0.08284386,0,0,Low Risk,41.421932,0.0,True Negative (Loyal Customer)
,Phone,1,6.0,Debit Card,Male,2.0,3,Mobile Phone,1,Married,2,0,11.0,0.0,1.0,3.0,120.44,0,51159,0.02956438,0,0,Low Risk,14.78219,0.0,True Negative (Loyal Customer)
8.0,Phone,1,12.0,Debit Card,Male,3.0,3,Mobile Phone,3,Divorced,1,1,14.0,1.0,2.0,2.0,135.06,0,50800,0.10984213,0,0,Low Risk,54.921066,0.0,True Negative (Loyal Customer)
10.0,Computer,1,6.0,Credit Card,Female,0.0,3,Fashion,2,Married,3,1,18.0,0.0,,2.0,236.02999999999997,0,50151,0.009150256,0,0,Low Risk,4.575128,0.0,True Negative (Loyal Customer)
18.0,Phone,1,11.0,Credit Card,Male,3.0,4,Laptop & Accessory,4,Single,11,0,13.0,2.0,3.0,4.0,184.33,0,54778,0.010597673,0,0,Low Risk,5.2988367,0.0,True Negative (Loyal Customer)
0.0,Computer,1,17.0,Credit Card,Male,2.0,3,Laptop & Accessory,5,Married,2,1,13.0,1.0,3.0,3.0,147.41,0,51630,0.24927315,0,0,Low Risk,124.63657,0.0,True Negative (Loyal Customer)
15.0,Phone,1,8.0,Credit Card,Male,2.0,3,Grocery,5,Divorced,1,0,17.0,,13.0,7.0,276.65,0,50675,0.022047218,0,0,Low Risk,11.023609,0.0,True Negative (Loyal Customer)
,Phone,1,15.0,Debit Card,Male,2.0,3,Mobile Phone,5,Single,4,0,14.0,1.0,1.0,0.0,120.18,1,50959,0.9414587,1,1,High Risk,470.72934,50.0,True Positive (saved customer)
20.0,Computer,3,8.0,E wallet,Male,2.0,3,Laptop & Accessory,4,Married,8,0,11.0,0.0,1.0,0.0,149.78,0,52580,0.07967693,0,0,Low Risk,39.838467,0.0,True Negative (Loyal Customer)
7.0,Computer,1,9.0,Debit Card,Male,2.0,3,Laptop & Accessory,2,Single,1,0,17.0,1.0,1.0,4.0,177.56,0,50670,0.023443727,0,0,Low Risk,11.721864,0.0,True Negative (Loyal Customer)
10.0,Phone,1,17.0,Credit Card,Female,3.0,3,Mobile Phone,3,Single,5,0,18.0,0.0,1.0,2.0,136.29,0,50877,0.03452436,0,0,Low Risk,17.26218,0.0,True Negative (Loyal Customer)
10.0,Phone,1,10.0,Debit Card,Male,,3,Mobile Phone,3,Married,8,1,15.0,1.0,1.0,3.0,129.96,0,52335,0.124049485,0,0,Low Risk,62.024742,0.0,True Negative (Loyal Customer)
6.0,Computer,1,12.0,Cash on Delivery,Male,4.0,4,Mobile Phone,4,Single,4,0,15.0,2.0,2.0,8.0,152.18,0,55421,0.04090099,0,0,Low Risk,20.450495,0.0,True Negative (Loyal Customer)
16.0,Phone,1,7.0,Debit Card,Female,4.0,4,Mobile Phone,5,Married,5,0,17.0,1.0,2.0,3.0,150.76,0,54549,0.023128582,0,0,Low Risk,11.564291,0.0,True Negative (Loyal Customer)
3.0,Phone,1,16.0,UPI,Male,2.0,5,Mobile Phone,1,Single,2,0,18.0,2.0,3.0,3.0,164.83,0,54498,0.010632157,0,0,Low Risk,5.3160787,0.0,True Negative (Loyal Customer)
9.0,Phone,1,17.0,Credit Card,Female,3.0,4,Laptop & Accessory,3,Single,5,1,17.0,1.0,2.0,5.0,186.42,0,55284,0.037874784,0,0,Low Risk,18.937391,0.0,True Negative (Loyal Customer)
26.0,Phone,1,7.0,Debit Card,Male,4.0,4,Grocery,1,Married,4,0,,4.0,8.0,9.0,295.99,0,54860,0.0009162893,0,0,Low Risk,0.45814463,0.0,True Negative (Loyal Customer)
1.0,Computer,3,8.0,Cash on Delivery,Male,4.0,4,Mobile Phone,3,Married,5,0,16.0,2.0,2.0,3.0,154.09,1,55217,0.8200929,1,1,High Risk,410.04645,50.0,True Positive (saved customer)
8.0,Computer,1,10.0,Debit Card,Male,2.0,3,Laptop & Accessory,3,Single,2,1,11.0,1.0,1.0,1.0,142.49,0,50837,0.20126331,0,0,Low Risk,100.63165,0.0,True Negative (Loyal Customer)
2.0,Phone,1,26.0,Credit Card,Male,4.0,5,Mobile Phone,5,Married,3,0,13.0,2.0,4.0,4.0,156.96,0,55029,0.0663714,0,0,Low Risk,33.185703,0.0,True Negative (Loyal Customer)
19.0,Computer,1,8.0,Credit Card,Male,3.0,4,Laptop & Accessory,3,Single,6,0,13.0,1.0,2.0,4.0,178.99,0,55523,0.029137077,0,0,Low Risk,14.568539,0.0,True Negative (Loyal Customer)
9.0,Phone,1,7.0,Debit Card,Female,3.0,2,Mobile Phone,3,Single,5,0,14.0,3.0,3.0,3.0,150.06,0,54757,0.008238229,0,0,Low Risk,4.1191144,0.0,True Negative (Loyal Customer)
2.0,Phone,1,10.0,Credit Card,Female,4.0,4,Fashion,4,Married,2,0,18.0,1.0,2.0,8.0,201.55,0,53500,0.119166225,0,0,Low Risk,59.58311,0.0,True Negative (Loyal Customer)
9.0,Phone,3,22.0,E wallet,Female,3.0,4,Laptop & Accessory,5,Divorced,5,0,13.0,1.0,1.0,2.0,156.47,0,50895,0.02941164,0,0,Low Risk,14.70582,0.0,True Negative (Loyal Customer)
13.0,Computer,1,22.0,Debit Card,Male,3.0,3,Mobile Phone,3,Married,10,0,16.0,1.0,1.0,0.0,135.44,0,50833,0.036646076,0,0,Low Risk,18.323038,0.0,True Negative (Loyal Customer)
17.0,Phone,1,19.0,Debit Card,Male,3.0,5,Grocery,4,Married,3,0,12.0,,4.0,10.0,268.36,0,53081,0.016355624,0,0,Low Risk,8.177813,0.0,True Negative (Loyal Customer)
1.0,Phone,1,7.0,Cash on Delivery,Male,3.0,4,Mobile Phone,3,Single,2,0,15.0,1.0,2.0,6.0,145.58,1,54378,0.7903723,1,1,High Risk,395.18616,50.0,True Positive (saved customer)
9.0,Phone,1,14.0,UPI,Male,3.0,4,Fashion,3,Single,5,0,22.0,1.0,2.0,,227.21,0,53302,0.032703515,0,0,Low Risk,16.351757,0.0,True Negative (Loyal Customer)
15.0,Phone,3,6.0,Debit Card,Male,2.0,3,Laptop & Accessory,3,Divorced,2,0,25.0,4.0,11.0,6.0,149.07,0,50157,0.0118251555,0,0,Low Risk,5.9125776,0.0,True Negative (Loyal Customer)
5.0,Computer,3,8.0,Debit Card,Female,,3,Mobile Phone,5,Married,2,0,12.0,0.0,1.0,0.0,128.27,0,50726,0.14253412,0,0,Low Risk,71.26706,0.0,True Negative (Loyal Customer)
0.0,Phone,3,28.0,Cash on Delivery,Male,2.0,3,Mobile Phone,3,Single,2,0,11.0,0.0,1.0,2.0,134.47,0,51842,0.5051723,1,1,High Risk,252.58615,50.0,False Positive (Wasted Offer)
1.0,Phone,3,9.0,Credit Card,Female,3.0,2,Laptop & Accessory,3,Single,2,0,15.0,1.0,2.0,8.0,190.0,0,54041,0.12447448,0,0,Low Risk,62.23724,0.0,True Negative (Loyal Customer)
3.0,Computer,1,9.0,Debit Card,Male,3.0,4,Laptop & Accessory,1,Married,3,0,20.0,1.0,2.0,,213.53,0,53816,0.041286465,0,0,Low Risk,20.643232,0.0,True Negative (Loyal Customer)
27.0,Phone,1,30.0,Debit Card,Female,4.0,4,Grocery,2,Single,8,0,19.0,,4.0,9.0,267.75,0,53340,0.0016878286,0,0,Low Risk,0.8439143,0.0,True Negative (Loyal Customer)
28.0,Computer,1,14.0,Credit Card,Male,2.0,4,Grocery,4,Married,2,1,15.0,2.0,,0.0,235.76999999999998,0,52260,0.0017263835,0,0,Low Risk,0.8631917,0.0,True Negative (Loyal Customer)
4.0,Computer,1,9.0,Credit Card,Male,,3,Mobile Phone,5,Married,2,1,13.0,0.0,2.0,3.0,130.65,0,51258,0.43519604,0,0,Low Risk,217.59802,0.0,True Negative (Loyal Customer)
8.0,Phone,1,7.0,Debit Card,Male,3.0,5,Mobile Phone,2,Divorced,3,1,14.0,1.0,2.0,4.0,161.22,0,53172,0.053232465,0,0,Low Risk,26.616232,0.0,True Negative (Loyal Customer)
8.0,Phone,1,27.0,Cash on Delivery,Female,3.0,2,Mobile Phone,3,Married,2,0,18.0,2.0,2.0,1.0,150.85,0,55067,0.063510954,0,0,Low Risk,31.755478,0.0,True Negative (Loyal Customer)
0.0,Computer,3,19.0,Cash on Delivery,Female,2.0,3,Laptop & Accessory,4,Single,6,0,11.0,0.0,1.0,0.0,157.65,1,50933,0.9684202,1,1,High Risk,484.2101,50.0,True Positive (saved customer)
12.0,Phone,3,21.0,Debit Card,Male,4.0,4,Laptop & Accessory,4,Married,2,0,12.0,6.0,8.0,,224.24,0,53810,0.077310935,0,0,Low Risk,38.655468,0.0,True Negative (Loyal Customer)
12.0,Phone,1,7.0,Debit Card,Male,4.0,5,Fashion,3,Single,11,1,14.0,1.0,2.0,1.0,178.81,1,52827,0.9089339,1,1,High Risk,454.46695,50.0,True Positive (saved customer)
16.0,Phone,3,8.0,Credit Card,Male,3.0,3,Laptop & Accessory,1,Married,2,1,17.0,3.0,8.0,8.0,178.47,0,52562,0.031132974,0,0,Low Risk,15.566487,0.0,True Negative (Loyal Customer)
1.0,Computer,3,31.0,Credit Card,Male,3.0,4,Mobile Phone,2,Divorced,2,0,14.0,1.0,3.0,2.0,149.0,0,53161,0.60063946,1,1,High Risk,300.31973,50.0,False Positive (Wasted Offer)
30.0,Phone,1,15.0,Debit Card,Female,4.0,4,Mobile Phone,5,Married,6,1,19.0,3.0,3.0,3.0,167.57,0,54336,0.0037808658,0,0,Low Risk,1.890433,0.0,True Negative (Loyal Customer)
0.0,Phone,1,6.0,UPI,Male,,3,Mobile Phone,2,Single,2,1,13.0,5.0,7.0,8.0,126.86000000000001,1,50438,0.9713776,1,1,High Risk,485.6888,50.0,True Positive (saved customer)
15.0,Computer,1,29.0,Debit Card,Male,2.0,4,Laptop & Accessory,3,Single,2,0,12.0,3.0,3.0,7.0,143.32,0,52750,0.014664391,0,0,Low Risk,7.3321958,0.0,True Negative (Loyal Customer)
8.0,Computer,1,7.0,Credit Card,Male,4.0,5,Laptop & Accessory,5,Single,2,0,21.0,2.0,5.0,10.0,178.43,0,53538,0.0074212425,0,0,Low Risk,3.7106214,0.0,True Negative (Loyal Customer)
2.0,Phone,1,35.0,Debit Card,Male,3.0,5,Laptop & Accessory,3,Married,9,0,17.0,0.0,1.0,6.0,163.84,0,52670,0.044745047,0,0,Low Risk,22.372524,0.0,True Negative (Loyal Customer)
5.0,Phone,1,19.0,Cash on Delivery,Female,3.0,4,Others,3,Divorced,3,0,,10.0,16.0,9.0,320.45,1,52826,0.3739017,0,0,Low Risk,186.95085,0.0,False Negative (Missed Churner)
9.0,Phone,1,18.0,Credit Card,Male,3.0,4,Mobile Phone,3,Married,9,1,12.0,3.0,3.0,3.0,151.6,0,55583,0.82766503,1,1,High Risk,413.83252,50.0,False Positive (Wasted Offer)
22.0,Phone,1,13.0,UPI,Male,2.0,4,Fashion,3,Single,9,0,24.0,1.0,1.0,0.0,145.0,0,50251,0.011398597,0,0,Low Risk,5.6992984,0.0,True Negative (Loyal Customer)
19.0,Phone,1,13.0,UPI,Male,3.0,4,Fashion,5,Married,6,1,15.0,2.0,,1.0,257.45,0,54238,0.2827537,0,0,Low Risk,141.37685,0.0,True Negative (Loyal Customer)
7.0,Phone,1,9.0,Debit Card,Female,3.0,3,Laptop & Accessory,4,Married,2,0,12.0,7.0,7.0,9.0,154.33,0,51055,0.009927013,0,0,Low Risk,4.9635067,0.0,True Negative (Loyal Customer)
27.0,Phone,1,14.0,Debit Card,Male,3.0,2,Grocery,3,Married,5,0,20.0,,2.0,4.0,273.14,0,54695,0.0008679495,0,0,Low Risk,0.43397474,0.0,True Negative (Loyal Customer)
,Phone,1,6.0,Cash on Delivery,Male,2.0,3,Mobile Phone,5,Single,3,0,11.0,0.0,1.0,2.0,120.80000000000001,0,50809,0.12760183,0,0,Low Risk,63.800915,0.0,True Negative (Loyal Customer)
9.0,Phone,3,16.0,Cash on Delivery,Female,3.0,4,Laptop & Accessory,3,Married,2,1,13.0,1.0,1.0,7.0,156.73,0,51216,0.05220919,0,0,Low Risk,26.104595,0.0,True Negative (Loyal Customer)
0.0,Phone,1,24.0,UPI,Female,,3,Mobile Phone,1,Single,2,0,19.0,1.0,1.0,0.0,126.93,1,52009,0.7326748,1,1,High Risk,366.3374,50.0,True Positive (saved customer)
18.0,Computer,3,32.0,E wallet,Male,2.0,4,Laptop & Accessory,5,Married,2,0,15.0,3.0,4.0,5.0,143.85,0,52489,0.028372968,0,0,Low Risk,14.186483,0.0,True Negative (Loyal Customer)
11.0,Phone,3,6.0,Debit Card,Female,2.0,4,Laptop & Accessory,1,Single,5,0,22.0,0.0,1.0,7.0,186.86,0,51514,0.036205802,0,0,Low Risk,18.102901,0.0,True Negative (Loyal Customer)
1.0,Phone,1,15.0,UPI,Male,4.0,6,Mobile Phone,5,Married,3,1,12.0,1.0,2.0,8.0,146.19,1,54497,0.4746868,0,1,Medium Risk (Actionable),237.3434,50.0,True Positive (saved customer)
15.0,Computer,1,34.0,Cash on Delivery,Female,2.0,4,Laptop & Accessory,1,Married,1,0,11.0,0.0,1.0,4.0,145.23,0,51759,0.012239943,0,0,Low Risk,6.1199718,0.0,True Negative (Loyal Customer)
6.0,Computer,1,10.0,Cash on Delivery,Male,,3,Laptop & Accessory,4,Married,6,0,15.0,0.0,1.0,7.0,130.55,0,52611,0.039979342,0,0,Low Risk,19.989672,0.0,True Negative (Loyal Customer)
8.0,Phone,3,22.0,Credit Card,Female,4.0,4,Laptop & Accessory,5,Single,3,0,13.0,2.0,10.0,7.0,186.25,0,53655,0.029399155,0,0,Low Risk,14.699577,0.0,True Negative (Loyal Customer)
0.0,Phone,3,24.0,Debit Card,Male,3.0,1,Laptop & Accessory,3,Married,3,0,11.0,1.0,1.0,2.0,162.32,0,52339,0.15510398,0,0,Low Risk,77.551994,0.0,True Negative (Loyal Customer)
0.0,Computer,1,13.0,Debit Card,Female,,3,Mobile Phone,3,Divorced,2,1,16.0,0.0,1.0,2.0,128.86,1,50355,0.91063833,1,1,High Risk,455.31915,50.0,True Positive (saved customer)
0.0,Phone,1,14.0,Credit Card,Female,3.0,3,Mobile Phone,1,Single,2,0,11.0,0.0,1.0,4.0,134.45,0,52594,0.07760162,0,0,Low Risk,38.800808,0.0,True Negative (Loyal Customer)
0.0,Phone,1,15.0,Credit Card,Male,3.0,4,Mobile Phone,3,Divorced,1,1,17.0,0.0,1.0,0.0,133.88,1,50014,0.5124705,1,1,High Risk,256.23523,50.0,True Positive (saved customer)
26.0,Phone,1,11.0,Debit Card,Female,2.0,4,Grocery,2,Divorced,4,0,14.0,,2.0,5.0,290.55,0,53099,0.0014506128,0,0,Low Risk,0.7253064,0.0,True Negative (Loyal Customer)
6.0,Computer,3,22.0,Debit Card,Female,2.0,3,Laptop & Accessory,1,Married,2,1,25.0,0.0,1.0,2.0,153.68,0,51074,0.024871752,0,0,Low Risk,12.435876,0.0,True Negative (Loyal Customer)
7.0,Computer,3,12.0,Debit Card,Male,4.0,4,Laptop & Accessory,1,Married,8,0,14.0,2.0,2.0,,224.98,0,55151,0.17675413,0,0,Low Risk,88.37707,0.0,True Negative (Loyal Customer)
,Phone,1,8.0,UPI,Male,3.0,4,Mobile Phone,3,Single,7,1,15.0,0.0,1.0,0.0,120.9,1,51348,0.9885002,1,1,High Risk,494.2501,50.0,True Positive (saved customer)
1.0,Phone,1,15.0,Debit Card,Female,3.0,5,Mobile Phone,4,Single,3,0,13.0,1.0,2.0,1.0,137.61,1,53707,0.8765605,1,1,High Risk,438.28024,50.0,True Positive (saved customer)
2.0,Phone,1,16.0,Credit Card,Male,4.0,4,Mobile Phone,1,Married,3,0,24.0,2.0,2.0,5.0,145.7,0,54433,0.022159334,0,0,Low Risk,11.079667,0.0,True Negative (Loyal Customer)
1.0,Phone,1,15.0,Credit Card,Male,4.0,5,Mobile Phone,3,Single,3,1,12.0,2.0,2.0,3.0,164.89,1,55362,0.9034699,1,1,High Risk,451.73495,50.0,True Positive (saved customer)
3.0,Phone,1,14.0,Debit Card,Female,3.0,1,Fashion,5,Divorced,1,1,12.0,0.0,1.0,,214.16000000000003,0,50606,0.035826728,0,0,Low Risk,17.913364,0.0,True Negative (Loyal Customer)
16.0,Computer,1,,Debit Card,Male,2.0,3,Mobile Phone,3,Single,5,0,13.0,1.0,1.0,2.0,124.38,0,52639,0.10790374,0,0,Low Risk,53.95187,0.0,True Negative (Loyal Customer)
11.0,Computer,3,16.0,Cash on Delivery,Female,2.0,3,Laptop & Accessory,2,Single,2,1,13.0,0.0,1.0,3.0,156.66,0,50579,0.13164777,0,0,Low Risk,65.82388,0.0,True Negative (Loyal Customer)
0.0,Computer,1,20.0,UPI,Female,2.0,3,Fashion,1,Single,1,1,12.0,4.0,7.0,7.0,175.53,1,52353,0.9837067,1,1,High Risk,491.85336,50.0,True Positive (saved customer)
,Computer,1,16.0,Credit Card,Female,3.0,4,Mobile Phone,4,Single,2,1,25.0,1.0,1.0,0.0,118.59,1,50768,0.971209,1,1,High Risk,485.6045,50.0,True Positive (saved customer)
31.0,Phone,3,14.0,E wallet,Male,3.0,2,Laptop & Accessory,2,Married,2,1,19.0,1.0,2.0,10.0,177.2,0,53570,0.0013400078,0,0,Low Risk,0.6700039,0.0,True Negative (Loyal Customer)
1.0,Computer,1,7.0,Credit Card,Female,4.0,5,Mobile Phone,3,Married,3,0,14.0,1.0,2.0,4.0,145.07,0,54930,0.31515208,0,0,Low Risk,157.57603,0.0,True Negative (Loyal Customer)
16.0,Computer,2,9.0,Credit Card,Male,4.0,2,Laptop & Accessory,5,Divorced,9,0,17.0,1.0,2.0,4.0,187.72,0,53569,0.012826828,0,0,Low Risk,6.413414,0.0,True Negative (Loyal Customer)
25.0,Phone,1,14.0,Credit Card,Male,3.0,5,Laptop & Accessory,3,Married,4,0,18.0,2.0,2.0,1.0,186.32,0,54317,0.0022224477,0,0,Low Risk,1.1112238,0.0,True Negative (Loyal Customer)
11.0,Computer,3,,Credit Card,Female,3.0,3,Mobile Phone,3,Married,3,1,11.0,1.0,7.0,7.0,126.55000000000001,1,52550,0.7607207,1,1,High Risk,380.36032,50.0,True Positive (saved customer)
16.0,Phone,1,8.0,Cash on Delivery,Female,3.0,4,Fashion,1,Married,1,0,16.0,0.0,1.0,9.0,201.69,1,52457,0.80269235,1,1,High Risk,401.3462,50.0,True Positive (saved customer)
12.0,Computer,1,8.0,Cash on Delivery,Female,3.0,3,Fashion,3,Single,1,0,25.0,6.0,11.0,,209.38,0,51597,0.035534754,0,0,Low Risk,17.767378,0.0,True Negative (Loyal Customer)
1.0,Phone,1,32.0,Debit Card,Male,3.0,6,Mobile Phone,3,Single,3,0,13.0,1.0,2.0,2.0,147.93,1,54203,0.94060767,1,1,High Risk,470.30383,50.0,True Positive (saved customer)
8.0,Phone,1,,Credit Card,Male,3.0,4,Mobile Phone,5,Single,2,0,19.0,0.0,1.0,2.0,124.5,0,50984,0.080117844,0,0,Low Risk,40.05892,0.0,True Negative (Loyal Customer)
8.0,Phone,1,,Credit Card,Female,2.0,4,Mobile Phone,5,Single,2,0,11.0,0.0,1.0,1.0,125.59,0,51966,0.047127936,0,0,Low Risk,23.563969,0.0,True Negative (Loyal Customer)
13.0,Phone,1,7.0,Debit Card,Female,4.0,5,Grocery,1,Married,3,0,17.0,10.0,,9.0,252.42000000000002,0,54899,0.026029326,0,0,Low Risk,13.014663,0.0,True Negative (Loyal Customer)
19.0,Phone,1,8.0,Cash on Delivery,Male,4.0,4,Fashion,4,Married,3,0,13.0,4.0,8.0,8.0,199.41,0,55260,0.37063137,0,0,Low Risk,185.31569,0.0,True Negative (Loyal Customer)
1.0,Phone,1,16.0,Credit Card,Male,3.0,4,Mobile Phone,5,Divorced,3,0,15.0,1.0,2.0,3.0,150.0,0,53241,0.5906972,1,1,High Risk,295.3486,50.0,False Positive (Wasted Offer)
14.0,Phone,1,12.0,Credit Card,Male,2.0,3,Mobile Phone,5,Single,3,1,13.0,1.0,2.0,17.0,147.21,0,52032,0.024233863,0,0,Low Risk,12.116931,0.0,True Negative (Loyal Customer)
9.0,Phone,1,35.0,Debit Card,Male,3.0,2,Laptop & Accessory,3,Married,3,0,18.0,6.0,7.0,9.0,159.07,0,53821,0.0015493209,0,0,Low Risk,0.77466047,0.0,True Negative (Loyal Customer)
5.0,Computer,1,16.0,Debit Card,Male,2.0,3,Mobile Phone,3,Married,7,0,13.0,0.0,1.0,3.0,134.33,0,52572,0.15969452,0,0,Low Risk,79.84726,0.0,True Negative (Loyal Customer)
14.0,Phone,3,29.0,Debit Card,Male,3.0,3,Fashion,3,Single,4,1,16.0,0.0,1.0,2.0,170.82,0,51072,0.34683898,0,0,Low Risk,173.4195,0.0,True Negative (Loyal Customer)
17.0,Phone,1,34.0,Debit Card,Male,2.0,3,Grocery,5,Divorced,4,0,13.0,,14.0,17.0,263.28,0,50954,0.0074210106,0,0,Low Risk,3.7105052,0.0,True Negative (Loyal Customer)
0.0,Phone,3,21.0,Credit Card,Male,2.0,5,Laptop & Accessory,1,Married,7,1,14.0,0.0,2.0,2.0,154.4,1,52513,0.9804821,1,1,High Risk,490.24106,50.0,True Positive (saved customer)
19.0,Phone,3,20.0,E wallet,Male,3.0,2,Grocery,3,Single,8,1,18.0,,4.0,9.0,261.95,1,53666,0.9486718,1,1,High Risk,474.3359,50.0,True Positive (saved customer)
9.0,Computer,1,25.0,Debit Card,Male,4.0,4,Laptop & Accessory,3,Married,3,1,15.0,2.0,2.0,3.0,181.89,0,54147,0.07045584,0,0,Low Risk,35.22792,0.0,True Negative (Loyal Customer)
14.0,Computer,1,9.0,Credit Card,Female,3.0,2,Laptop & Accessory,4,Divorced,3,0,25.0,1.0,4.0,8.0,167.44,0,53273,0.0045596184,0,0,Low Risk,2.2798092,0.0,True Negative (Loyal Customer)
9.0,Phone,1,18.0,Debit Card,Female,3.0,3,Laptop & Accessory,3,Married,10,1,12.0,0.0,1.0,1.0,146.63,0,51021,0.111958764,0,0,Low Risk,55.97938,0.0,True Negative (Loyal Customer)
14.0,Phone,3,9.0,E wallet,Female,4.0,4,Laptop & Accessory,4,Married,5,0,15.0,2.0,6.0,11.0,181.77,0,54101,0.090408295,0,0,Low Risk,45.204147,0.0,True Negative (Loyal Customer)
1.0,Computer,1,16.0,Debit Card,Male,3.0,5,Mobile Phone,4,Married,3,0,12.0,2.0,2.0,1.0,151.94,0,53277,0.7409456,1,1,High Risk,370.47278,50.0,False Positive (Wasted Offer)
0.0,Phone,2,,Cash on Delivery,Male,2.0,4,Mobile Phone,2,Single,2,0,12.0,1.0,1.0,0.0,125.63999999999999,1,50298,0.88397706,1,1,High Risk,441.98853,50.0,True Positive (saved customer)
10.0,Phone,1,6.0,Debit Card,Male,2.0,4,Laptop & Accessory,3,Married,2,0,18.0,0.0,1.0,7.0,159.93,0,51405,0.0035024215,0,0,Low Risk,1.7512108,0.0,True Negative (Loyal Customer)
2.0,Computer,3,6.0,Credit Card,Female,2.0,3,Fashion,2,Divorced,2,0,14.0,4.0,4.0,1.0,179.18,0,50103,0.045891363,0,0,Low Risk,22.945683,0.0,True Negative (Loyal Customer)
6.0,Phone,2,8.0,UPI,Male,3.0,3,Mobile Phone,3,Married,2,0,13.0,1.0,1.0,4.0,136.0,0,52209,0.011566471,0,0,Low Risk,5.7832355,0.0,True Negative (Loyal Customer)
6.0,Computer,1,20.0,UPI,Female,4.0,5,Mobile Phone,4,Divorced,3,0,21.0,1.0,3.0,3.0,152.43,0,53571,0.031067645,0,0,Low Risk,15.533823,0.0,True Negative (Loyal Customer)
6.0,Computer,3,11.0,Debit Card,Male,3.0,3,Laptop & Accessory,2,Divorced,7,0,13.0,1.0,1.0,2.0,199.98,0,50866,0.21305168,0,0,Low Risk,106.52584,0.0,True Negative (Loyal Customer)
12.0,Computer,3,26.0,Debit Card,Male,2.0,3,Laptop & Accessory,1,Married,3,0,18.0,1.0,2.0,2.0,141.27,0,51168,0.019920235,0,0,Low Risk,9.960117,0.0,True Negative (Loyal Customer)
18.0,Phone,1,34.0,Cash on Delivery,Female,2.0,4,Grocery,4,Single,2,0,11.0,,8.0,6.0,267.04,0,51101,0.11440584,0,0,Low Risk,57.20292,0.0,True Negative (Loyal Customer)
6.0,Phone,3,6.0,Credit Card,Male,2.0,1,Laptop & Accessory,5,Married,2,0,22.0,0.0,1.0,8.0,140.37,0,51965,0.0023058918,0,0,Low Risk,1.1529459,0.0,True Negative (Loyal Customer)
,Phone,3,28.0,E wallet,Male,2.0,3,Mobile Phone,3,Single,2,1,19.0,1.0,1.0,0.0,116.75,1,51473,0.9894041,1,1,High Risk,494.70203,50.0,True Positive (saved customer)
17.0,Computer,1,7.0,Debit Card,Female,3.0,4,Laptop & Accessory,1,Married,6,0,14.0,2.0,3.0,3.0,180.62,0,54811,0.009676155,0,0,Low Risk,4.8380775,0.0,True Negative (Loyal Customer)
4.0,Phone,1,32.0,Debit Card,Male,,3,Mobile Phone,3,Married,2,0,17.0,3.0,4.0,3.0,129.11,0,51358,0.021111883,0,0,Low Risk,10.555942,0.0,True Negative (Loyal Customer)
12.0,Phone,3,21.0,Debit Card,Male,4.0,4,Laptop & Accessory,4,Married,2,0,12.0,4.0,8.0,,224.24,0,55280,0.074757755,0,0,Low Risk,37.378876,0.0,True Negative (Loyal Customer)
4.0,Phone,1,8.0,Debit Card,Male,3.0,3,Mobile Phone,3,Married,2,0,14.0,0.0,1.0,3.0,134.77,0,51103,0.036269728,0,0,Low Risk,18.134865,0.0,True Negative (Loyal Customer)
1.0,Phone,1,32.0,Debit Card,Female,3.0,2,Mobile Phone,2,Single,3,1,13.0,2.0,2.0,2.0,154.94,0,53600,0.2213781,0,0,Low Risk,110.68905,0.0,True Negative (Loyal Customer)
4.0,Phone,3,36.0,Debit Card,Male,4.0,4,Laptop & Accessory,5,Married,10,0,20.0,2.0,2.0,4.0,166.15,0,53556,0.048955604,0,0,Low Risk,24.477802,0.0,True Negative (Loyal Customer)
0.0,Phone,3,15.0,Credit Card,Male,2.0,3,Mobile Phone,1,Single,2,0,13.0,0.0,1.0,0.0,110.81,1,51214,0.5917107,1,1,High Risk,295.85535,50.0,True Positive (saved customer)
20.0,Phone,1,21.0,Debit Card,Female,4.0,4,Mobile Phone,4,Divorced,11,1,19.0,2.0,5.0,4.0,174.63,1,52835,0.77297866,1,1,High Risk,386.48932,50.0,True Positive (saved customer)
3.0,Phone,1,14.0,Credit Card,Female,4.0,5,Mobile Phone,2,Married,8,0,15.0,2.0,2.0,4.0,150.32,0,53348,0.14770296,0,0,Low Risk,73.85148,0.0,True Negative (Loyal Customer)
19.0,Computer,3,16.0,Debit Card,Female,4.0,5,Laptop & Accessory,3,Married,3,0,14.0,5.0,5.0,13.0,180.93,0,54966,0.0051824553,0,0,Low Risk,2.5912275,0.0,True Negative (Loyal Customer)
12.0,Phone,3,10.0,Debit Card,Male,4.0,4,Fashion,3,Married,2,0,13.0,2.0,6.0,,231.08999999999997,0,54384,0.07613702,0,0,Low Risk,38.068512,0.0,True Negative (Loyal Customer)
1.0,Computer,1,12.0,Credit Card,Female,3.0,4,Mobile Phone,4,Single,2,0,18.0,1.0,2.0,3.0,149.22,1,54893,0.7070544,1,1,High Risk,353.5272,50.0,True Positive (saved customer)
6.0,Phone,3,26.0,Debit Card,Male,4.0,6,Fashion,3,Married,5,0,14.0,2.0,2.0,,221.1,0,53932,0.09721085,0,0,Low Risk,48.605423,0.0,True Negative (Loyal Customer)
1.0,Phone,3,9.0,Credit Card,Female,,3,Mobile Phone,4,Married,2,0,19.0,1.0,1.0,0.0,128.56,0,51213,0.093014896,0,0,Low Risk,46.507446,0.0,True Negative (Loyal Customer)
9.0,Phone,1,7.0,Credit Card,Male,3.0,5,Mobile Phone,3,Married,8,0,13.0,2.0,2.0,8.0,147.58,0,55001,0.027957076,0,0,Low Risk,13.9785385,0.0,True Negative (Loyal Customer)
51.0,Phone,1,7.0,Debit Card,Male,4.0,2,Laptop & Accessory,3,Divorced,2,0,25.0,2.0,3.0,9.0,174.0,0,53744,0.0020836014,0,0,Low Risk,1.0418007,0.0,True Negative (Loyal Customer)
18.0,Phone,1,11.0,Debit Card,Male,4.0,2,Others,5,Married,3,0,,3.0,15.0,14.0,316.9,0,55083,0.0016700076,0,0,Low Risk,0.8350038,0.0,True Negative (Loyal Customer)
0.0,Phone,1,8.0,Debit Card,Female,,3,Mobile Phone,5,Divorced,8,0,20.0,1.0,1.0,7.0,127.07,1,50112,0.785822,1,1,High Risk,392.91098,50.0,True Positive (saved customer)
21.0,Phone,3,8.0,E wallet,Female,2.0,3,Laptop & Accessory,2,Divorced,3,0,14.0,4.0,6.0,7.0,140.51,0,50320,0.010717817,0,0,Low Risk,5.358908,0.0,True Negative (Loyal Customer)
14.0,Phone,1,,Debit Card,Male,2.0,3,Mobile Phone,3,Divorced,10,1,12.0,1.0,2.0,7.0,124.61000000000001,1,50655,0.9129337,1,1,High Risk,456.46686,50.0,True Positive (saved customer)
5.0,Phone,1,15.0,Debit Card,Female,4.0,4,Grocery,4,Single,5,0,12.0,,2.0,1.0,289.22,0,53705,0.018595312,0,0,Low Risk,9.297656,0.0,True Negative (Loyal Customer)
1.0,Computer,1,12.0,Credit Card,Female,3.0,5,Mobile Phone,3,Divorced,3,1,15.0,1.0,2.0,8.0,148.66,1,53305,0.90396935,1,1,High Risk,451.98468,50.0,True Positive (saved customer)
17.0,Computer,1,34.0,Debit Card,Female,3.0,4,Fashion,5,Married,10,0,12.0,2.0,,2.0,233.2,0,54973,0.109115876,0,0,Low Risk,54.557938,0.0,True Negative (Loyal Customer)
1.0,Phone,1,7.0,Credit Card,Male,4.0,4,Mobile Phone,5,Single,2,0,14.0,4.0,8.0,7.0,153.67,0,54077,0.615984,1,1,High Risk,307.992,50.0,False Positive (Wasted Offer)
15.0,Computer,2,11.0,UPI,Male,3.0,6,Laptop & Accessory,4,Married,8,0,20.0,1.0,2.0,3.0,189.3,0,55389,0.03201259,0,0,Low Risk,16.006294,0.0,True Negative (Loyal Customer)
12.0,Phone,1,9.0,Credit Card,Male,4.0,4,Mobile Phone,3,Married,8,1,14.0,1.0,2.0,2.0,155.57,0,54720,0.34536758,0,0,Low Risk,172.68379,0.0,True Negative (Loyal Customer)
4.0,Phone,1,9.0,Credit Card,Female,3.0,5,Laptop & Accessory,2,Single,7,1,25.0,2.0,2.0,1.0,193.77,0,53293,0.12355882,0,0,Low Risk,61.77941,0.0,True Negative (Loyal Customer)
21.0,Phone,3,11.0,Debit Card,Female,3.0,4,Laptop & Accessory,1,Single,3,1,18.0,2.0,2.0,8.0,166.63,0,54880,0.010693112,0,0,Low Risk,5.346556,0.0,True Negative (Loyal Customer)
10.0,Computer,1,11.0,Cash on Delivery,Male,2.0,1,Mobile Phone,3,Single,1,0,14.0,0.0,1.0,3.0,135.0,0,52368,0.0257482,0,0,Low Risk,12.874101,0.0,True Negative (Loyal Customer)
2.0,Computer,1,8.0,Debit Card,Male,2.0,3,Grocery,1,Married,8,0,11.0,10.0,11.0,,221.69,1,52159,0.94881594,1,1,High Risk,474.40796,50.0,True Positive (saved customer)
12.0,Computer,2,17.0,UPI,Male,4.0,4,Laptop & Accessory,3,Married,5,0,12.0,1.0,2.0,3.0,185.77,0,55268,0.028147358,0,0,Low Risk,14.073679,0.0,True Negative (Loyal Customer)
1.0,Phone,3,16.0,Credit Card,Male,3.0,4,Mobile Phone,1,Single,3,0,14.0,1.0,2.0,1.0,135.81,1,55499,0.77234095,1,1,High Risk,386.17047,50.0,True Positive (saved customer)
13.0,Computer,3,6.0,Debit Card,Male,3.0,3,Laptop & Accessory,3,Married,8,0,12.0,1.0,1.0,1.0,167.28,1,51328,0.033912715,0,0,Low Risk,16.956358,0.0,False Negative (Missed Churner)
2.0,Computer,3,14.0,Debit Card,Male,3.0,4,Laptop & Accessory,5,Single,2,0,15.0,2.0,2.0,4.0,173.98,0,53761,0.04417558,0,0,Low Risk,22.08779,0.0,True Negative (Loyal Customer)
12.0,Phone,3,9.0,E wallet,Male,3.0,4,Fashion,4,Single,9,0,17.0,2.0,2.0,1.0,198.51,0,53502,0.041744582,0,0,Low Risk,20.872292,0.0,True Negative (Loyal Customer)
1.0,Computer,1,16.0,Credit Card,Male,3.0,4,Mobile Phone,4,Married,8,0,19.0,3.0,3.0,3.0,145.24,0,54322,0.30636728,0,0,Low Risk,153.18364,0.0,True Negative (Loyal Customer)
9.0,Computer,1,24.0,Debit Card,Male,2.0,2,Mobile Phone,2,Divorced,5,0,18.0,0.0,1.0,0.0,136.88,0,50174,0.06356407,0,0,Low Risk,31.782034,0.0,True Negative (Loyal Customer)
5.0,Computer,3,18.0,Debit Card,Male,2.0,3,Grocery,5,Single,1,1,12.0,2.0,,14.0,237.57999999999998,1,52184,0.9309012,1,1,High Risk,465.45062,50.0,True Positive (saved customer)
11.0,Computer,2,16.0,UPI,Male,3.0,3,Laptop & Accessory,3,Married,4,0,11.0,0.0,1.0,2.0,160.77,0,50983,0.012064112,0,0,Low Risk,6.0320563,0.0,True Negative (Loyal Customer)
0.0,Phone,2,31.0,Debit Card,Female,,3,Mobile Phone,3,Married,2,0,23.0,2.0,5.0,7.0,129.42,0,51480,0.4508134,0,1,Medium Risk (Actionable),225.40671,50.0,False Positive (Wasted Offer)
4.0,Phone,1,14.0,Debit Card,Male,4.0,4,Mobile Phone,5,Single,5,1,15.0,1.0,2.0,4.0,146.66,1,55332,0.91680217,1,1,High Risk,458.4011,50.0,True Positive (saved customer)
6.0,Computer,3,15.0,E wallet,Female,3.0,4,Fashion,1,Single,3,0,15.0,3.0,4.0,,214.98,0,54315,0.21762463,0,0,Low Risk,108.81232,0.0,True Negative (Loyal Customer)
0.0,Phone,1,8.0,Debit Card,Female,,3,Mobile Phone,5,Married,8,0,20.0,1.0,1.0,7.0,127.07,1,51582,0.7673821,1,1,High Risk,383.69104,50.0,True Positive (saved customer)
4.0,Phone,1,,Credit Card,Male,2.0,3,Mobile Phone,4,Single,2,0,17.0,1.0,1.0,0.0,125.00999999999999,0,51418,0.048147984,0,0,Low Risk,24.073992,0.0,True Negative (Loyal Customer)
15.0,Phone,1,12.0,Credit Card,Male,3.0,2,Mobile Phone,3,Married,4,1,13.0,1.0,2.0,4.0,146.27,0,55189,0.041294474,0,0,Low Risk,20.647238,0.0,True Negative (Loyal Customer)
9.0,Computer,1,9.0,Debit Card,Female,4.0,4,Laptop & Accessory,5,Married,4,0,12.0,2.0,2.0,1.0,175.93,0,54718,0.09241308,0,0,Low Risk,46.206543,0.0,True Negative (Loyal Customer)
10.0,Phone,1,17.0,Credit Card,Female,3.0,3,Mobile Phone,3,Single,5,0,18.0,1.0,1.0,2.0,136.29,0,52347,0.038080655,0,0,Low Risk,19.040327,0.0,True Negative (Loyal Customer)
8.0,Phone,3,9.0,Debit Card,Male,3.0,3,Fashion,2,Married,7,0,13.0,0.0,1.0,8.0,178.23,0,50580,0.07603842,0,0,Low Risk,38.01921,0.0,True Negative (Loyal Customer)
7.0,Computer,1,9.0,Debit Card,Male,,4,Mobile Phone,2,Divorced,4,0,17.0,1.0,1.0,0.0,129.79,0,50679,0.072077766,0,0,Low Risk,36.038883,0.0,True Negative (Loyal Customer)
1.0,Computer,1,16.0,Credit Card,Male,3.0,4,Mobile Phone,5,Single,4,1,12.0,1.0,2.0,1.0,156.72,1,53751,0.9894377,1,1,High Risk,494.71884,50.0,True Positive (saved customer)
0.0,Phone,3,13.0,E wallet,Male,,3,Mobile Phone,4,Single,2,0,13.0,0.0,1.0,0.0,126.78999999999999,1,52617,0.97067237,1,1,High Risk,485.33618,50.0,True Positive (saved customer)
7.0,Computer,3,23.0,Debit Card,Female,3.0,4,Laptop & Accessory,1,Married,3,1,26.0,1.0,2.0,3.0,178.68,0,53889,0.018931706,0,0,Low Risk,9.465853,0.0,True Negative (Loyal Customer)
0.0,Phone,1,13.0,Cash on Delivery,Female,2.0,3,Mobile Phone,3,Married,4,1,13.0,1.0,7.0,7.0,133.39,1,50808,0.96516424,1,1,High Risk,482.58212,50.0,True Positive (saved customer)
10.0,Phone,1,19.0,Credit Card,Female,3.0,5,Fashion,1,Single,2,0,12.0,6.0,8.0,,213.58,0,54934,0.118983135,0,0,Low Risk,59.491566,0.0,True Negative (Loyal Customer)
4.0,Phone,3,13.0,Debit Card,Male,2.0,4,Fashion,1,Married,10,0,21.0,1.0,1.0,,215.57,0,51802,0.05694395,0,0,Low Risk,28.471975,0.0,True Negative (Loyal Customer)
8.0,Phone,1,28.0,Debit Card,Male,2.0,5,Mobile Phone,3,Single,1,0,15.0,1.0,4.0,3.0,142.3,0,51776,0.029251482,0,0,Low Risk,14.625741,0.0,True Negative (Loyal Customer)
0.0,Phone,1,,Debit Card,Male,3.0,3,Mobile Phone,4,Single,2,1,23.0,1.0,1.0,0.0,124.72,1,51215,0.9910541,1,1,High Risk,495.52707,50.0,True Positive (saved customer)
7.0,Computer,1,25.0,Credit Card,Female,2.0,3,Laptop & Accessory,4,Married,5,0,13.0,0.0,5.0,10.0,144.44,0,52266,0.024973061,0,0,Low Risk,12.48653,0.0,True Negative (Loyal Customer)
0.0,Computer,1,10.0,Debit Card,Male,,4,Mobile Phone,2,Divorced,1,0,17.0,0.0,3.0,4.0,131.62,0,50516,0.12091131,0,0,Low Risk,60.455654,0.0,True Negative (Loyal Customer)
4.0,Phone,3,9.0,Cash on Delivery,Male,4.0,4,Mobile Phone,4,Divorced,3,0,19.0,2.0,2.0,1.0,149.76,0,53072,0.26371878,0,0,Low Risk,131.85939,0.0,True Negative (Loyal Customer)
8.0,Computer,1,17.0,Credit Card,Male,3.0,4,Fashion,5,Married,3,1,13.0,1.0,2.0,3.0,198.84,0,51399,0.1620854,0,0,Low Risk,81.0427,0.0,True Negative (Loyal Customer)
11.0,Phone,3,9.0,Debit Card,Male,2.0,3,Laptop & Accessory,2,Single,9,1,12.0,1.0,1.0,0.0,168.61,0,50623,0.23697452,0,0,Low Risk,118.48726,0.0,True Negative (Loyal Customer)
25.0,Phone,1,17.0,Debit Card,Female,,3,Laptop & Accessory,3,Married,9,0,20.0,1.0,1.0,4.0,131.49,0,51933,0.0022864717,0,0,Low Risk,1.1432358,0.0,True Negative (Loyal Customer)
11.0,Phone,1,12.0,Credit Card,Male,4.0,4,Laptop & Accessory,2,Married,9,0,17.0,1.0,2.0,5.0,188.47,0,53031,0.07282015,0,0,Low Risk,36.410076,0.0,True Negative (Loyal Customer)
,Computer,3,11.0,E wallet,Male,3.0,3,Mobile Phone,4,Single,2,1,14.0,1.0,1.0,0.0,118.78,1,51803,0.9918716,1,1,High Risk,495.9358,50.0,True Positive (saved customer)
17.0,Computer,2,7.0,UPI,Male,2.0,3,Laptop & Accessory,1,Married,5,1,11.0,1.0,1.0,2.0,157.43,0,52511,0.009208243,0,0,Low Risk,4.6041217,0.0,True Negative (Loyal Customer)
,Computer,1,14.0,Credit Card,Male,3.0,3,Mobile Phone,3,Single,2,0,12.0,1.0,1.0,0.0,119.03999999999999,1,52174,0.27423006,0,0,Low Risk,137.11504,0.0,False Negative (Missed Churner)
,Computer,2,16.0,Credit Card,Male,2.0,3,Mobile Phone,1,Married,1,0,14.0,0.0,2.0,1.0,121.44999999999999,0,52591,0.016433587,0,0,Low Risk,8.216794,0.0,True Negative (Loyal Customer)
15.0,Computer,1,35.0,Debit Card,Female,3.0,3,Laptop & Accessory,3,Married,3,0,11.0,1.0,1.0,2.0,145.56,0,50285,0.035917863,0,0,Low Risk,17.958931,0.0,True Negative (Loyal Customer)
1.0,Computer,2,6.0,Debit Card,Male,,3,Mobile Phone,1,Married,2,0,15.0,0.0,2.0,2.0,127.06,0,51199,0.15217891,0,0,Low Risk,76.089455,0.0,True Negative (Loyal Customer)
3.0,Phone,2,24.0,UPI,Male,3.0,5,Fashion,5,Single,3,0,14.0,1.0,2.0,10.0,204.88,0,53696,0.108402334,0,0,Low Risk,54.201168,0.0,True Negative (Loyal Customer)
4.0,Phone,1,16.0,Debit Card,Male,3.0,4,Mobile Phone,5,Single,5,0,15.0,2.0,2.0,1.0,145.18,1,55244,0.8547864,1,1,High Risk,427.3932,50.0,True Positive (saved customer)
13.0,Computer,1,16.0,Debit Card,Male,3.0,4,Others,1,Single,4,0,,1.0,2.0,4.0,319.31,0,54128,0.034075134,0,0,Low Risk,17.037567,0.0,True Negative (Loyal Customer)
3.0,Phone,3,11.0,E wallet,Female,1.0,4,Laptop & Accessory,3,Married,2,0,13.0,0.0,1.0,2.0,161.18,0,50214,0.024858952,0,0,Low Risk,12.429476,0.0,True Negative (Loyal Customer)
1.0,Phone,1,24.0,UPI,Male,4.0,5,Mobile Phone,4,Married,3,0,22.0,2.0,2.0,1.0,146.27,0,54637,0.85351175,1,1,High Risk,426.7559,50.0,False Positive (Wasted Offer)
19.0,Phone,1,6.0,Credit Card,Male,2.0,3,Others,1,Married,10,0,,1.0,2.0,2.0,296.27,0,52116,0.042112082,0,0,Low Risk,21.056042,0.0,True Negative (Loyal Customer)
27.0,Phone,1,16.0,Credit Card,Female,3.0,3,Laptop & Accessory,5,Single,7,1,19.0,0.0,1.0,4.0,144.4,0,51282,0.0024017126,0,0,Low Risk,1.2008563,0.0,True Negative (Loyal Customer)
18.0,Computer,1,24.0,Debit Card,Male,4.0,6,Mobile Phone,3,Single,4,0,14.0,2.0,2.0,1.0,147.9,0,53553,0.18229441,0,0,Low Risk,91.14721,0.0,True Negative (Loyal Customer)
26.0,Computer,1,32.0,Credit Card,Female,3.0,5,Grocery,2,Divorced,5,0,23.0,,2.0,1.0,263.26,0,53318,0.0011152995,0,0,Low Risk,0.5576498,0.0,True Negative (Loyal Customer)
1.0,Computer,1,9.0,Credit Card,Male,3.0,5,Mobile Phone,5,Single,9,0,12.0,2.0,2.0,1.0,150.61,1,55229,0.96023786,1,1,High Risk,480.11893,50.0,True Positive (saved customer)
4.0,Phone,3,19.0,Cash on Delivery,Female,3.0,4,Laptop & Accessory,3,Single,2,0,12.0,4.0,5.0,5.0,190.77,0,53093,0.030479921,0,0,Low Risk,15.239961,0.0,True Negative (Loyal Customer)
15.0,Phone,3,13.0,Debit Card,Female,4.0,4,Fashion,2,Single,5,1,19.0,1.0,2.0,1.0,260.91,0,52906,0.008738013,0,0,Low Risk,4.3690066,0.0,True Negative (Loyal Customer)
9.0,Phone,1,9.0,Cash on Delivery,Male,1.0,3,Laptop & Accessory,4,Single,5,0,12.0,2.0,7.0,7.0,144.85,0,51637,0.025663527,0,0,Low Risk,12.831763,0.0,True Negative (Loyal Customer)
7.0,Phone,3,9.0,Credit Card,Male,4.0,4,Laptop & Accessory,1,Married,3,0,15.0,2.0,2.0,5.0,180.05,0,55350,0.060220085,0,0,Low Risk,30.110043,0.0,True Negative (Loyal Customer)
23.0,Phone,3,15.0,Cash on Delivery,Male,3.0,5,Grocery,4,Married,8,0,18.0,2.0,,4.0,256.2,0,54982,0.0042634117,0,0,Low Risk,2.1317058,0.0,True Negative (Loyal Customer)
,Phone,1,6.0,Cash on Delivery,Male,2.0,3,Mobile Phone,3,Single,1,0,14.0,0.0,1.0,5.0,120.58000000000001,1,50093,0.037586085,0,0,Low Risk,18.793043,0.0,False Negative (Missed Churner)
29.0,Phone,1,9.0,Credit Card,Female,3.0,6,Others,3,Married,6,0,,5.0,10.0,12.0,316.87,0,55116,0.013342569,0,0,Low Risk,6.671284,0.0,True Negative (Loyal Customer)
1.0,Phone,1,15.0,Credit Card,Female,4.0,4,Mobile Phone,5,Married,3,1,18.0,1.0,2.0,1.0,148.98,1,55434,0.98007774,1,1,High Risk,490.03888,50.0,True Positive (saved customer)
7.0,Computer,1,21.0,Credit Card,Male,3.0,3,Grocery,5,Married,8,0,14.0,,6.0,9.0,270.07,0,52401,0.067446314,0,0,Low Risk,33.723156,0.0,True Negative (Loyal Customer)
2.0,Phone,2,15.0,Credit Card,Male,4.0,5,Mobile Phone,1,Married,3,0,14.0,2.0,2.0,5.0,174.36,0,54790,0.08380123,0,0,Low Risk,41.900616,0.0,True Negative (Loyal Customer)
1.0,Phone,1,25.0,Credit Card,Male,3.0,4,Mobile Phone,5,Married,2,0,12.0,1.0,3.0,3.0,131.96,0,52214,0.23934796,0,0,Low Risk,119.67398,0.0,True Negative (Loyal Customer)
15.0,Computer,1,15.0,Credit Card,Female,3.0,3,Mobile Phone,1,Single,2,0,13.0,0.0,5.0,8.0,136.73,0,52396,0.04066017,0,0,Low Risk,20.330084,0.0,True Negative (Loyal Customer)
9.0,Phone,1,12.0,Cash on Delivery,Male,4.0,4,Fashion,4,Single,2,0,14.0,1.0,2.0,14.0,205.95,0,53035,0.020886064,0,0,Low Risk,10.443031,0.0,True Negative (Loyal Customer)
30.0,Phone,3,6.0,Cash on Delivery,Male,3.0,3,Fashion,2,Divorced,4,1,14.0,0.0,1.0,,219.04000000000002,0,50634,0.0054344092,0,0,Low Risk,2.7172046,0.0,True Negative (Loyal Customer)
21.0,Computer,3,11.0,Credit Card,Male,3.0,4,Laptop & Accessory,3,Single,5,0,20.0,1.0,2.0,1.0,154.76,0,53038,0.11269002,0,0,Low Risk,56.34501,0.0,True Negative (Loyal Customer)
7.0,Phone,1,32.0,Debit Card,Male,3.0,5,Laptop & Accessory,4,Single,3,0,14.0,1.0,2.0,3.0,168.2,0,53782,0.062237557,0,0,Low Risk,31.118778,0.0,True Negative (Loyal Customer)
19.0,Phone,3,16.0,E wallet,Male,4.0,4,Fashion,5,Married,6,1,13.0,2.0,,3.0,232.61,0,53316,0.76527745,1,1,High Risk,382.63873,50.0,False Positive (Wasted Offer)
2.0,Phone,1,,Debit Card,Male,3.0,1,Mobile Phone,3,Married,7,0,18.0,0.0,1.0,0.0,124.50999999999999,0,52450,0.12640008,0,0,Low Risk,63.200043,0.0,True Negative (Loyal Customer)
22.0,Phone,1,22.0,UPI,Female,4.0,4,Mobile Phone,5,Married,10,0,13.0,8.0,8.0,7.0,148.67,0,53805,0.0070301923,0,0,Low Risk,3.5150962,0.0,True Negative (Loyal Customer)
2.0,Computer,1,9.0,Debit Card,Male,3.0,5,Mobile Phone,1,Married,3,1,13.0,1.0,3.0,3.0,163.67,0,55090,0.053414527,0,0,Low Risk,26.707264,0.0,True Negative (Loyal Customer)
,Phone,1,6.0,Debit Card,Male,2.0,3,Mobile Phone,3,Divorced,2,0,22.0,0.0,1.0,1.0,112.22999999999999,0,50786,0.03462915,0,0,Low Risk,17.314575,0.0,True Negative (Loyal Customer)
,Phone,2,9.0,UPI,Male,2.0,3,Mobile Phone,4,Married,4,1,11.0,0.0,1.0,3.0,122.77000000000001,0,52001,0.29181138,0,0,Low Risk,145.90569,0.0,True Negative (Loyal Customer)
8.0,Phone,2,10.0,UPI,Male,3.0,4,Mobile Phone,2,Divorced,2,0,20.0,2.0,2.0,3.0,162.37,0,53304,0.0064347633,0,0,Low Risk,3.2173817,0.0,True Negative (Loyal Customer)
1.0,Phone,1,25.0,Credit Card,Male,3.0,4,Mobile Phone,5,Divorced,2,0,12.0,1.0,3.0,3.0,131.96,0,50744,0.36785725,0,0,Low Risk,183.92862,0.0,True Negative (Loyal Customer)
1.0,Phone,1,9.0,Debit Card,Male,4.0,4,Mobile Phone,3,Single,4,0,12.0,1.0,2.0,1.0,159.85,1,54425,0.83707315,1,1,High Risk,418.53656,50.0,True Positive (saved customer)
,Computer,1,10.0,Cash on Delivery,Male,2.0,3,Mobile Phone,2,Single,19,1,23.0,1.0,1.0,0.0,122.85,1,50261,0.9819573,1,1,High Risk,490.97867,50.0,True Positive (saved customer)
12.0,Computer,1,13.0,Credit Card,Male,2.0,4,Others,1,Married,2,0,,6.0,13.0,3.0,292.72,0,51672,0.059632704,0,0,Low Risk,29.81635,0.0,True Negative (Loyal Customer)
1.0,Phone,2,25.0,UPI,Male,3.0,2,Mobile Phone,5,Married,2,0,18.0,2.0,2.0,1.0,154.56,1,55473,0.9475348,1,1,High Risk,473.7674,50.0,True Positive (saved customer)
23.0,Phone,1,10.0,Debit Card,Male,3.0,3,Others,4,Married,4,0,14.0,,1.0,6.0,291.44,0,50155,0.001155466,0,0,Low Risk,0.577733,0.0,True Negative (Loyal Customer)
1.0,Phone,1,11.0,Credit Card,Male,3.0,2,Mobile Phone,5,Married,4,0,17.0,1.0,2.0,3.0,153.19,0,54677,0.036825668,0,0,Low Risk,18.412834,0.0,True Negative (Loyal Customer)
26.0,Phone,1,30.0,Credit Card,Male,2.0,1,Fashion,1,Married,4,0,15.0,0.0,1.0,2.0,170.05,0,51079,0.0034580557,0,0,Low Risk,1.7290279,0.0,True Negative (Loyal Customer)
8.0,Phone,1,15.0,Debit Card,Female,3.0,4,Fashion,3,Married,2,1,20.0,3.0,5.0,15.0,206.85000000000002,0,51981,0.014728995,0,0,Low Risk,7.3644977,0.0,True Negative (Loyal Customer)
14.0,Phone,3,11.0,E wallet,Male,4.0,5,Fashion,1,Married,9,0,12.0,2.0,,12.0,233.55,0,54319,0.12239154,0,0,Low Risk,61.19577,0.0,True Negative (Loyal Customer)
31.0,Phone,1,9.0,Debit Card,Female,4.0,5,Grocery,1,Single,5,1,14.0,,5.0,4.0,262.26,0,54904,0.0013360331,0,0,Low Risk,0.66801655,0.0,True Negative (Loyal Customer)
15.0,Phone,3,11.0,E wallet,Female,3.0,4,Fashion,3,Married,2,1,14.0,6.0,14.0,,229.47,0,55456,0.08536025,0,0,Low Risk,42.680126,0.0,True Negative (Loyal Customer)
6.0,Phone,3,14.0,E wallet,Male,2.0,3,Laptop & Accessory,3,Married,1,0,12.0,0.0,1.0,2.0,171.04,0,51845,0.0146974875,0,0,Low Risk,7.348744,0.0,True Negative (Loyal Customer)
24.0,Phone,1,9.0,Credit Card,Male,4.0,4,Others,3,Married,4,1,,5.0,8.0,8.0,317.37,0,54927,0.001995609,0,0,Low Risk,0.99780446,0.0,True Negative (Loyal Customer)
9.0,Phone,1,,Debit Card,Female,3.0,3,Mobile Phone,3,Married,5,0,13.0,2.0,2.0,2.0,125.43,0,51723,0.060255427,0,0,Low Risk,30.127714,0.0,True Negative (Loyal Customer)
2.0,Phone,1,8.0,Cash on Delivery,Male,3.0,4,Mobile Phone,5,Single,4,0,12.0,2.0,2.0,3.0,145.8,0,55094,0.15946342,0,0,Low Risk,79.73171,0.0,True Negative (Loyal Customer)
29.0,Phone,1,9.0,Credit Card,Male,3.0,5,Others,5,Married,10,0,,1.0,2.0,1.0,315.38,0,53955,0.0021614702,0,0,Low Risk,1.0807351,0.0,True Negative (Loyal Customer)
0.0,Computer,1,,Credit Card,Male,3.0,4,Mobile Phone,3,Married,2,1,15.0,0.0,1.0,1.0,125.66,0,51510,0.82990134,1,1,High Risk,414.95068,50.0,False Positive (Wasted Offer)
21.0,Phone,1,9.0,Debit Card,Male,3.0,4,Others,4,Single,9,1,,8.0,14.0,9.0,317.46,1,54756,0.42217723,0,0,Low Risk,211.08861,0.0,False Negative (Missed Churner)
12.0,Phone,1,8.0,Cash on Delivery,Female,3.0,4,Laptop & Accessory,3,Single,2,0,11.0,2.0,11.0,10.0,145.53,0,50402,0.005887216,0,0,Low Risk,2.943608,0.0,True Negative (Loyal Customer)
5.0,Phone,3,10.0,Debit Card,Female,2.0,3,Mobile Phone,4,Divorced,3,0,11.0,1.0,1.0,2.0,139.31,0,50114,0.031525735,0,0,Low Risk,15.762867,0.0,True Negative (Loyal Customer)
31.0,Computer,3,9.0,Credit Card,Male,3.0,4,Grocery,4,Married,6,0,23.0,,15.0,15.0,287.91,0,55462,0.0070635844,0,0,Low Risk,3.5317922,0.0,True Negative (Loyal Customer)
2.0,Phone,3,16.0,Credit Card,Male,2.0,4,Laptop & Accessory,3,Single,10,0,11.0,1.0,1.0,4.0,158.69,0,51048,0.09978498,0,0,Low Risk,49.89249,0.0,True Negative (Loyal Customer)
0.0,Phone,3,21.0,Credit Card,Male,2.0,5,Laptop & Accessory,1,Married,7,1,14.0,1.0,2.0,2.0,154.4,1,51043,0.9807342,1,1,High Risk,490.36713,50.0,True Positive (saved customer)
0.0,Phone,3,33.0,Debit Card,Male,2.0,3,Laptop & Accessory,1,Single,2,1,18.0,0.0,7.0,7.0,158.13,1,51157,0.9837578,1,1,High Risk,491.8789,50.0,True Positive (saved customer)
29.0,Phone,2,33.0,UPI,Male,4.0,2,Others,4,Married,6,1,,2.0,2.0,5.0,321.36,0,54092,0.0019645856,0,0,Low Risk,0.98229283,0.0,True Negative (Loyal Customer)
3.0,Computer,1,15.0,Credit Card,Male,,3,Laptop & Accessory,5,Married,2,0,11.0,5.0,6.0,10.0,130.72,0,51519,0.023558758,0,0,Low Risk,11.779379,0.0,True Negative (Loyal Customer)
12.0,Phone,1,9.0,Credit Card,Male,,4,Laptop & Accessory,3,Married,1,0,15.0,0.0,1.0,7.0,130.69,0,52501,0.0132357,0,0,Low Risk,6.6178503,0.0,True Negative (Loyal Customer)
9.0,Computer,1,11.0,UPI,Male,3.0,5,Mobile Phone,1,Married,3,0,14.0,2.0,3.0,3.0,148.76,0,55009,0.037812367,0,0,Low Risk,18.906183,0.0,True Negative (Loyal Customer)
17.0,Phone,1,13.0,Credit Card,Female,3.0,5,Others,3,Married,9,0,,4.0,7.0,15.0,318.92,0,54021,0.11000288,0,0,Low Risk,55.001442,0.0,True Negative (Loyal Customer)
1.0,Phone,1,9.0,UPI,Male,3.0,4,Mobile Phone,3,Married,8,1,20.0,1.0,2.0,3.0,164.77,0,54104,0.338535,0,0,Low Risk,169.2675,0.0,True Negative (Loyal Customer)
10.0,Computer,1,10.0,Cash on Delivery,Male,3.0,4,Mobile Phone,4,Married,3,0,13.0,1.0,2.0,8.0,161.92,0,55061,0.023202198,0,0,Low Risk,11.601099,0.0,True Negative (Loyal Customer)
3.0,Phone,1,22.0,Debit Card,Male,2.0,1,Laptop & Accessory,3,Married,4,0,16.0,1.0,1.0,7.0,152.94,0,52605,0.00530479,0,0,Low Risk,2.652395,0.0,True Negative (Loyal Customer)
19.0,Phone,1,13.0,Credit Card,Male,3.0,3,Fashion,3,Married,7,0,13.0,1.0,1.0,7.0,208.45,0,52069,0.03151294,0,0,Low Risk,15.756469,0.0,True Negative (Loyal Customer)
10.0,Phone,1,16.0,Debit Card,Male,2.0,3,Laptop & Accessory,4,Single,3,1,12.0,0.0,1.0,1.0,141.97,0,50265,0.085033685,0,0,Low Risk,42.51684,0.0,True Negative (Loyal Customer)
13.0,Phone,1,13.0,Credit Card,Male,3.0,5,Fashion,5,Married,6,0,16.0,2.0,2.0,,224.91,0,54157,0.091509454,0,0,Low Risk,45.754726,0.0,True Negative (Loyal Customer)
4.0,Phone,1,23.0,Debit Card,Male,3.0,2,Laptop & Accessory,3,Married,5,0,17.0,2.0,2.0,8.0,177.94,0,55420,0.0066697747,0,0,Low Risk,3.3348873,0.0,True Negative (Loyal Customer)
30.0,Computer,3,8.0,Credit Card,Male,2.0,3,Grocery,4,Married,5,0,22.0,,14.0,14.0,262.91,0,52647,0.0058277617,0,0,Low Risk,2.9138808,0.0,True Negative (Loyal Customer)
,Phone,2,26.0,Credit Card,Female,3.0,3,Mobile Phone,4,Married,1,1,11.0,0.0,1.0,4.0,121.47999999999999,1,51173,0.908514,1,1,High Risk,454.25702,50.0,True Positive (saved customer)
10.0,Phone,1,9.0,Debit Card,Female,4.0,4,Mobile Phone,3,Married,6,0,14.0,3.0,3.0,3.0,150.43,0,54538,0.08398843,0,0,Low Risk,41.994213,0.0,True Negative (Loyal Customer)
12.0,Phone,3,16.0,E wallet,Male,4.0,5,Mobile Phone,4,Married,2,0,20.0,1.0,2.0,3.0,153.99,0,54803,0.042330205,0,0,Low Risk,21.165102,0.0,True Negative (Loyal Customer)
18.0,Phone,1,6.0,UPI,Male,3.0,1,Others,1,Married,1,0,,1.0,1.0,7.0,292.02,0,51590,0.013689555,0,0,Low Risk,6.8447776,0.0,True Negative (Loyal Customer)
5.0,Phone,1,9.0,Debit Card,Male,4.0,4,Mobile Phone,3,Married,3,0,15.0,1.0,2.0,4.0,159.77,0,53918,0.018663537,0,0,Low Risk,9.331768,0.0,True Negative (Loyal Customer)
19.0,Phone,3,10.0,E wallet,Female,2.0,4,Others,4,Divorced,3,0,14.0,,1.0,8.0,287.89,0,50792,0.027567081,0,0,Low Risk,13.783541,0.0,True Negative (Loyal Customer)
3.0,Phone,1,15.0,Credit Card,Male,4.0,5,Laptop & Accessory,1,Married,3,1,16.0,2.0,2.0,3.0,175.56,0,54986,0.017199932,0,0,Low Risk,8.599966,0.0,True Negative (Loyal Customer)
16.0,Phone,1,17.0,Debit Card,Male,1.0,3,Fashion,3,Married,2,0,17.0,1.0,1.0,9.0,175.1,0,52745,0.03691655,0,0,Low Risk,18.458275,0.0,True Negative (Loyal Customer)
9.0,Phone,1,7.0,Cash on Delivery,Female,3.0,5,Fashion,5,Married,3,1,21.0,7.0,7.0,7.0,202.52,0,52228,0.033107784,0,0,Low Risk,16.553892,0.0,True Negative (Loyal Customer)
11.0,Phone,1,8.0,Debit Card,Male,2.0,3,Laptop & Accessory,3,Married,10,0,14.0,1.0,1.0,0.0,165.53,0,51544,0.014502967,0,0,Low Risk,7.2514834,0.0,True Negative (Loyal Customer)
9.0,Computer,1,12.0,Debit Card,Male,3.0,1,Laptop & Accessory,5,Married,4,1,13.0,0.0,1.0,2.0,155.62,0,52474,0.04558475,0,0,Low Risk,22.792376,0.0,True Negative (Loyal Customer)
8.0,Phone,3,10.0,Credit Card,Female,4.0,5,Laptop & Accessory,1,Married,5,1,13.0,1.0,2.0,2.0,206.03,0,55520,0.093214914,0,0,Low Risk,46.607456,0.0,True Negative (Loyal Customer)
4.0,Phone,1,13.0,Credit Card,Female,2.0,3,Fashion,2,Single,2,1,14.0,2.0,4.0,10.0,171.43,0,50218,0.0036472655,0,0,Low Risk,1.8236327,0.0,True Negative (Loyal Customer)
,Computer,3,6.0,Debit Card,Female,2.0,5,Mobile Phone,3,Single,2,0,12.0,1.0,1.0,0.0,113.59,1,50888,0.9237861,1,1,High Risk,461.89307,50.0,True Positive (saved customer)
9.0,Computer,3,16.0,Credit Card,Male,2.0,3,Fashion,2,Single,2,0,14.0,1.0,9.0,7.0,199.8,0,50318,0.31086698,0,0,Low Risk,155.43349,0.0,True Negative (Loyal Customer)
22.0,Phone,1,13.0,Debit Card,Male,4.0,5,Laptop & Accessory,3,Single,4,0,14.0,1.0,3.0,3.0,167.4,0,53426,0.0016532337,0,0,Low Risk,0.8266168,0.0,True Negative (Loyal Customer)
1.0,Phone,1,16.0,Credit Card,Male,4.0,2,Mobile Phone,3,Married,3,0,17.0,1.0,2.0,5.0,169.01,0,53908,0.0266749,0,0,Low Risk,13.33745,0.0,True Negative (Loyal Customer)
1.0,Computer,1,35.0,Debit Card,Male,4.0,5,Laptop & Accessory,5,Single,5,0,21.0,1.0,2.0,4.0,167.84,1,53697,0.9632612,1,1,High Risk,481.63058,50.0,True Positive (saved customer)
0.0,Phone,3,13.0,Debit Card,Male,2.0,4,Fashion,2,Married,10,0,21.0,1.0,1.0,,215.57,0,50332,0.19029832,0,0,Low Risk,95.14916,0.0,True Negative (Loyal Customer)
8.0,Phone,3,7.0,E wallet,Male,3.0,4,Fashion,1,Single,3,0,22.0,2.0,3.0,,223.88,0,54075,0.08951958,0,0,Low Risk,44.759792,0.0,True Negative (Loyal Customer)
8.0,Phone,2,14.0,Cash on Delivery,Male,3.0,3,Mobile Phone,3,Single,2,0,17.0,0.0,1.0,4.0,143.23,0,52181,0.11076309,0,0,Low Risk,55.381542,0.0,True Negative (Loyal Customer)
4.0,Phone,1,18.0,Cash on Delivery,Female,2.0,3,Others,3,Divorced,2,0,,9.0,15.0,8.0,295.45,1,50011,0.7966397,1,1,High Risk,398.31985,50.0,True Positive (saved customer)
16.0,Phone,3,22.0,E wallet,Female,3.0,3,Grocery,1,Married,6,1,22.0,0.0,,9.0,260.64,0,51581,0.16869785,0,0,Low Risk,84.34892,0.0,True Negative (Loyal Customer)
4.0,Phone,3,8.0,Debit Card,Male,3.0,3,Laptop & Accessory,2,Single,5,1,13.0,1.0,1.0,5.0,165.82,0,50326,0.30186734,0,0,Low Risk,150.93367,0.0,True Negative (Loyal Customer)
14.0,Computer,1,8.0,UPI,Female,3.0,4,Laptop & Accessory,3,Single,3,1,17.0,0.0,1.0,7.0,168.11,0,51805,0.024922848,0,0,Low Risk,12.461424,0.0,True Negative (Loyal Customer)
1.0,Phone,1,24.0,Credit Card,Female,3.0,5,Laptop & Accessory,3,Married,3,0,16.0,3.0,4.0,3.0,168.77,0,53415,0.21040356,0,0,Low Risk,105.20178,0.0,True Negative (Loyal Customer)
1.0,Phone,1,11.0,Cash on Delivery,Male,3.0,4,Mobile Phone,2,Divorced,3,1,16.0,6.0,6.0,7.0,161.91,1,53487,0.91520643,1,1,High Risk,457.6032,50.0,True Positive (saved customer)
5.0,Computer,3,9.0,UPI,Male,3.0,4,Laptop & Accessory,5,Single,9,0,14.0,1.0,2.0,4.0,178.32,0,53835,0.17314897,0,0,Low Risk,86.574486,0.0,True Negative (Loyal Customer)
15.0,Phone,1,8.0,Debit Card,Male,2.0,3,Others,3,Married,6,0,11.0,,4.0,14.0,288.8,0,52789,0.020849304,0,0,Low Risk,10.424652,0.0,True Negative (Loyal Customer)
10.0,Phone,1,12.0,Credit Card,Male,2.0,1,Laptop & Accessory,5,Married,5,1,13.0,6.0,6.0,7.0,159.74,0,51699,0.005634634,0,0,Low Risk,2.817317,0.0,True Negative (Loyal Customer)
8.0,Computer,1,10.0,Debit Card,Male,2.0,3,Laptop & Accessory,3,Single,2,1,11.0,1.0,1.0,1.0,142.49,0,52307,0.20126331,0,0,Low Risk,100.63165,0.0,True Negative (Loyal Customer)
1.0,Phone,1,7.0,Debit Card,Male,3.0,4,Mobile Phone,3,Divorced,3,0,23.0,1.0,2.0,2.0,137.23,0,53601,0.23065665,0,0,Low Risk,115.32832,0.0,True Negative (Loyal Customer)
10.0,Computer,3,15.0,Cash on Delivery,Male,3.0,4,Laptop & Accessory,2,Married,6,0,14.0,2.0,2.0,8.0,175.79,0,53399,0.18545759,0,0,Low Risk,92.72879,0.0,True Negative (Loyal Customer)
15.0,Phone,1,19.0,Debit Card,Male,3.0,4,Mobile Phone,2,Divorced,5,1,12.0,2.0,2.0,1.0,172.66,0,53521,0.025385141,0,0,Low Risk,12.692571,0.0,True Negative (Loyal Customer)
17.0,Phone,1,9.0,Cash on Delivery,Female,4.0,5,Fashion,1,Married,2,0,17.0,1.0,2.0,,226.69,1,55272,0.54856694,1,1,High Risk,274.28348,50.0,True Positive (saved customer)
3.0,Phone,1,35.0,Debit Card,Female,4.0,4,Mobile Phone,1,Married,6,0,23.0,2.0,2.0,8.0,150.14,0,54969,0.032479145,0,0,Low Risk,16.239573,0.0,True Negative (Loyal Customer)
1.0,Phone,3,10.0,UPI,Female,3.0,4,Laptop & Accessory,3,Married,2,0,22.0,1.0,2.0,3.0,174.99,0,54257,0.14021426,0,0,Low Risk,70.10713,0.0,True Negative (Loyal Customer)
5.0,Phone,1,8.0,Credit Card,Male,2.0,3,Laptop & Accessory,4,Married,1,0,13.0,0.0,1.0,6.0,154.7,0,51066,0.013311137,0,0,Low Risk,6.6555686,0.0,True Negative (Loyal Customer)
8.0,Phone,3,10.0,Debit Card,Female,3.0,6,Laptop & Accessory,1,Single,7,0,13.0,2.0,3.0,3.0,185.29,0,53961,0.49540806,0,1,Medium Risk (Actionable),247.70403,50.0,False Positive (Wasted Offer)
9.0,Phone,3,10.0,Debit Card,Male,4.0,4,Fashion,2,Married,8,0,14.0,1.0,2.0,9.0,203.23,0,53395,0.26108667,0,0,Low Risk,130.54333,0.0,True Negative (Loyal Customer)
9.0,Computer,1,10.0,Debit Card,Female,3.0,3,Laptop & Accessory,4,Married,8,0,13.0,1.0,1.0,2.0,151.31,0,51316,0.025877224,0,0,Low Risk,12.938612,0.0,True Negative (Loyal Customer)
1.0,Phone,1,15.0,Debit Card,Female,3.0,5,Mobile Phone,4,Single,3,0,13.0,1.0,2.0,1.0,137.61,1,55177,0.8765605,1,1,High Risk,438.28024,50.0,True Positive (saved customer)
7.0,Phone,1,8.0,Debit Card,Male,,4,Mobile Phone,3,Married,4,0,12.0,5.0,5.0,7.0,127.68,0,50308,0.014517264,0,0,Low Risk,7.258632,0.0,True Negative (Loyal Customer)
0.0,Phone,3,10.0,E wallet,Male,2.0,4,Laptop & Accessory,5,Married,2,0,12.0,1.0,1.0,3.0,142.56,0,51984,0.5841235,1,1,High Risk,292.06174,50.0,False Positive (Wasted Offer)
12.0,Phone,2,9.0,UPI,Female,2.0,1,Laptop & Accessory,4,Married,10,0,15.0,0.0,3.0,6.0,163.89,0,51897,0.0025519633,0,0,Low Risk,1.2759817,0.0,True Negative (Loyal Customer)
,Phone,1,13.0,Debit Card,Male,2.0,3,Mobile Phone,5,Single,4,0,14.0,0.0,1.0,2.0,120.62,0,51219,0.55854124,1,1,High Risk,279.27063,50.0,False Positive (Wasted Offer)
12.0,Phone,1,9.0,Debit Card,Male,3.0,4,Mobile Phone,1,Single,7,1,12.0,1.0,2.0,3.0,164.44,0,54180,0.055913623,0,0,Low Risk,27.956812,0.0,True Negative (Loyal Customer)
13.0,Phone,3,15.0,Credit Card,Male,2.0,3,Laptop & Accessory,5,Married,1,0,12.0,7.0,7.0,1.0,154.73,0,52440,0.028408395,0,0,Low Risk,14.204198,0.0,True Negative (Loyal Customer)
7.0,Computer,1,9.0,Debit Card,Male,,4,Mobile Phone,1,Married,4,0,17.0,0.0,1.0,0.0,129.79,0,52149,0.078518935,0,0,Low Risk,39.259468,0.0,True Negative (Loyal Customer)
8.0,Phone,3,10.0,Debit Card,Female,3.0,6,Laptop & Accessory,1,Single,7,0,13.0,3.0,3.0,3.0,185.29,0,55431,0.4858036,0,1,Medium Risk (Actionable),242.9018,50.0,False Positive (Wasted Offer)
0.0,Computer,1,32.0,UPI,Female,,4,Mobile Phone,3,Married,2,1,14.0,1.0,1.0,3.0,128.14,0,52483,0.45031005,0,1,Medium Risk (Actionable),225.15503,50.0,False Positive (Wasted Offer)
7.0,Phone,3,14.0,Cash on Delivery,Male,3.0,1,Laptop & Accessory,3,Married,2,0,21.0,2.0,4.0,8.0,167.99,0,52646,0.0058080363,0,0,Low Risk,2.9040182,0.0,True Negative (Loyal Customer)
15.0,Phone,1,11.0,Debit Card,Male,3.0,4,Mobile Phone,3,Married,11,1,13.0,1.0,3.0,8.0,149.61,1,54940,0.9114137,1,1,High Risk,455.70688,50.0,True Positive (saved customer)
4.0,Phone,3,26.0,E wallet,Female,,3,Mobile Phone,4,Single,2,1,22.0,0.0,1.0,2.0,131.4,1,51528,0.82335615,1,1,High Risk,411.67807,50.0,True Positive (saved customer)
12.0,Phone,1,24.0,Debit Card,Female,4.0,5,Fashion,3,Divorced,2,0,19.0,1.0,2.0,,213.23,0,53475,0.08734938,0,0,Low Risk,43.67469,0.0,True Negative (Loyal Customer)
17.0,Phone,3,6.0,E wallet,Female,3.0,3,Laptop & Accessory,5,Married,6,1,21.0,1.0,1.0,3.0,154.54,0,51398,0.115483366,0,0,Low Risk,57.741684,0.0,True Negative (Loyal Customer)
8.0,Phone,1,8.0,Debit Card,Male,2.0,4,Fashion,4,Married,3,0,18.0,2.0,6.0,4.0,202.74,0,52192,0.03247352,0,0,Low Risk,16.23676,0.0,True Negative (Loyal Customer)
25.0,Phone,1,7.0,Debit Card,Male,4.0,4,Mobile Phone,2,Divorced,3,0,12.0,2.0,2.0,1.0,152.23,0,52949,0.0016976002,0,0,Low Risk,0.8488001,0.0,True Negative (Loyal Customer)
2.0,Phone,3,,Debit Card,Male,2.0,3,Mobile Phone,3,Single,2,0,11.0,0.0,1.0,0.0,126.41999999999999,0,50422,0.15576091,0,0,Low Risk,77.880455,0.0,True Negative (Loyal Customer)
30.0,Computer,3,34.0,E wallet,Female,3.0,4,Fashion,5,Married,5,0,19.0,3.0,13.0,11.0,202.66,0,51773,0.008437349,0,0,Low Risk,4.2186747,0.0,True Negative (Loyal Customer)
1.0,Phone,1,31.0,Credit Card,Male,3.0,4,Mobile Phone,4,Single,10,0,23.0,2.0,2.0,3.0,160.97,0,53532,0.09603926,0,0,Low Risk,48.01963,0.0,True Negative (Loyal Customer)
6.0,Phone,1,9.0,Credit Card,Female,4.0,4,Mobile Phone,4,Married,3,0,14.0,1.0,2.0,8.0,148.7,0,54512,0.058789164,0,0,Low Risk,29.394583,0.0,True Negative (Loyal Customer)
,Phone,1,12.0,Credit Card,Female,3.0,4,Mobile Phone,3,Married,1,0,12.0,0.0,1.0,3.0,121.87,0,51831,0.062372044,0,0,Low Risk,31.186022,0.0,True Negative (Loyal Customer)
3.0,Phone,3,33.0,E wallet,Male,2.0,3,Laptop & Accessory,2,Married,8,0,23.0,4.0,7.0,7.0,153.04,0,50421,0.08124646,0,0,Low Risk,40.62323,0.0,True Negative (Loyal Customer)
0.0,Phone,1,8.0,Credit Card,Male,2.0,5,Mobile Phone,2,Divorced,6,1,13.0,2.0,2.0,2.0,134.64,1,50199,0.9758985,1,1,High Risk,487.94925,50.0,True Positive (saved customer)
11.0,Phone,1,21.0,Debit Card,Female,4.0,4,Mobile Phone,5,Married,3,0,13.0,11.0,13.0,18.0,155.34,0,54547,0.010860822,0,0,Low Risk,5.430411,0.0,True Negative (Loyal Customer)
0.0,Computer,1,22.0,Credit Card,Male,,1,Mobile Phone,1,Married,2,1,13.0,0.0,1.0,0.0,129.35,0,51363,0.16811715,0,0,Low Risk,84.05858,0.0,True Negative (Loyal Customer)
25.0,Computer,3,126.0,Debit Card,Male,2.0,3,Mobile Phone,1,Married,3,0,15.0,1.0,1.0,0.0,134.82,0,51310,0.016640397,0,0,Low Risk,8.320198,0.0,True Negative (Loyal Customer)
28.0,Phone,1,6.0,Credit Card,Male,2.0,1,Grocery,2,Married,3,0,13.0,1.0,,0.0,247.32,0,50886,0.0015248234,0,0,Low Risk,0.7624117,0.0,True Negative (Loyal Customer)
4.0,Computer,3,8.0,UPI,Male,2.0,3,Laptop & Accessory,5,Single,8,0,13.0,1.0,1.0,3.0,153.32,0,52490,0.0450463,0,0,Low Risk,22.52315,0.0,True Negative (Loyal Customer)
30.0,Phone,3,13.0,E wallet,Male,2.0,1,Laptop & Accessory,1,Married,1,1,18.0,0.0,1.0,9.0,152.2,0,52225,0.0018625488,0,0,Low Risk,0.93127435,0.0,True Negative (Loyal Customer)
9.0,Phone,1,17.0,UPI,Male,3.0,4,Mobile Phone,1,Married,3,0,21.0,1.0,2.0,3.0,164.17,0,54901,0.008153051,0,0,Low Risk,4.0765257,0.0,True Negative (Loyal Customer)
0.0,Phone,1,,Credit Card,Male,2.0,3,Mobile Phone,5,Married,2,0,14.0,1.0,1.0,2.0,125.0,0,51896,0.274284,0,0,Low Risk,137.142,0.0,True Negative (Loyal Customer)
8.0,Phone,1,22.0,Credit Card,Female,4.0,4,Fashion,2,Divorced,3,0,12.0,1.0,2.0,6.0,204.78,1,53619,0.5717837,1,1,High Risk,285.89185,50.0,True Positive (saved customer)
7.0,Phone,3,17.0,E wallet,Male,3.0,4,Laptop & Accessory,3,Single,3,0,15.0,1.0,2.0,10.0,179.87,0,54054,0.047979716,0,0,Low Risk,23.989859,0.0,True Negative (Loyal Customer)
1.0,Phone,1,9.0,Debit Card,Female,3.0,4,Mobile Phone,5,Married,3,0,14.0,2.0,2.0,1.0,148.41,0,54202,0.77577263,1,1,High Risk,387.88632,50.0,False Positive (Wasted Offer)
9.0,Computer,3,14.0,Cash on Delivery,Male,2.0,3,Laptop & Accessory,2,Married,5,0,13.0,1.0,1.0,7.0,150.79,0,50584,0.043725513,0,0,Low Risk,21.862757,0.0,True Negative (Loyal Customer)
7.0,Computer,1,16.0,Credit Card,Male,2.0,3,Mobile Phone,3,Married,2,1,17.0,2.0,2.0,0.0,138.15,0,51548,0.2320507,0,0,Low Risk,116.02535,0.0,True Negative (Loyal Customer)
14.0,Phone,1,19.0,Debit Card,Female,3.0,4,Laptop & Accessory,5,Married,4,0,13.0,8.0,8.0,8.0,169.48,0,53995,0.030301195,0,0,Low Risk,15.150598,0.0,True Negative (Loyal Customer)
7.0,Phone,3,6.0,E wallet,Male,2.0,3,Fashion,1,Single,2,0,21.0,1.0,2.0,1.0,198.88,0,51260,0.03624529,0,0,Low Risk,18.122644,0.0,True Negative (Loyal Customer)
27.0,Phone,3,9.0,E wallet,Female,2.0,3,Laptop & Accessory,5,Married,3,0,14.0,1.0,1.0,5.0,159.4,0,51565,0.004281468,0,0,Low Risk,2.1407342,0.0,True Negative (Loyal Customer)
26.0,Phone,1,15.0,UPI,Female,3.0,4,Mobile Phone,5,Married,11,0,14.0,2.0,2.0,5.0,154.5,0,55161,0.001161202,0,0,Low Risk,0.580601,0.0,True Negative (Loyal Customer)
1.0,Phone,1,30.0,Credit Card,Male,3.0,3,Mobile Phone,2,Divorced,3,1,12.0,1.0,2.0,5.0,152.25,0,53165,0.69887197,1,1,High Risk,349.43597,50.0,False Positive (Wasted Offer)
1.0,Phone,1,11.0,Cash on Delivery,Male,3.0,4,Mobile Phone,1,Married,3,1,16.0,5.0,6.0,7.0,161.91,1,54957,0.90113866,1,1,High Risk,450.56934,50.0,True Positive (saved customer)
12.0,Phone,1,9.0,Credit Card,Male,4.0,4,Mobile Phone,3,Divorced,8,1,14.0,1.0,2.0,2.0,155.57,0,53250,0.36522242,0,0,Low Risk,182.6112,0.0,True Negative (Loyal Customer)
25.0,Computer,3,9.0,E wallet,Male,3.0,4,Fashion,4,Divorced,4,0,12.0,1.0,4.0,,230.96,0,53678,0.002082404,0,0,Low Risk,1.041202,0.0,True Negative (Loyal Customer)
7.0,Phone,1,20.0,Debit Card,Female,3.0,4,Mobile Phone,1,Single,5,0,19.0,2.0,2.0,3.0,159.52,0,54873,0.020778434,0,0,Low Risk,10.389217,0.0,True Negative (Loyal Customer)
13.0,Phone,1,10.0,Credit Card,Male,4.0,5,Laptop & Accessory,3,Married,2,0,16.0,1.0,2.0,8.0,155.69,0,55316,0.013667251,0,0,Low Risk,6.8336253,0.0,True Negative (Loyal Customer)
5.0,Computer,1,7.0,Credit Card,Male,3.0,6,Laptop & Accessory,3,Married,2,0,13.0,1.0,2.0,5.0,168.45,0,54385,0.0055863904,0,0,Low Risk,2.7931952,0.0,True Negative (Loyal Customer)
13.0,Computer,1,15.0,Debit Card,Female,3.0,4,Mobile Phone,3,Divorced,3,0,12.0,1.0,2.0,8.0,162.55,0,53140,0.035525218,0,0,Low Risk,17.76261,0.0,True Negative (Loyal Customer)
5.0,Computer,3,14.0,E wallet,Female,2.0,3,Fashion,2,Single,2,0,14.0,2.0,3.0,7.0,189.98,0,50030,0.20382415,0,0,Low Risk,101.91207,0.0,True Negative (Loyal Customer)
5.0,Computer,1,7.0,Debit Card,Male,3.0,6,Laptop & Accessory,5,Married,3,0,22.0,2.0,9.0,8.0,175.03,0,54080,0.0043065036,0,0,Low Risk,2.153252,0.0,True Negative (Loyal Customer)
18.0,Phone,1,17.0,UPI,Male,3.0,4,Laptop & Accessory,1,Married,4,1,14.0,1.0,2.0,4.0,189.65,0,54192,0.003554662,0,0,Low Risk,1.777331,0.0,True Negative (Loyal Customer)
20.0,Phone,2,8.0,Debit Card,Female,3.0,4,Mobile Phone,5,Single,8,0,13.0,3.0,6.0,8.0,159.23,0,55104,0.0435856,0,0,Low Risk,21.792799,0.0,True Negative (Loyal Customer)
10.0,Phone,1,21.0,Debit Card,Male,4.0,4,Laptop & Accessory,2,Divorced,2,1,18.0,5.0,5.0,12.0,190.86,0,53355,0.0015251974,0,0,Low Risk,0.7625987,0.0,True Negative (Loyal Customer)
17.0,Phone,1,13.0,Credit Card,Female,2.0,3,Others,1,Married,1,1,14.0,,1.0,10.0,290.49,0,51016,0.0052195042,0,0,Low Risk,2.6097522,0.0,True Negative (Loyal Customer)
8.0,Phone,3,24.0,Credit Card,Male,3.0,3,Laptop & Accessory,5,Married,1,0,16.0,0.0,1.0,4.0,0.0,0,51256,0.024570294,0,0,Low Risk,12.285147,0.0,True Negative (Loyal Customer)
1.0,Phone,1,32.0,Cash on Delivery,Female,4.0,5,Mobile Phone,4,Divorced,7,0,17.0,1.0,2.0,2.0,150.46,1,53112,0.88425004,1,1,High Risk,442.12503,50.0,True Positive (saved customer)
10.0,Phone,1,17.0,Cash on Delivery,Female,4.0,4,Fashion,3,Married,5,0,13.0,2.0,2.0,8.0,195.94,0,55103,0.17334989,0,0,Low Risk,86.67494,0.0,True Negative (Loyal Customer)
13.0,Phone,3,8.0,E wallet,Female,2.0,3,Laptop & Accessory,4,Married,8,0,12.0,0.0,1.0,3.0,157.15,0,50263,0.021911321,0,0,Low Risk,10.955661,0.0,True Negative (Loyal Customer)
14.0,Phone,1,15.0,Debit Card,Female,4.0,4,Laptop & Accessory,5,Married,4,1,17.0,2.0,2.0,1.0,190.16,0,55390,0.023814429,0,0,Low Risk,11.907214,0.0,True Negative (Loyal Customer)
,Phone,1,31.0,Debit Card,Male,2.0,5,Mobile Phone,3,Single,2,0,12.0,0.0,1.0,1.0,122.93,1,51388,0.85919654,1,1,High Risk,429.59827,50.0,True Positive (saved customer)
23.0,Phone,1,34.0,Debit Card,Female,2.0,3,Grocery,5,Divorced,5,1,11.0,,1.0,2.0,268.8,0,50821,0.005089684,0,0,Low Risk,2.544842,0.0,True Negative (Loyal Customer)
15.0,Phone,1,6.0,Debit Card,Female,2.0,4,Laptop & Accessory,2,Divorced,10,1,13.0,0.0,1.0,2.0,160.62,0,50473,0.07399597,0,0,Low Risk,36.997986,0.0,True Negative (Loyal Customer)
16.0,Phone,1,20.0,Debit Card,Male,3.0,3,Grocery,5,Divorced,7,0,24.0,,1.0,0.0,271.59,0,50485,0.0038843658,0,0,Low Risk,1.9421829,0.0,True Negative (Loyal Customer)
0.0,Phone,1,6.0,Credit Card,Male,2.0,3,Mobile Phone,1,Married,10,1,14.0,2.0,2.0,2.0,147.87,1,51318,0.9832938,1,1,High Risk,491.64688,50.0,True Positive (saved customer)
24.0,Phone,3,27.0,E wallet,Male,3.0,3,Laptop & Accessory,1,Single,1,1,22.0,0.0,1.0,0.0,154.41,0,51437,0.006348116,0,0,Low Risk,3.174058,0.0,True Negative (Loyal Customer)
12.0,Computer,3,27.0,Debit Card,Female,2.0,5,Laptop & Accessory,3,Married,7,0,19.0,0.0,1.0,2.0,157.36,0,51242,0.04753303,0,0,Low Risk,23.766516,0.0,True Negative (Loyal Customer)
13.0,Phone,1,12.0,Debit Card,Female,3.0,3,Grocery,3,Single,8,0,15.0,4.0,,13.0,232.37,0,50324,0.024580974,0,0,Low Risk,12.290487,0.0,True Negative (Loyal Customer)
0.0,Phone,3,16.0,E wallet,Female,3.0,3,Laptop & Accessory,3,Married,2,1,12.0,0.0,1.0,3.0,142.6,0,50256,0.6591156,1,1,High Risk,329.5578,50.0,False Positive (Wasted Offer)
,Phone,1,21.0,Debit Card,Male,2.0,3,Mobile Phone,3,Married,2,0,16.0,2.0,2.0,2.0,122.07,0,50669,0.049288545,0,0,Low Risk,24.644272,0.0,True Negative (Loyal Customer)
24.0,Phone,1,24.0,Debit Card,Female,3.0,5,Fashion,5,Married,7,0,16.0,1.0,,12.0,257.69,0,55338,0.0019039814,0,0,Low Risk,0.9519907,0.0,True Negative (Loyal Customer)
1.0,Computer,1,11.0,Debit Card,Male,3.0,5,Mobile Phone,1,Married,2,0,18.0,1.0,4.0,5.0,156.62,0,54801,0.021459293,0,0,Low Risk,10.729647,0.0,True Negative (Loyal Customer)
18.0,Phone,1,35.0,Debit Card,Male,3.0,4,Grocery,5,Married,5,0,14.0,,15.0,18.0,288.28,0,55239,0.0035861165,0,0,Low Risk,1.7930583,0.0,True Negative (Loyal Customer)
19.0,Phone,3,27.0,Debit Card,Female,3.0,4,Laptop & Accessory,3,Single,10,0,16.0,1.0,2.0,2.0,173.5,0,55615,0.09719741,0,0,Low Risk,48.598705,0.0,True Negative (Loyal Customer)
26.0,Phone,3,10.0,E wallet,Male,3.0,5,Grocery,5,Divorced,3,0,,2.0,2.0,17.0,293.56,0,53252,0.0012895181,0,0,Low Risk,0.64475906,0.0,True Negative (Loyal Customer)
1.0,Computer,1,12.0,Credit Card,Female,3.0,5,Mobile Phone,3,Married,3,1,15.0,1.0,2.0,8.0,148.66,1,54775,0.7178415,1,1,High Risk,358.92075,50.0,True Positive (saved customer)
12.0,Phone,3,7.0,Debit Card,Female,3.0,5,Laptop & Accessory,1,Single,6,0,23.0,1.0,2.0,,211.86,0,54329,0.047932606,0,0,Low Risk,23.966303,0.0,True Negative (Loyal Customer)
8.0,Computer,3,6.0,E wallet,Female,3.0,3,Fashion,3,Single,2,0,14.0,1.0,1.0,8.0,187.89,0,51574,0.017762728,0,0,Low Risk,8.881364,0.0,True Negative (Loyal Customer)
60.0,Phone,3,27.0,Debit Card,Female,3.0,3,Grocery,1,Married,5,1,13.0,,1.0,0.0,278.75,0,52720,0.0024271207,0,0,Low Risk,1.2135603,0.0,True Negative (Loyal Customer)
20.0,Phone,3,20.0,Credit Card,Female,3.0,3,Laptop & Accessory,3,Married,4,1,17.0,1.0,1.0,2.0,145.91,0,52413,0.09480698,0,0,Low Risk,47.40349,0.0,True Negative (Loyal Customer)
0.0,Phone,1,11.0,Cash on Delivery,Male,2.0,3,Mobile Phone,3,Single,2,1,13.0,2.0,2.0,2.0,134.41,1,50013,0.9316957,1,1,High Risk,465.84784,50.0,True Positive (saved customer)
1.0,Computer,1,9.0,Cash on Delivery,Female,3.0,4,Mobile Phone,1,Single,3,1,14.0,2.0,2.0,4.0,162.6,0,53859,0.2943891,0,0,Low Risk,147.19455,0.0,True Negative (Loyal Customer)
13.0,Phone,3,16.0,E wallet,Male,3.0,4,Fashion,4,Married,3,0,12.0,0.0,1.0,0.0,197.05,0,52030,0.023366673,0,0,Low Risk,11.683336,0.0,True Negative (Loyal Customer)
1.0,Phone,1,7.0,Debit Card,Female,3.0,5,Mobile Phone,5,Married,3,1,12.0,1.0,2.0,1.0,148.19,1,54750,0.7417739,1,1,High Risk,370.88696,50.0,True Positive (saved customer)
10.0,Phone,1,25.0,Debit Card,Male,,3,Mobile Phone,4,Married,5,0,21.0,0.0,1.0,0.0,130.22,0,51393,0.046515077,0,0,Low Risk,23.257538,0.0,True Negative (Loyal Customer)
10.0,Phone,1,14.0,UPI,Male,4.0,4,Mobile Phone,2,Single,4,0,19.0,1.0,2.0,2.0,171.78,0,53371,0.014206577,0,0,Low Risk,7.1032887,0.0,True Negative (Loyal Customer)
4.0,Computer,1,6.0,Debit Card,Female,3.0,3,Laptop & Accessory,5,Divorced,2,0,12.0,1.0,1.0,3.0,141.48,0,50602,0.0100070825,0,0,Low Risk,5.0035415,0.0,True Negative (Loyal Customer)
30.0,Phone,1,13.0,Debit Card,Female,2.0,3,Others,5,Married,6,0,,1.0,11.0,10.0,295.66,0,51757,0.0008505332,0,0,Low Risk,0.4252666,0.0,True Negative (Loyal Customer)
14.0,Phone,3,14.0,Credit Card,Male,3.0,4,Others,4,Single,3,0,15.0,13.0,13.0,9.0,323.33,0,55403,0.058539275,0,0,Low Risk,29.269638,0.0,True Negative (Loyal Customer)
17.0,Computer,3,22.0,Debit Card,Male,3.0,5,Laptop & Accessory,1,Married,5,0,19.0,2.0,3.0,3.0,193.04,0,54709,0.13227282,0,0,Low Risk,66.13641,0.0,True Negative (Loyal Customer)
20.0,Phone,1,,Cash on Delivery,Male,2.0,3,Mobile Phone,3,Single,5,0,24.0,1.0,1.0,0.0,124.78999999999999,1,50576,0.83253336,1,1,High Risk,416.2667,50.0,True Positive (saved customer)
7.0,Computer,3,15.0,Debit Card,Female,3.0,5,Mobile Phone,2,Single,2,0,20.0,3.0,3.0,3.0,148.42,0,53445,0.037874673,0,0,Low Risk,18.937336,0.0,True Negative (Loyal Customer)
8.0,Computer,1,10.0,Debit Card,Male,3.0,4,Laptop & Accessory,2,Single,2,0,18.0,2.0,2.0,5.0,202.56,0,53485,0.048610594,0,0,Low Risk,24.305298,0.0,True Negative (Loyal Customer)
1.0,Phone,3,29.0,E wallet,Male,3.0,4,Mobile Phone,3,Single,3,1,20.0,2.0,2.0,1.0,141.75,1,54288,0.9984389,1,1,High Risk,499.21945,50.0,True Positive (saved customer)
9.0,Phone,3,7.0,E wallet,Male,3.0,4,Laptop & Accessory,3,Divorced,11,0,12.0,4.0,7.0,10.0,172.17,0,53138,0.014765868,0,0,Low Risk,7.382934,0.0,True Negative (Loyal Customer)
0.0,Computer,3,14.0,Debit Card,Male,2.0,3,Fashion,3,Single,2,0,15.0,1.0,1.0,7.0,187.26,0,51389,0.30704716,0,0,Low Risk,153.52357,0.0,True Negative (Loyal Customer)
4.0,Phone,1,,Debit Card,Male,2.0,3,Mobile Phone,1,Married,4,1,19.0,0.0,1.0,2.0,123.56,0,51990,0.15414715,0,0,Low Risk,77.07358,0.0,True Negative (Loyal Customer)
5.0,Phone,1,14.0,Credit Card,Female,3.0,1,Laptop & Accessory,3,Divorced,6,0,12.0,1.0,1.0,3.0,151.75,0,50502,0.015538308,0,0,Low Risk,7.769154,0.0,True Negative (Loyal Customer)
0.0,Phone,1,13.0,Debit Card,Male,3.0,3,Laptop & Accessory,3,Divorced,2,0,18.0,1.0,1.0,1.0,148.83,1,50815,0.664383,1,1,High Risk,332.1915,50.0,True Positive (saved customer)
16.0,Phone,1,16.0,UPI,Male,4.0,5,Others,1,Single,10,0,,2.0,2.0,2.0,321.13,0,55290,0.03196239,0,0,Low Risk,15.981195,0.0,True Negative (Loyal Customer)
15.0,Computer,1,27.0,Credit Card,Female,2.0,3,Laptop & Accessory,3,Married,3,0,16.0,0.0,1.0,2.0,152.65,0,51543,0.03463123,0,0,Low Risk,17.315615,0.0,True Negative (Loyal Customer)
13.0,Computer,1,29.0,Credit Card,Female,3.0,4,Fashion,5,Single,3,1,14.0,2.0,,9.0,233.8,0,54914,0.0894801,0,0,Low Risk,44.74005,0.0,True Negative (Loyal Customer)
0.0,Phone,1,12.0,Debit Card,Female,3.0,3,Mobile Phone,2,Divorced,2,1,13.0,0.0,1.0,2.0,126.59,0,50381,0.4467965,0,1,Medium Risk (Actionable),223.39825,50.0,False Positive (Wasted Offer)
6.0,Phone,1,12.0,Debit Card,Male,3.0,5,Laptop & Accessory,1,Single,10,0,25.0,2.0,2.0,,221.79,0,55555,0.028132224,0,0,Low Risk,14.0661125,0.0,True Negative (Loyal Customer)
5.0,Phone,3,17.0,Credit Card,Female,3.0,4,Laptop & Accessory,1,Married,4,1,12.0,2.0,2.0,5.0,190.83,0,55519,0.09238204,0,0,Low Risk,46.19102,0.0,True Negative (Loyal Customer)
4.0,Phone,1,9.0,Debit Card,Female,3.0,6,Laptop & Accessory,2,Single,4,0,21.0,1.0,2.0,3.0,185.91,0,53101,0.031206423,0,0,Low Risk,15.603211,0.0,True Negative (Loyal Customer)
22.0,Phone,1,26.0,Credit Card,Female,3.0,3,Laptop & Accessory,5,Married,2,0,14.0,5.0,5.0,11.0,165.67,0,51475,0.0011428348,0,0,Low Risk,0.5714174,0.0,True Negative (Loyal Customer)
0.0,Computer,3,35.0,Credit Card,Male,3.0,5,Laptop & Accessory,5,Single,9,0,18.0,1.0,2.0,2.0,149.69,1,52094,0.9850153,1,1,High Risk,492.50763,50.0,True Positive (saved customer)
1.0,Phone,1,29.0,Credit Card,Male,4.0,4,Laptop & Accessory,3,Divorced,3,1,16.0,4.0,7.0,8.0,186.79,1,53676,0.9699139,1,1,High Risk,484.95694,50.0,True Positive (saved customer)
4.0,Phone,3,8.0,Debit Card,Male,,3,Mobile Phone,3,Married,1,0,19.0,1.0,1.0,2.0,130.67,0,51293,0.015699899,0,0,Low Risk,7.8499494,0.0,True Negative (Loyal Customer)
5.0,Phone,1,18.0,Debit Card,Male,3.0,4,Mobile Phone,2,Divorced,5,1,20.0,2.0,2.0,3.0,148.56,0,53335,0.38849315,0,0,Low Risk,194.24658,0.0,True Negative (Loyal Customer)
11.0,Phone,1,7.0,Cash on Delivery,Female,3.0,4,Fashion,1,Single,6,0,18.0,2.0,2.0,3.0,199.91,0,54625,0.022175107,0,0,Low Risk,11.087554,0.0,True Negative (Loyal Customer)
30.0,Computer,3,13.0,Debit Card,Female,3.0,3,Grocery,5,Divorced,11,0,12.0,3.0,,8.0,257.12,0,53092,0.0040794164,0,0,Low Risk,2.0397081,0.0,True Negative (Loyal Customer)
16.0,Phone,1,11.0,Cash on Delivery,Male,3.0,4,Others,1,Married,3,0,,1.0,12.0,16.0,317.32,0,54392,0.026046446,0,0,Low Risk,13.023223,0.0,True Negative (Loyal Customer)
20.0,Phone,3,9.0,E wallet,Female,4.0,4,Grocery,5,Married,10,0,,7.0,16.0,10.0,295.48,0,55022,0.012746844,0,0,Low Risk,6.373422,0.0,True Negative (Loyal Customer)
4.0,Phone,3,13.0,Cash on Delivery,Male,3.0,1,Laptop & Accessory,1,Married,5,0,11.0,3.0,7.0,7.0,169.29,0,51649,0.006220673,0,0,Low Risk,3.1103365,0.0,True Negative (Loyal Customer)
0.0,Computer,1,15.0,Credit Card,Male,2.0,3,Mobile Phone,5,Single,3,1,11.0,0.0,1.0,0.0,131.72,1,50936,0.98156273,1,1,High Risk,490.78137,50.0,True Positive (saved customer)
1.0,Phone,1,17.0,Credit Card,Male,4.0,3,Mobile Phone,3,Single,3,0,19.0,2.0,2.0,3.0,160.05,0,53256,0.37408495,0,0,Low Risk,187.04248,0.0,True Negative (Loyal Customer)
8.0,Computer,1,31.0,Debit Card,Male,3.0,4,Mobile Phone,3,Married,5,1,23.0,1.0,2.0,1.0,156.61,1,52977,0.9291277,1,1,High Risk,464.56384,50.0,True Positive (saved customer)
2.0,Phone,1,7.0,Debit Card,Female,3.0,3,Mobile Phone,1,Married,2,0,15.0,1.0,1.0,2.0,137.6,0,52239,0.0071988944,0,0,Low Risk,3.5994473,0.0,True Negative (Loyal Customer)
16.0,Phone,1,12.0,Credit Card,Female,2.0,4,Others,3,Married,8,0,,6.0,6.0,14.0,293.92,0,52676,0.047107574,0,0,Low Risk,23.553787,0.0,True Negative (Loyal Customer)
28.0,Computer,1,8.0,Credit Card,Male,2.0,4,Grocery,5,Single,8,0,15.0,,6.0,2.0,267.56,0,52120,0.0020960255,0,0,Low Risk,1.0480127,0.0,True Negative (Loyal Customer)
31.0,Phone,3,7.0,Cash on Delivery,Male,4.0,4,Fashion,2,Divorced,5,1,15.0,1.0,,5.0,244.04000000000002,0,53449,0.0034137797,0,0,Low Risk,1.7068899,0.0,True Negative (Loyal Customer)
8.0,Computer,1,8.0,UPI,Male,4.0,4,Mobile Phone,5,Married,7,0,15.0,2.0,2.0,4.0,154.96,0,55176,0.053689934,0,0,Low Risk,26.844967,0.0,True Negative (Loyal Customer)
23.0,Phone,1,35.0,Debit Card,Male,2.0,4,Grocery,3,Divorced,1,0,15.0,,15.0,7.0,270.46,0,50301,0.0007152863,0,0,Low Risk,0.35764316,0.0,True Negative (Loyal Customer)
11.0,Computer,1,18.0,Debit Card,Male,0.0,4,Laptop & Accessory,5,Married,3,0,15.0,1.0,1.0,2.0,162.88,0,51951,0.030936979,0,0,Low Risk,15.46849,0.0,True Negative (Loyal Customer)
9.0,Computer,1,6.0,Credit Card,Female,2.0,4,Laptop & Accessory,3,Married,1,0,15.0,1.0,1.0,2.0,143.74,0,51058,0.004223568,0,0,Low Risk,2.111784,0.0,True Negative (Loyal Customer)
7.0,Phone,3,14.0,Cash on Delivery,Male,3.0,1,Laptop & Accessory,3,Married,2,0,21.0,0.0,4.0,8.0,167.99,0,51176,0.012384456,0,0,Low Risk,6.192228,0.0,True Negative (Loyal Customer)
5.0,Computer,1,30.0,Debit Card,Male,3.0,3,Laptop & Accessory,1,Married,2,0,15.0,1.0,4.0,7.0,153.09,0,51904,0.008707737,0,0,Low Risk,4.3538685,0.0,True Negative (Loyal Customer)
22.0,Phone,1,31.0,Debit Card,Female,2.0,3,Mobile Phone,5,Married,2,0,14.0,1.0,1.0,4.0,132.11,0,52493,0.0050464366,0,0,Low Risk,2.5232184,0.0,True Negative (Loyal Customer)
20.0,Phone,1,9.0,Credit Card,Male,3.0,4,Others,1,Married,9,1,,2.0,3.0,3.0,318.28,0,53968,0.097662,0,0,Low Risk,48.831,0.0,True Negative (Loyal Customer)
11.0,Computer,1,8.0,Debit Card,Female,3.0,1,Laptop & Accessory,5,Single,7,1,12.0,0.0,4.0,12.0,159.8,0,51924,0.030171338,0,0,Low Risk,15.0856695,0.0,True Negative (Loyal Customer)
1.0,Computer,3,19.0,UPI,Male,3.0,4,Laptop & Accessory,1,Single,5,1,25.0,6.0,7.0,8.0,170.81,1,55347,0.99055827,1,1,High Risk,495.27914,50.0,True Positive (saved customer)
28.0,Phone,1,26.0,Cash on Delivery,Male,2.0,3,Laptop & Accessory,2,Divorced,4,1,19.0,1.0,1.0,8.0,154.15,0,50159,0.0021800916,0,0,Low Risk,1.0900458,0.0,True Negative (Loyal Customer)
7.0,Phone,1,16.0,Debit Card,Male,,3,Mobile Phone,3,Single,2,1,11.0,1.0,1.0,2.0,129.36,1,52203,0.6998457,1,1,High Risk,349.92282,50.0,True Positive (saved customer)
1.0,Phone,3,15.0,E wallet,Female,3.0,4,Laptop & Accessory,4,Married,3,0,19.0,1.0,2.0,8.0,187.14,0,54500,0.2775294,0,0,Low Risk,138.7647,0.0,True Negative (Loyal Customer)
5.0,Phone,3,19.0,Debit Card,Male,3.0,3,Laptop & Accessory,1,Married,3,0,11.0,0.0,1.0,3.0,144.03,0,51968,0.043543506,0,0,Low Risk,21.771753,0.0,True Negative (Loyal Customer)
1.0,Phone,3,11.0,E wallet,Male,3.0,5,Laptop & Accessory,5,Divorced,3,0,13.0,2.0,2.0,4.0,167.56,0,53329,0.49720135,0,1,Medium Risk (Actionable),248.60068,50.0,False Positive (Wasted Offer)
14.0,Phone,3,8.0,Debit Card,Male,2.0,3,Grocery,4,Single,2,0,19.0,1.0,,4.0,260.15,0,50176,0.0739734,0,0,Low Risk,36.986702,0.0,True Negative (Loyal Customer)
1.0,Phone,3,11.0,Credit Card,Female,3.0,4,Laptop & Accessory,3,Divorced,3,1,13.0,2.0,2.0,4.0,166.62,0,53716,0.22145167,0,0,Low Risk,110.72584,0.0,True Negative (Loyal Customer)
18.0,Phone,3,15.0,E wallet,Male,3.0,3,Fashion,5,Married,5,1,12.0,0.0,1.0,2.0,207.61,0,51971,0.07866552,0,0,Low Risk,39.33276,0.0,True Negative (Loyal Customer)
7.0,Phone,3,7.0,Credit Card,Male,3.0,2,Laptop & Accessory,5,Married,3,0,23.0,1.0,2.0,9.0,165.37,0,53310,0.0028991424,0,0,Low Risk,1.4495713,0.0,True Negative (Loyal Customer)
5.0,Phone,1,19.0,Credit Card,Female,3.0,4,Laptop & Accessory,2,Divorced,2,1,12.0,1.0,9.0,6.0,183.55,0,53381,0.02802907,0,0,Low Risk,14.014535,0.0,True Negative (Loyal Customer)
6.0,Phone,1,15.0,Credit Card,Female,4.0,2,Laptop & Accessory,3,Married,7,0,13.0,2.0,2.0,4.0,176.75,0,54787,0.02553202,0,0,Low Risk,12.76601,0.0,True Negative (Loyal Customer)
1.0,Phone,1,21.0,Debit Card,Male,3.0,4,Mobile Phone,5,Divorced,3,1,15.0,3.0,7.0,9.0,147.35,0,53580,0.53323877,1,1,High Risk,266.6194,50.0,False Positive (Wasted Offer)
16.0,Computer,1,9.0,Debit Card,Male,3.0,4,Grocery,3,Divorced,2,1,,1.0,3.0,11.0,303.61,0,53645,0.0087300455,0,0,Low Risk,4.3650227,0.0,True Negative (Loyal Customer)
18.0,Phone,1,7.0,Credit Card,Male,3.0,4,Mobile Phone,1,Single,8,1,13.0,1.0,2.0,3.0,149.36,0,54126,0.03847821,0,0,Low Risk,19.239105,0.0,True Negative (Loyal Customer)
25.0,Phone,1,6.0,Debit Card,Male,3.0,3,Grocery,1,Married,3,0,15.0,,7.0,8.0,270.99,0,52045,0.0012060215,0,0,Low Risk,0.6030108,0.0,True Negative (Loyal Customer)
17.0,Phone,1,9.0,UPI,Male,2.0,3,Others,1,Married,5,1,,0.0,1.0,1.0,295.13,0,51843,0.011250924,0,0,Low Risk,5.625462,0.0,True Negative (Loyal Customer)
6.0,Phone,1,15.0,Credit Card,Female,4.0,2,Laptop & Accessory,3,Divorced,7,0,13.0,2.0,2.0,4.0,176.75,0,53317,0.02553202,0,0,Low Risk,12.76601,0.0,True Negative (Loyal Customer)
0.0,Phone,1,23.0,Cash on Delivery,Male,,3,Mobile Phone,4,Married,1,1,16.0,0.0,1.0,1.0,130.58,0,51516,0.4380195,0,0,Low Risk,219.00975,0.0,True Negative (Loyal Customer)
11.0,Phone,3,16.0,Debit Card,Female,3.0,3,Laptop & Accessory,1,Married,2,0,11.0,0.0,1.0,9.0,153.43,0,52797,0.019460142,0,0,Low Risk,9.730071,0.0,True Negative (Loyal Customer)
0.0,Phone,2,,Cash on Delivery,Male,2.0,4,Mobile Phone,1,Single,2,0,12.0,0.0,1.0,0.0,125.63999999999999,1,51768,0.7830087,1,1,High Risk,391.50433,50.0,True Positive (saved customer)
27.0,Computer,1,6.0,Debit Card,Female,2.0,3,Fashion,3,Married,8,0,17.0,1.0,1.0,4.0,205.02,0,50766,0.0036885606,0,0,Low Risk,1.8442802,0.0,True Negative (Loyal Customer)
11.0,Phone,1,17.0,Debit Card,Male,4.0,2,Mobile Phone,1,Single,5,0,18.0,2.0,2.0,1.0,171.8,0,54683,0.029121041,0,0,Low Risk,14.56052,0.0,True Negative (Loyal Customer)
11.0,Phone,2,6.0,UPI,Male,,1,Mobile Phone,3,Divorced,2,0,13.0,1.0,5.0,0.0,128.44,0,50702,0.119785674,0,0,Low Risk,59.892838,0.0,True Negative (Loyal Customer)
24.0,Computer,3,7.0,Debit Card,Female,4.0,4,Laptop & Accessory,3,Divorced,2,0,13.0,2.0,2.0,14.0,188.47,0,53442,0.0009049899,0,0,Low Risk,0.45249495,0.0,True Negative (Loyal Customer)
8.0,Phone,1,15.0,Credit Card,Male,3.0,2,Laptop & Accessory,3,Married,4,0,13.0,1.0,2.0,3.0,169.04,0,54160,0.0046183714,0,0,Low Risk,2.3091857,0.0,True Negative (Loyal Customer)
3.0,Phone,1,7.0,Debit Card,Male,3.0,4,Laptop & Accessory,5,Married,2,0,13.0,2.0,2.0,3.0,178.73,0,54078,0.004140172,0,0,Low Risk,2.070086,0.0,True Negative (Loyal Customer)
4.0,Phone,1,35.0,Credit Card,Female,4.0,4,Laptop & Accessory,1,Married,3,0,14.0,2.0,2.0,10.0,182.75,0,54485,0.02141102,0,0,Low Risk,10.70551,0.0,True Negative (Loyal Customer)
7.0,Phone,1,11.0,Credit Card,Female,3.0,5,Mobile Phone,4,Married,8,0,22.0,1.0,2.0,2.0,151.22,0,54382,0.1383996,0,0,Low Risk,69.1998,0.0,True Negative (Loyal Customer)
15.0,Phone,1,13.0,Credit Card,Male,3.0,4,Mobile Phone,5,Single,4,1,14.0,2.0,3.0,18.0,172.21,0,53377,0.0076671257,0,0,Low Risk,3.8335629,0.0,True Negative (Loyal Customer)
7.0,Phone,1,16.0,Credit Card,Male,3.0,4,Mobile Phone,2,Divorced,2,0,14.0,2.0,5.0,11.0,152.81,0,53574,0.005703108,0,0,Low Risk,2.851554,0.0,True Negative (Loyal Customer)
29.0,Computer,1,9.0,Debit Card,Male,4.0,4,Fashion,4,Married,5,0,19.0,1.0,,3.0,234.76,0,54948,0.0041159,0,0,Low Risk,2.05795,0.0,True Negative (Loyal Customer)
0.0,Phone,3,10.0,Debit Card,Female,3.0,4,Laptop & Accessory,1,Single,2,1,11.0,0.0,1.0,3.0,144.87,0,51743,0.25723225,0,0,Low Risk,128.61612,0.0,True Negative (Loyal Customer)
25.0,Phone,1,16.0,Debit Card,Male,4.0,4,Mobile Phone,1,Married,5,0,24.0,2.0,2.0,4.0,145.75,0,54248,0.0021761763,0,0,Low Risk,1.0880882,0.0,True Negative (Loyal Customer)
20.0,Computer,3,9.0,Credit Card,Female,2.0,3,Grocery,3,Married,10,1,12.0,1.0,,13.0,237.7,0,51890,0.14632481,0,0,Low Risk,73.16241,0.0,True Negative (Loyal Customer)
1.0,Phone,3,9.0,Credit Card,Female,3.0,4,Mobile Phone,3,Single,3,0,20.0,1.0,3.0,3.0,152.83,0,55339,0.4166453,0,0,Low Risk,208.32265,0.0,True Negative (Loyal Customer)
12.0,Phone,3,8.0,Debit Card,Male,3.0,4,Laptop & Accessory,4,Married,2,0,16.0,2.0,6.0,9.0,169.4,0,55577,0.012283516,0,0,Low Risk,6.141758,0.0,True Negative (Loyal Customer)
0.0,Computer,3,6.0,Credit Card,Male,2.0,4,Laptop & Accessory,5,Single,2,0,12.0,0.0,1.0,7.0,142.94,0,52031,0.28474158,0,0,Low Risk,142.37079,0.0,True Negative (Loyal Customer)
0.0,Phone,1,,Debit Card,Female,2.0,3,Mobile Phone,3,Single,2,1,13.0,4.0,7.0,7.0,123.94,1,52343,0.9676407,1,1,High Risk,483.82034,50.0,True Positive (saved customer)
24.0,Phone,1,9.0,Cash on Delivery,Female,2.0,3,Fashion,3,Married,3,0,11.0,2.0,2.0,,231.16000000000003,0,52621,0.0039939303,0,0,Low Risk,1.9969652,0.0,True Negative (Loyal Customer)
23.0,Computer,1,26.0,Credit Card,Male,2.0,3,Grocery,3,Married,3,1,15.0,3.0,12.0,,212.45,0,51014,0.0044722804,0,0,Low Risk,2.2361403,0.0,True Negative (Loyal Customer)
3.0,Computer,1,17.0,Debit Card,Female,4.0,4,Mobile Phone,4,Married,2,0,15.0,1.0,2.0,2.0,157.91,0,54984,0.024150794,0,0,Low Risk,12.0753975,0.0,True Negative (Loyal Customer)
6.0,Phone,3,20.0,Debit Card,Male,4.0,4,Laptop & Accessory,1,Married,4,0,12.0,1.0,2.0,4.0,169.03,0,54783,0.042777497,0,0,Low Risk,21.388748,0.0,True Negative (Loyal Customer)
17.0,Phone,3,11.0,E wallet,Female,3.0,5,Fashion,1,Single,5,0,15.0,11.0,16.0,,227.31,0,55087,0.09205153,0,0,Low Risk,46.025764,0.0,True Negative (Loyal Customer)
0.0,Phone,1,,Cash on Delivery,Male,3.0,5,Mobile Phone,2,Single,2,1,18.0,1.0,1.0,0.0,123.4,1,50339,0.9890938,1,1,High Risk,494.54688,50.0,True Positive (saved customer)
13.0,Phone,1,8.0,Debit Card,Male,3.0,3,Laptop & Accessory,1,Single,2,0,13.0,3.0,8.0,8.0,146.61,0,52305,0.009311684,0,0,Low Risk,4.6558423,0.0,True Negative (Loyal Customer)
9.0,Computer,1,24.0,Debit Card,Male,2.0,1,Mobile Phone,1,Married,5,0,18.0,1.0,1.0,0.0,136.88,0,51644,0.07300271,0,0,Low Risk,36.501354,0.0,True Negative (Loyal Customer)
14.0,Phone,1,,Debit Card,Male,2.0,3,Mobile Phone,3,Married,5,0,12.0,1.0,1.0,8.0,124.50999999999999,0,51512,0.027069308,0,0,Low Risk,13.534654,0.0,True Negative (Loyal Customer)
10.0,Computer,1,11.0,Cash on Delivery,Male,2.0,1,Mobile Phone,3,Single,1,0,14.0,1.0,1.0,3.0,135.0,0,50898,0.0257482,0,0,Low Risk,12.874101,0.0,True Negative (Loyal Customer)
17.0,Computer,1,35.0,Credit Card,Female,4.0,2,Mobile Phone,3,Single,6,0,13.0,1.0,2.0,3.0,172.39,0,54291,0.01528404,0,0,Low Risk,7.64202,0.0,True Negative (Loyal Customer)
9.0,Phone,1,16.0,Debit Card,Female,4.0,5,Fashion,3,Married,3,1,21.0,4.0,,16.0,231.85000000000002,0,54796,0.021914598,0,0,Low Risk,10.957299,0.0,True Negative (Loyal Customer)
1.0,Computer,3,13.0,Debit Card,Male,2.0,3,Laptop & Accessory,5,Single,1,0,14.0,1.0,1.0,3.0,148.98,0,52416,0.032447595,0,0,Low Risk,16.223797,0.0,True Negative (Loyal Customer)
11.0,Computer,3,16.0,Credit Card,Male,4.0,4,Fashion,4,Married,3,0,14.0,2.0,8.0,,213.34,0,54628,0.09735379,0,0,Low Risk,48.676895,0.0,True Negative (Loyal Customer)
8.0,Phone,3,8.0,Cash on Delivery,Male,4.0,5,Fashion,3,Married,3,1,15.0,8.0,9.0,7.0,195.83,0,55245,0.064398624,0,0,Low Risk,32.19931,0.0,True Negative (Loyal Customer)
1.0,Phone,3,31.0,Credit Card,Female,3.0,5,Laptop & Accessory,4,Single,2,1,24.0,3.0,11.0,11.0,170.99,1,53749,0.99063134,1,1,High Risk,495.31567,50.0,True Positive (saved customer)
0.0,Phone,1,11.0,Credit Card,Male,,3,Mobile Phone,1,Single,2,0,18.0,0.0,2.0,2.0,131.17,0,52498,0.045106612,0,0,Low Risk,22.553307,0.0,True Negative (Loyal Customer)
21.0,Phone,1,10.0,Debit Card,Male,3.0,4,Fashion,3,Single,8,0,14.0,1.0,4.0,,209.99,0,50612,0.07935085,0,0,Low Risk,39.675426,0.0,True Negative (Loyal Customer)
0.0,Phone,3,,Credit Card,Male,2.0,3,Mobile Phone,5,Single,2,1,11.0,1.0,1.0,2.0,123.80000000000001,0,51312,0.7059728,1,1,High Risk,352.9864,50.0,False Positive (Wasted Offer)
0.0,Phone,1,7.0,Cash on Delivery,Male,2.0,3,Mobile Phone,1,Married,5,0,11.0,0.0,1.0,2.0,132.29,0,52349,0.29559398,0,0,Low Risk,147.79698,0.0,True Negative (Loyal Customer)
8.0,Phone,1,17.0,Debit Card,Male,4.0,4,Mobile Phone,3,Single,3,1,12.0,2.0,2.0,3.0,154.36,1,55018,0.5424145,1,1,High Risk,271.20724,50.0,True Positive (saved customer)
19.0,Phone,3,8.0,Debit Card,Male,3.0,3,Fashion,1,Married,5,1,12.0,0.0,1.0,3.0,203.68,0,52581,0.026849998,0,0,Low Risk,13.424999,0.0,True Negative (Loyal Customer)
27.0,Computer,3,9.0,E wallet,Female,3.0,5,Fashion,4,Divorced,4,0,13.0,1.0,7.0,13.0,200.25,0,53451,0.0019334686,0,0,Low Risk,0.9667343,0.0,True Negative (Loyal Customer)
15.0,Phone,2,7.0,UPI,Male,3.0,5,Others,3,Divorced,3,0,,3.0,3.0,11.0,316.89,0,53229,0.0024980404,0,0,Low Risk,1.2490202,0.0,True Negative (Loyal Customer)
19.0,Phone,1,9.0,Credit Card,Male,4.0,4,Others,5,Divorced,7,1,14.0,2.0,2.0,5.0,323.59,1,53259,0.2877451,0,0,Low Risk,143.87254,0.0,False Negative (Missed Churner)
4.0,Phone,1,27.0,UPI,Male,3.0,4,Laptop & Accessory,5,Divorced,2,0,16.0,2.0,2.0,,224.57,0,53473,0.053918563,0,0,Low Risk,26.959282,0.0,True Negative (Loyal Customer)
30.0,Phone,3,9.0,Debit Card,Female,2.0,4,Laptop & Accessory,1,Single,6,0,17.0,0.0,1.0,5.0,151.71,0,52243,0.006358486,0,0,Low Risk,3.179243,0.0,True Negative (Loyal Customer)
10.0,Phone,1,17.0,Debit Card,Male,3.0,4,Fashion,5,Married,9,1,14.0,2.0,6.0,8.0,208.21,0,53969,0.5197368,1,1,High Risk,259.8684,50.0,False Positive (Wasted Offer)
10.0,Computer,1,30.0,Credit Card,Male,3.0,2,Laptop & Accessory,1,Married,6,0,18.0,1.0,2.0,4.0,150.71,0,54156,0.014581468,0,0,Low Risk,7.290734,0.0,True Negative (Loyal Customer)
13.0,Phone,1,7.0,Credit Card,Male,3.0,3,Fashion,2,Married,2,0,18.0,4.0,4.0,,221.13,0,52995,0.029732602,0,0,Low Risk,14.866301,0.0,True Negative (Loyal Customer)
16.0,Phone,1,9.0,Debit Card,Female,3.0,4,Laptop & Accessory,1,Married,3,0,14.0,1.0,3.0,3.0,165.89,0,54649,0.0073495167,0,0,Low Risk,3.6747584,0.0,True Negative (Loyal Customer)
9.0,Phone,1,30.0,Credit Card,Male,4.0,6,Mobile Phone,3,Married,2,0,17.0,1.0,2.0,4.0,152.05,0,55463,0.026241206,0,0,Low Risk,13.120603,0.0,True Negative (Loyal Customer)
1.0,Phone,3,12.0,UPI,Female,2.0,5,Mobile Phone,3,Single,2,0,19.0,2.0,2.0,1.0,154.66,0,55625,0.5220446,1,1,High Risk,261.0223,50.0,False Positive (Wasted Offer)
14.0,Phone,1,9.0,Credit Card,Female,3.0,2,Laptop & Accessory,3,Married,7,0,21.0,7.0,12.0,9.0,188.77,0,55139,0.0043326,0,0,Low Risk,2.1663,0.0,True Negative (Loyal Customer)
3.0,Phone,1,8.0,Debit Card,Female,2.0,5,Laptop & Accessory,2,Single,3,0,20.0,0.0,1.0,2.0,160.91,0,50286,0.015166377,0,0,Low Risk,7.5831885,0.0,True Negative (Loyal Customer)
12.0,Phone,2,7.0,UPI,Male,3.0,2,Mobile Phone,3,Divorced,3,0,14.0,2.0,6.0,1.0,153.44,0,53517,0.080033556,0,0,Low Risk,40.016777,0.0,True Negative (Loyal Customer)
1.0,Phone,1,7.0,Debit Card,Male,4.0,5,Mobile Phone,3,Single,2,1,15.0,1.0,2.0,3.0,162.3,1,54400,0.8416528,1,1,High Risk,420.82642,50.0,True Positive (saved customer)
1.0,Computer,3,12.0,E wallet,Male,4.0,4,Mobile Phone,4,Single,3,1,15.0,2.0,2.0,1.0,143.78,1,54618,0.9980925,1,1,High Risk,499.04623,50.0,True Positive (saved customer)
1.0,Computer,1,10.0,Credit Card,Male,3.0,4,Mobile Phone,2,Divorced,3,0,12.0,2.0,2.0,1.0,142.06,0,53306,0.47621235,0,1,Medium Risk (Actionable),238.10617,50.0,False Positive (Wasted Offer)
5.0,Computer,1,10.0,Credit Card,Male,3.0,4,Mobile Phone,5,Married,3,1,14.0,1.0,3.0,4.0,155.65,0,54073,0.2827382,0,0,Low Risk,141.36911,0.0,True Negative (Loyal Customer)
25.0,Computer,3,8.0,Debit Card,Male,3.0,4,Others,3,Single,2,1,18.0,,15.0,12.0,290.68,0,51583,0.0054525603,0,0,Low Risk,2.7262802,0.0,True Negative (Loyal Customer)
10.0,Computer,1,25.0,Debit Card,Male,4.0,4,Laptop & Accessory,2,Single,4,0,21.0,2.0,2.0,10.0,202.79,0,53508,0.045181938,0,0,Low Risk,22.59097,0.0,True Negative (Loyal Customer)
,Computer,1,9.0,Credit Card,Female,3.0,3,Mobile Phone,3,Married,2,0,20.0,1.0,1.0,0.0,120.83000000000001,0,51847,0.030143466,0,0,Low Risk,15.0717325,0.0,True Negative (Loyal Customer)
16.0,Phone,3,21.0,Credit Card,Female,4.0,5,Laptop & Accessory,3,Single,9,0,18.0,1.0,2.0,4.0,187.44,0,53363,0.047530234,0,0,Low Risk,23.765118,0.0,True Negative (Loyal Customer)
1.0,Phone,3,12.0,Credit Card,Male,3.0,4,Mobile Phone,5,Single,3,1,12.0,2.0,2.0,3.0,148.8,0,54127,0.86150575,1,1,High Risk,430.75287,50.0,False Positive (Wasted Offer)
0.0,Phone,1,6.0,Debit Card,Male,3.0,3,Mobile Phone,3,Single,1,0,12.0,0.0,1.0,2.0,133.75,0,51299,0.089862905,0,0,Low Risk,44.931454,0.0,True Negative (Loyal Customer)
24.0,Phone,1,16.0,Debit Card,Male,4.0,4,Mobile Phone,2,Divorced,6,0,19.0,2.0,2.0,1.0,148.8,0,53433,0.011886005,0,0,Low Risk,5.9430027,0.0,True Negative (Loyal Customer)
6.0,Phone,3,15.0,E wallet,Female,2.0,5,Laptop & Accessory,3,Single,9,0,13.0,1.0,1.0,3.0,153.46,1,50725,0.63151777,1,1,High Risk,315.75888,50.0,True Positive (saved customer)
2.0,Phone,1,15.0,Credit Card,Female,,3,Mobile Phone,3,Married,10,0,17.0,1.0,1.0,2.0,129.74,0,51095,0.11130583,0,0,Low Risk,55.652916,0.0,True Negative (Loyal Customer)
16.0,Phone,1,13.0,Credit Card,Male,3.0,4,Fashion,5,Married,11,0,14.0,4.0,,8.0,258.48,0,54048,0.021855405,0,0,Low Risk,10.927702,0.0,True Negative (Loyal Customer)
1.0,Phone,3,33.0,Credit Card,Female,3.0,4,Laptop & Accessory,2,Single,3,0,24.0,1.0,2.0,5.0,186.8,0,53254,0.15275662,0,0,Low Risk,76.37831,0.0,True Negative (Loyal Customer)
1.0,Phone,1,9.0,Credit Card,Male,3.0,4,Mobile Phone,3,Single,8,0,18.0,3.0,3.0,2.0,168.82,1,54759,0.48967862,0,1,Medium Risk (Actionable),244.83931,50.0,True Positive (saved customer)
19.0,Phone,1,16.0,Debit Card,Male,3.0,4,Laptop & Accessory,4,Married,10,0,19.0,2.0,2.0,16.0,148.48,0,52844,0.0022448066,0,0,Low Risk,1.1224033,0.0,True Negative (Loyal Customer)
14.0,Computer,1,8.0,UPI,Female,3.0,4,Laptop & Accessory,3,Single,3,1,17.0,0.0,1.0,7.0,168.11,0,50335,0.024922848,0,0,Low Risk,12.461424,0.0,True Negative (Loyal Customer)
,Phone,1,9.0,Debit Card,Female,2.0,3,Mobile Phone,1,Married,2,0,21.0,1.0,1.0,0.0,120.61000000000001,0,50994,0.31011775,0,0,Low Risk,155.05887,0.0,True Negative (Loyal Customer)
7.0,Computer,1,8.0,Debit Card,Male,2.0,4,Laptop & Accessory,3,Married,2,0,17.0,0.0,1.0,9.0,195.47,0,51534,0.036965594,0,0,Low Risk,18.482798,0.0,True Negative (Loyal Customer)
1.0,Phone,1,13.0,Debit Card,Female,4.0,4,Mobile Phone,2,Divorced,3,1,14.0,1.0,2.0,3.0,151.59,0,53196,0.7441171,1,1,High Risk,372.05853,50.0,False Positive (Wasted Offer)
1.0,Phone,3,25.0,Debit Card,Male,4.0,2,Laptop & Accessory,3,Married,4,0,12.0,2.0,2.0,3.0,187.32,0,55154,0.051464442,0,0,Low Risk,25.732222,0.0,True Negative (Loyal Customer)
,Phone,1,9.0,Credit Card,Male,2.0,4,Mobile Phone,1,Single,1,0,13.0,1.0,1.0,1.0,120.44999999999999,0,51858,0.21930662,0,0,Low Risk,109.65331,0.0,True Negative (Loyal Customer)
1.0,Phone,1,15.0,Credit Card,Female,4.0,4,Mobile Phone,1,Single,3,0,12.0,1.0,2.0,5.0,159.45,0,55409,0.067331,0,0,Low Risk,33.6655,0.0,True Negative (Loyal Customer)
14.0,Phone,3,15.0,Debit Card,Male,3.0,3,Fashion,3,Married,4,1,13.0,0.0,1.0,7.0,181.89,0,51479,0.15069085,0,0,Low Risk,75.34543,0.0,True Negative (Loyal Customer)
4.0,Computer,1,9.0,Credit Card,Male,,3,Mobile Phone,5,Married,2,1,13.0,2.0,2.0,3.0,130.65,0,52728,0.49230897,0,1,Medium Risk (Actionable),246.15448,50.0,False Positive (Wasted Offer)
18.0,Computer,1,6.0,Credit Card,Male,2.0,3,Laptop & Accessory,3,Single,5,0,12.0,1.0,1.0,3.0,153.99,0,51238,0.0069048125,0,0,Low Risk,3.4524062,0.0,True Negative (Loyal Customer)
7.0,Computer,1,16.0,Credit Card,Male,2.0,3,Mobile Phone,3,Married,2,1,17.0,2.0,2.0,0.0,138.15,0,50078,0.2320507,0,0,Low Risk,116.02535,0.0,True Negative (Loyal Customer)
8.0,Phone,1,17.0,Debit Card,Male,3.0,4,Mobile Phone,4,Married,3,0,15.0,2.0,2.0,1.0,145.08,0,54832,0.0713117,0,0,Low Risk,35.65585,0.0,True Negative (Loyal Customer)
,Phone,1,16.0,Debit Card,Female,2.0,4,Mobile Phone,5,Single,2,0,13.0,0.0,1.0,0.0,114.16,1,52123,0.9082855,1,1,High Risk,454.14276,50.0,True Positive (saved customer)
0.0,Computer,1,9.0,Cash on Delivery,Male,,3,Mobile Phone,5,Single,1,0,22.0,0.0,1.0,4.0,131.02,1,51728,0.94404584,1,1,High Risk,472.02292,50.0,True Positive (saved customer)
28.0,Computer,1,27.0,Debit Card,Female,3.0,4,Laptop & Accessory,3,Single,5,0,13.0,1.0,2.0,4.0,173.69,0,54493,0.0050515337,0,0,Low Risk,2.5257668,0.0,True Negative (Loyal Customer)
27.0,Phone,1,9.0,Debit Card,Male,2.0,3,Grocery,1,Married,4,0,14.0,,1.0,9.0,277.79,0,52240,0.0026774474,0,0,Low Risk,1.3387237,0.0,True Negative (Loyal Customer)
12.0,Phone,3,17.0,Debit Card,Female,4.0,4,Laptop & Accessory,1,Married,3,0,12.0,1.0,2.0,10.0,178.43,0,55612,0.020795103,0,0,Low Risk,10.397552,0.0,True Negative (Loyal Customer)
5.0,Phone,1,30.0,Credit Card,Male,4.0,5,Laptop & Accessory,1,Married,2,0,22.0,1.0,8.0,9.0,180.82,0,54427,0.06999429,0,0,Low Risk,34.997147,0.0,True Negative (Loyal Customer)
30.0,Phone,1,13.0,Debit Card,Female,2.0,3,Others,5,Divorced,6,0,,0.0,11.0,10.0,295.66,0,50287,0.0008093409,0,0,Low Risk,0.40467045,0.0,True Negative (Loyal Customer)
5.0,Computer,1,19.0,UPI,Female,,4,Mobile Phone,4,Divorced,2,0,20.0,0.0,2.0,2.0,127.43,0,50756,0.02514526,0,0,Low Risk,12.57263,0.0,True Negative (Loyal Customer)
12.0,Phone,1,6.0,Credit Card,Male,2.0,2,Fashion,2,Married,1,0,17.0,3.0,3.0,7.0,196.13,0,50180,0.0039258674,0,0,Low Risk,1.9629337,0.0,True Negative (Loyal Customer)
1.0,Phone,3,16.0,Debit Card,Male,4.0,5,Mobile Phone,5,Married,5,0,13.0,3.0,3.0,3.0,169.0,1,55182,0.9413893,1,1,High Risk,470.69467,50.0,True Positive (saved customer)
5.0,Phone,3,9.0,Debit Card,Male,3.0,4,Mobile Phone,3,Married,2,0,20.0,1.0,2.0,3.0,155.67,0,55578,0.020291856,0,0,Low Risk,10.145927,0.0,True Negative (Loyal Customer)
22.0,Phone,3,17.0,E wallet,Female,3.0,3,Laptop & Accessory,1,Single,4,0,12.0,0.0,1.0,4.0,145.07,0,51130,0.0014144583,0,0,Low Risk,0.70722914,0.0,True Negative (Loyal Customer)
12.0,Phone,3,9.0,Debit Card,Female,3.0,4,Laptop & Accessory,5,Married,5,0,16.0,1.0,2.0,8.0,193.93,0,55124,0.041016288,0,0,Low Risk,20.508144,0.0,True Negative (Loyal Customer)
1.0,Phone,1,25.0,Credit Card,Male,3.0,5,Mobile Phone,2,Single,3,1,14.0,1.0,2.0,2.0,148.89,1,52920,0.91103804,1,1,High Risk,455.519,50.0,True Positive (saved customer)
14.0,Phone,1,6.0,Debit Card,Male,,3,Mobile Phone,1,Married,4,0,22.0,0.0,1.0,0.0,127.82,0,51296,0.044218395,0,0,Low Risk,22.109198,0.0,True Negative (Loyal Customer)
2.0,Phone,1,9.0,Credit Card,Male,2.0,3,Mobile Phone,5,Single,2,1,18.0,0.0,1.0,5.0,147.23,0,52468,0.20963249,0,0,Low Risk,104.816246,0.0,True Negative (Loyal Customer)
21.0,Phone,3,22.0,Debit Card,Female,3.0,3,Laptop & Accessory,3,Married,9,0,14.0,7.0,7.0,7.0,164.39,0,52449,0.17835753,0,0,Low Risk,89.178764,0.0,True Negative (Loyal Customer)
13.0,Phone,3,28.0,Debit Card,Male,3.0,5,Laptop & Accessory,1,Married,5,1,13.0,1.0,2.0,5.0,186.2,0,55147,0.14105788,0,0,Low Risk,70.52894,0.0,True Negative (Loyal Customer)
14.0,Phone,1,11.0,Credit Card,Female,3.0,4,Others,3,Divorced,3,0,,1.0,10.0,10.0,315.33,0,52877,0.014224639,0,0,Low Risk,7.1123195,0.0,True Negative (Loyal Customer)
17.0,Phone,1,13.0,Credit Card,Female,3.0,5,Others,3,Married,9,0,,7.0,7.0,15.0,318.92,0,55491,0.092705004,0,0,Low Risk,46.3525,0.0,True Negative (Loyal Customer)
19.0,Computer,1,30.0,Debit Card,Male,3.0,4,Laptop & Accessory,5,Married,3,1,16.0,2.0,2.0,9.0,161.33,0,54879,0.017983228,0,0,Low Risk,8.991614,0.0,True Negative (Loyal Customer)
3.0,Computer,1,7.0,Debit Card,Male,4.0,6,Mobile Phone,1,Married,3,0,19.0,1.0,3.0,9.0,152.2,0,54680,0.003265622,0,0,Low Risk,1.6328111,0.0,True Negative (Loyal Customer)
4.0,Phone,1,29.0,Credit Card,Male,3.0,4,Laptop & Accessory,2,Divorced,1,0,21.0,1.0,7.0,8.0,155.82,0,50142,0.022313721,0,0,Low Risk,11.15686,0.0,True Negative (Loyal Customer)
8.0,Phone,1,15.0,Credit Card,Female,4.0,4,Laptop & Accessory,3,Single,5,0,12.0,1.0,5.0,4.0,186.42,0,54710,0.06405854,0,0,Low Risk,32.02927,0.0,True Negative (Loyal Customer)
20.0,Phone,3,10.0,Debit Card,Female,3.0,4,Grocery,4,Married,10,0,13.0,,6.0,2.0,291.06,0,55241,0.021219015,0,0,Low Risk,10.609508,0.0,True Negative (Loyal Customer)
15.0,Phone,1,8.0,Credit Card,Male,2.0,3,Grocery,5,Married,1,0,17.0,,13.0,7.0,276.65,0,52145,0.020555077,0,0,Low Risk,10.277538,0.0,True Negative (Loyal Customer)
2.0,Phone,1,33.0,Credit Card,Female,3.0,3,Laptop & Accessory,3,Divorced,5,0,12.0,1.0,1.0,1.0,143.35,0,50448,0.19185103,0,0,Low Risk,95.925514,0.0,True Negative (Loyal Customer)
7.0,Computer,1,30.0,Debit Card,Male,,3,Mobile Phone,3,Married,4,1,22.0,0.0,1.0,0.0,131.61,1,50162,0.5629004,1,1,High Risk,281.45023,50.0,True Positive (saved customer)
18.0,Phone,1,8.0,Credit Card,Male,3.0,3,Others,5,Divorced,6,1,,1.0,1.0,4.0,298.59,1,50444,0.754937,1,1,High Risk,377.4685,50.0,True Positive (saved customer)
11.0,Phone,1,29.0,Debit Card,Male,2.0,3,Laptop & Accessory,2,Married,10,0,14.0,0.0,1.0,2.0,157.45,0,50163,0.006923298,0,0,Low Risk,3.461649,0.0,True Negative (Loyal Customer)
6.0,Phone,1,10.0,Credit Card,Female,2.0,4,Mobile Phone,4,Divorced,9,0,11.0,0.0,1.0,2.0,138.38,0,50942,0.10121191,0,0,Low Risk,50.605957,0.0,True Negative (Loyal Customer)
6.0,Computer,1,29.0,Debit Card,Female,3.0,3,Fashion,1,Single,2,1,12.0,3.0,,12.0,234.57999999999998,0,51401,0.019651454,0,0,Low Risk,9.8257265,0.0,True Negative (Loyal Customer)
,Phone,1,9.0,Debit Card,Male,3.0,4,Mobile Phone,2,Divorced,4,0,17.0,0.0,1.0,0.0,121.77000000000001,0,50101,0.3128215,0,0,Low Risk,156.41075,0.0,True Negative (Loyal Customer)
5.0,Phone,3,16.0,E wallet,Male,2.0,3,Laptop & Accessory,2,Single,2,0,12.0,0.0,1.0,8.0,153.96,0,50403,0.01687142,0,0,Low Risk,8.43571,0.0,True Negative (Loyal Customer)
14.0,Phone,1,25.0,Debit Card,Male,,3,Laptop & Accessory,5,Married,3,0,16.0,1.0,1.0,0.0,130.72,0,50118,0.053202245,0,0,Low Risk,26.601122,0.0,True Negative (Loyal Customer)
15.0,Phone,1,30.0,Credit Card,Male,2.0,3,Fashion,5,Married,2,1,21.0,5.0,5.0,8.0,174.06,0,51797,0.026628636,0,0,Low Risk,13.314318,0.0,True Negative (Loyal Customer)
20.0,Phone,2,12.0,Credit Card,Male,4.0,4,Laptop & Accessory,4,Married,3,1,23.0,2.0,2.0,3.0,175.21,0,54240,0.009962761,0,0,Low Risk,4.9813805,0.0,True Negative (Loyal Customer)
11.0,Computer,1,7.0,Debit Card,Male,2.0,3,Laptop & Accessory,1,Married,8,0,15.0,1.0,2.0,9.0,147.35,0,52533,0.008483615,0,0,Low Risk,4.2418075,0.0,True Negative (Loyal Customer)
10.0,Phone,3,23.0,E wallet,Female,4.0,5,Laptop & Accessory,5,Married,6,0,14.0,2.0,2.0,3.0,181.47,0,55180,0.12686163,0,0,Low Risk,63.430817,0.0,True Negative (Loyal Customer)
1.0,Phone,1,22.0,Credit Card,Male,3.0,4,Fashion,3,Divorced,9,1,13.0,,8.0,8.0,261.1,1,53126,0.9938746,1,1,High Risk,496.93732,50.0,True Positive (saved customer)
14.0,Computer,1,16.0,Credit Card,Male,3.0,4,Mobile Phone,4,Married,10,1,15.0,1.0,2.0,1.0,161.17,0,54852,0.5541991,1,1,High Risk,277.09955,50.0,False Positive (Wasted Offer)
3.0,Phone,1,12.0,Cash on Delivery,Female,2.0,4,Laptop & Accessory,2,Divorced,1,0,12.0,5.0,6.0,7.0,146.27,0,50817,0.009539199,0,0,Low Risk,4.7695994,0.0,True Negative (Loyal Customer)
28.0,Phone,1,6.0,Credit Card,Male,2.0,3,Others,5,Single,1,1,14.0,,4.0,13.0,290.45,0,51616,0.0015561183,0,0,Low Risk,0.7780591,0.0,True Negative (Loyal Customer)
4.0,Computer,1,16.0,Credit Card,Female,4.0,4,Laptop & Accessory,3,Single,9,1,19.0,2.0,2.0,8.0,171.95,0,53622,0.11946154,0,0,Low Risk,59.730766,0.0,True Negative (Loyal Customer)
5.0,Phone,1,35.0,Debit Card,Female,,4,Mobile Phone,4,Single,2,0,13.0,3.0,4.0,1.0,128.37,0,51302,0.05162885,0,0,Low Risk,25.814425,0.0,True Negative (Loyal Customer)
9.0,Phone,1,32.0,Credit Card,Female,3.0,4,Fashion,3,Married,3,1,12.0,1.0,11.0,,228.88,0,54890,0.077169634,0,0,Low Risk,38.584816,0.0,True Negative (Loyal Customer)
13.0,Computer,3,27.0,Debit Card,Male,3.0,4,Laptop & Accessory,1,Married,4,0,19.0,2.0,3.0,3.0,166.27,0,53983,0.023196843,0,0,Low Risk,11.598421,0.0,True Negative (Loyal Customer)
4.0,Phone,3,32.0,E wallet,Male,3.0,5,Fashion,4,Single,4,1,13.0,2.0,2.0,,215.94,1,55107,0.9563265,1,1,High Risk,478.16324,50.0,True Positive (saved customer)
22.0,Computer,1,7.0,Credit Card,Male,3.0,2,Grocery,2,Single,4,0,,1.0,3.0,2.0,293.85,0,53495,0.0011114035,0,0,Low Risk,0.55570173,0.0,True Negative (Loyal Customer)
9.0,Computer,1,11.0,Debit Card,Male,3.0,4,Laptop & Accessory,3,Single,3,1,12.0,2.0,2.0,2.0,167.49,0,55122,0.032220833,0,0,Low Risk,16.110416,0.0,True Negative (Loyal Customer)
13.0,Computer,1,15.0,UPI,Male,2.0,3,Laptop & Accessory,3,Married,4,0,11.0,1.0,1.0,7.0,139.75,0,50905,0.004380371,0,0,Low Risk,2.1901855,0.0,True Negative (Loyal Customer)
,Phone,1,7.0,Debit Card,Female,2.0,3,Mobile Phone,5,Married,3,0,22.0,0.0,1.0,0.0,120.66,0,52369,0.14953037,0,0,Low Risk,74.76518,0.0,True Negative (Loyal Customer)
3.0,Computer,1,7.0,Debit Card,Male,4.0,2,Laptop & Accessory,3,Single,10,1,13.0,1.0,2.0,3.0,187.94,0,53941,0.23042446,0,0,Low Risk,115.212234,0.0,True Negative (Loyal Customer)
9.0,Phone,1,30.0,Credit Card,Male,4.0,6,Mobile Phone,3,Married,2,0,17.0,2.0,2.0,4.0,152.05,0,53993,0.025641497,0,0,Low Risk,12.820748,0.0,True Negative (Loyal Customer)
1.0,Phone,1,32.0,Debit Card,Male,3.0,4,Mobile Phone,1,Single,3,1,25.0,1.0,2.0,2.0,152.95,1,54817,0.8471548,1,1,High Risk,423.5774,50.0,True Positive (saved customer)
22.0,Phone,1,11.0,Cash on Delivery,Male,3.0,3,Laptop & Accessory,3,Married,3,0,14.0,0.0,1.0,2.0,166.51,0,52390,0.0031447934,0,0,Low Risk,1.5723968,0.0,True Negative (Loyal Customer)
24.0,Phone,1,17.0,Cash on Delivery,Female,2.0,4,Grocery,4,Single,4,0,16.0,0.0,1.0,3.0,231.42000000000002,0,52317,0.0039334134,0,0,Low Risk,1.9667068,0.0,True Negative (Loyal Customer)
17.0,Phone,1,21.0,Debit Card,Male,4.0,4,Grocery,5,Married,8,0,,2.0,2.0,1.0,296.59,0,54770,0.008614693,0,0,Low Risk,4.3073463,0.0,True Negative (Loyal Customer)
15.0,Phone,1,14.0,Cash on Delivery,Female,3.0,2,Mobile Phone,3,Divorced,3,0,14.0,2.0,2.0,9.0,158.76,0,53474,0.0038055063,0,0,Low Risk,1.9027531,0.0,True Negative (Loyal Customer)
12.0,Computer,1,9.0,Credit Card,Female,4.0,5,Mobile Phone,4,Married,6,0,15.0,1.0,2.0,6.0,149.68,0,53947,0.1051061,0,0,Low Risk,52.55305,0.0,True Negative (Loyal Customer)
29.0,Computer,1,25.0,Credit Card,Male,4.0,4,Laptop & Accessory,4,Divorced,5,1,15.0,7.0,7.0,8.0,188.85,0,53436,0.0071034906,0,0,Low Risk,3.5517454,0.0,True Negative (Loyal Customer)
0.0,Computer,1,,Debit Card,Female,2.0,1,Mobile Phone,3,Single,4,1,14.0,0.0,1.0,3.0,124.32,1,52721,0.97740936,1,1,High Risk,488.70468,50.0,True Positive (saved customer)
12.0,Phone,1,16.0,Credit Card,Male,3.0,3,Fashion,3,Single,8,0,21.0,2.0,,2.0,234.64,0,52630,0.07561443,0,0,Low Risk,37.807217,0.0,True Negative (Loyal Customer)
14.0,Computer,3,16.0,Credit Card,Male,2.0,5,Laptop & Accessory,4,Single,2,0,13.0,3.0,11.0,9.0,161.51,0,50827,0.018543271,0,0,Low Risk,9.271636,0.0,True Negative (Loyal Customer)
20.0,Computer,1,,Debit Card,Male,2.0,4,Mobile Phone,2,Married,10,1,14.0,0.0,1.0,0.0,123.80000000000001,1,50536,0.887519,1,1,High Risk,443.7595,50.0,True Positive (saved customer)
12.0,Phone,2,8.0,Debit Card,Female,2.0,4,Laptop & Accessory,1,Married,9,0,11.0,1.0,1.0,4.0,152.04,0,52000,0.018092562,0,0,Low Risk,9.046281,0.0,True Negative (Loyal Customer)
1.0,Phone,1,13.0,Debit Card,Male,4.0,2,Mobile Phone,5,Married,3,1,22.0,1.0,2.0,1.0,141.01,1,54746,0.7691686,1,1,High Risk,384.58432,50.0,True Positive (saved customer)
18.0,Computer,3,8.0,Debit Card,Female,3.0,3,Laptop & Accessory,3,Married,5,0,22.0,3.0,5.0,7.0,151.54,0,51190,0.02835424,0,0,Low Risk,14.17712,0.0,True Negative (Loyal Customer)
2.0,Phone,1,15.0,Credit Card,Female,,3,Mobile Phone,3,Married,10,0,17.0,0.0,1.0,2.0,129.74,0,52565,0.10163367,0,0,Low Risk,50.816833,0.0,True Negative (Loyal Customer)
,Phone,1,20.0,Debit Card,Male,2.0,3,Mobile Phone,5,Married,2,1,14.0,5.0,6.0,8.0,122.35,0,52235,0.522676,1,1,High Risk,261.33798,50.0,False Positive (Wasted Offer)
1.0,Phone,1,24.0,Credit Card,Female,3.0,5,Laptop & Accessory,3,Married,3,0,16.0,1.0,4.0,3.0,168.77,0,54885,0.22503172,0,0,Low Risk,112.51586,0.0,True Negative (Loyal Customer)
0.0,Computer,1,9.0,Cash on Delivery,Male,,3,Mobile Phone,5,Single,1,0,22.0,0.0,1.0,4.0,131.02,1,50258,0.94404584,1,1,High Risk,472.02292,50.0,True Positive (saved customer)
1.0,Computer,2,29.0,UPI,Female,3.0,5,Mobile Phone,4,Married,3,0,13.0,2.0,2.0,1.0,153.63,1,55540,0.95823485,1,1,High Risk,479.11743,50.0,True Positive (saved customer)
,Phone,1,20.0,Debit Card,Male,2.0,3,Mobile Phone,5,Divorced,2,1,14.0,2.0,6.0,8.0,122.35,0,50765,0.5139652,1,1,High Risk,256.9826,50.0,False Positive (Wasted Offer)
4.0,Computer,1,16.0,Credit Card,Male,4.0,4,Laptop & Accessory,5,Married,3,0,12.0,1.0,7.0,11.0,155.72,0,52864,0.031019581,0,0,Low Risk,15.50979,0.0,True Negative (Loyal Customer)
8.0,Phone,1,34.0,Credit Card,Female,4.0,4,Mobile Phone,4,Single,4,0,16.0,1.0,2.0,3.0,148.11,0,54342,0.036075957,0,0,Low Risk,18.03798,0.0,True Negative (Loyal Customer)
0.0,Phone,1,7.0,Credit Card,Male,,3,Mobile Phone,5,Single,1,0,13.0,7.0,7.0,6.0,128.67,0,52732,0.27422556,0,0,Low Risk,137.11278,0.0,True Negative (Loyal Customer)
14.0,Computer,1,18.0,Cash on Delivery,Female,4.0,4,Laptop & Accessory,3,Married,3,0,12.0,3.0,10.0,5.0,188.23,0,54100,0.0412981,0,0,Low Risk,20.64905,0.0,True Negative (Loyal Customer)
31.0,Phone,1,25.0,Credit Card,Male,4.0,4,Fashion,2,Single,8,0,13.0,2.0,6.0,,230.12,0,53610,0.0025564823,0,0,Low Risk,1.2782412,0.0,True Negative (Loyal Customer)
9.0,Computer,3,18.0,E wallet,Male,3.0,4,Laptop & Accessory,1,Married,3,0,12.0,2.0,2.0,3.0,174.68,0,54981,0.09573845,0,0,Low Risk,47.869225,0.0,True Negative (Loyal Customer)
16.0,Phone,1,10.0,Debit Card,Female,4.0,2,Laptop & Accessory,1,Married,4,1,14.0,2.0,2.0,4.0,177.31,0,54804,0.0043331226,0,0,Low Risk,2.1665614,0.0,True Negative (Loyal Customer)
12.0,Phone,3,9.0,E wallet,Male,3.0,4,Fashion,4,Single,9,0,17.0,2.0,2.0,1.0,198.51,0,54972,0.041744582,0,0,Low Risk,20.872292,0.0,True Negative (Loyal Customer)
7.0,Phone,1,25.0,Debit Card,Female,,4,Mobile Phone,1,Married,2,0,12.0,1.0,8.0,7.0,129.29,0,52558,0.0299886,0,0,Low Risk,14.9943,0.0,True Negative (Loyal Customer)
25.0,Computer,1,25.0,Credit Card,Male,2.0,3,Mobile Phone,2,Divorced,1,0,18.0,1.0,1.0,2.0,142.58,0,50446,0.0017154285,0,0,Low Risk,0.8577143,0.0,True Negative (Loyal Customer)
22.0,Phone,1,9.0,Cash on Delivery,Male,4.0,2,Mobile Phone,4,Single,7,0,12.0,1.0,2.0,1.0,150.59,0,53592,0.003663839,0,0,Low Risk,1.8319196,0.0,True Negative (Loyal Customer)
1.0,Phone,3,7.0,Credit Card,Female,3.0,5,Mobile Phone,3,Married,8,1,20.0,2.0,2.0,3.0,153.0,1,54806,0.9622582,1,1,High Risk,481.12912,50.0,True Positive (saved customer)
3.0,Computer,3,6.0,E wallet,Male,3.0,4,Laptop & Accessory,2,Divorced,2,0,20.0,1.0,2.0,2.0,168.42,0,53267,0.02068829,0,0,Low Risk,10.344145,0.0,True Negative (Loyal Customer)
12.0,Computer,1,14.0,Debit Card,Male,3.0,2,Mobile Phone,3,Married,3,0,12.0,1.0,2.0,4.0,151.1,0,55143,0.018282384,0,0,Low Risk,9.1411915,0.0,True Negative (Loyal Customer)
4.0,Phone,3,26.0,E wallet,Female,,3,Mobile Phone,4,Single,2,1,22.0,0.0,1.0,2.0,131.4,1,50058,0.82335615,1,1,High Risk,411.67807,50.0,True Positive (saved customer)
12.0,Phone,1,17.0,Credit Card,Female,4.0,4,Laptop & Accessory,3,Divorced,5,0,20.0,2.0,2.0,,223.24,0,53162,0.06341129,0,0,Low Risk,31.705645,0.0,True Negative (Loyal Customer)
13.0,Phone,1,9.0,Cash on Delivery,Female,4.0,5,Laptop & Accessory,3,Single,3,0,12.0,3.0,12.0,11.0,170.53,0,53217,0.0018692147,0,0,Low Risk,0.9346073,0.0,True Negative (Loyal Customer)
2.0,Phone,1,36.0,Credit Card,Male,4.0,4,Laptop & Accessory,5,Married,9,1,20.0,2.0,2.0,1.0,191.73,1,54365,0.6925274,1,1,High Risk,346.2637,50.0,True Positive (saved customer)
24.0,Phone,1,6.0,Debit Card,Male,,3,Mobile Phone,2,Divorced,2,0,11.0,1.0,1.0,0.0,127.22999999999999,0,50134,0.0017493829,0,0,Low Risk,0.8746915,0.0,True Negative (Loyal Customer)
,Phone,1,16.0,Debit Card,Male,2.0,3,Mobile Phone,4,Married,2,0,14.0,1.0,1.0,0.0,120.08000000000001,0,52017,0.53698325,1,1,High Risk,268.49164,50.0,False Positive (Wasted Offer)
9.0,Phone,1,27.0,Credit Card,Female,3.0,3,Laptop & Accessory,4,Married,5,0,22.0,3.0,3.0,7.0,189.26,1,52644,0.5725768,1,1,High Risk,286.28842,50.0,True Positive (saved customer)
16.0,Computer,1,34.0,Credit Card,Female,3.0,1,Mobile Phone,3,Single,5,0,12.0,0.0,1.0,2.0,147.39,0,51476,0.04894921,0,0,Low Risk,24.474606,0.0,True Negative (Loyal Customer)
7.0,Phone,1,6.0,Debit Card,Male,2.0,4,Mobile Phone,2,Divorced,2,1,13.0,0.0,1.0,3.0,136.22,0,50357,0.033844013,0,0,Low Risk,16.922007,0.0,True Negative (Loyal Customer)
1.0,Phone,1,9.0,Credit Card,Male,3.0,2,Laptop & Accessory,1,Married,3,0,13.0,2.0,2.0,4.0,179.72,0,54894,0.027969873,0,0,Low Risk,13.984937,0.0,True Negative (Loyal Customer)
0.0,Phone,1,,Credit Card,Female,3.0,4,Mobile Phone,5,Single,2,1,15.0,0.0,1.0,0.0,126.0,1,50607,0.95342773,1,1,High Risk,476.71387,50.0,True Positive (saved customer)
9.0,Phone,3,8.0,Credit Card,Male,3.0,4,Fashion,3,Divorced,2,0,13.0,9.0,9.0,0.0,175.96,0,50260,0.031511735,0,0,Low Risk,15.755868,0.0,True Negative (Loyal Customer)
5.0,Phone,1,9.0,Credit Card,Female,3.0,6,Mobile Phone,1,Married,3,1,12.0,1.0,2.0,1.0,136.29,0,55563,0.26422,0,0,Low Risk,132.11,0.0,True Negative (Loyal Customer)
19.0,Phone,1,8.0,Cash on Delivery,Male,2.0,3,Laptop & Accessory,1,Married,3,0,11.0,0.0,1.0,4.0,173.79,0,52223,0.06421765,0,0,Low Risk,32.108826,0.0,True Negative (Loyal Customer)
7.0,Computer,3,24.0,Debit Card,Male,3.0,4,Grocery,3,Single,3,0,,6.0,7.0,1.0,299.44,0,54871,0.030496879,0,0,Low Risk,15.248439,0.0,True Negative (Loyal Customer)
5.0,Computer,3,27.0,Debit Card,Male,4.0,2,Mobile Phone,2,Divorced,2,0,13.0,2.0,3.0,3.0,152.91,0,53509,0.011187886,0,0,Low Risk,5.593943,0.0,True Negative (Loyal Customer)
1.0,Phone,3,16.0,E wallet,Female,4.0,4,Laptop & Accessory,5,Single,5,1,18.0,1.0,2.0,4.0,207.24,1,54990,0.98959875,1,1,High Risk,494.79938,50.0,True Positive (saved customer)
0.0,Computer,1,6.0,Debit Card,Female,2.0,3,Laptop & Accessory,4,Married,2,0,20.0,1.0,1.0,4.0,163.97,0,51624,0.012363628,0,0,Low Risk,6.1818137,0.0,True Negative (Loyal Customer)
2.0,Computer,1,26.0,Credit Card,Male,2.0,3,Mobile Phone,1,Married,2,0,13.0,1.0,3.0,10.0,138.12,0,51194,0.027925052,0,0,Low Risk,13.962526,0.0,True Negative (Loyal Customer)
18.0,Phone,3,26.0,Debit Card,Female,2.0,3,Laptop & Accessory,3,Single,9,0,15.0,0.0,1.0,1.0,148.5,0,52800,0.09459534,0,0,Low Risk,47.297672,0.0,True Negative (Loyal Customer)
14.0,Computer,3,7.0,UPI,Male,3.0,4,Laptop & Accessory,3,Single,5,1,15.0,2.0,2.0,1.0,172.28,1,54962,0.9288858,1,1,High Risk,464.4429,50.0,True Positive (saved customer)
14.0,Phone,3,35.0,E wallet,Male,3.0,5,Fashion,5,Married,6,1,14.0,3.0,,1.0,233.54000000000002,1,55622,0.9626767,1,1,High Risk,481.33835,50.0,True Positive (saved customer)
13.0,Phone,3,8.0,E wallet,Female,3.0,3,Laptop & Accessory,4,Married,4,0,14.0,1.0,5.0,10.0,156.77,0,52756,0.020566927,0,0,Low Risk,10.2834635,0.0,True Negative (Loyal Customer)
1.0,Phone,1,9.0,Credit Card,Male,3.0,4,Mobile Phone,3,Single,8,0,18.0,1.0,3.0,2.0,168.82,1,53289,0.5278151,1,1,High Risk,263.90756,50.0,True Positive (saved customer)
7.0,Computer,2,17.0,Debit Card,Male,2.0,4,Laptop & Accessory,4,Divorced,5,0,11.0,0.0,1.0,8.0,144.9,0,50799,0.059141383,0,0,Low Risk,29.570692,0.0,True Negative (Loyal Customer)
1.0,Computer,1,13.0,Debit Card,Female,4.0,5,Mobile Phone,1,Single,3,1,19.0,1.0,2.0,1.0,154.26,1,54263,0.92133784,1,1,High Risk,460.6689,50.0,True Positive (saved customer)
,Computer,1,23.0,Debit Card,Male,3.0,5,Mobile Phone,3,Single,3,0,13.0,1.0,1.0,0.0,122.9,0,52208,0.60792077,1,1,High Risk,303.9604,50.0,False Positive (Wasted Offer)
8.0,Phone,1,7.0,Debit Card,Male,3.0,4,Laptop & Accessory,1,Married,11,0,18.0,2.0,3.0,2.0,179.84,0,53808,0.13891071,0,0,Low Risk,69.45535,0.0,True Negative (Loyal Customer)
13.0,Phone,1,8.0,Credit Card,Male,2.0,3,Others,3,Married,1,0,,3.0,3.0,9.0,294.36,0,51603,0.039164785,0,0,Low Risk,19.582392,0.0,True Negative (Loyal Customer)
9.0,Phone,1,6.0,Cash on Delivery,Female,3.0,5,Fashion,5,Married,3,1,21.0,5.0,7.0,7.0,202.52,0,50758,0.031161804,0,0,Low Risk,15.580902,0.0,True Negative (Loyal Customer)
7.0,Phone,1,15.0,Debit Card,Male,4.0,4,Laptop & Accessory,3,Single,4,1,18.0,2.0,2.0,1.0,188.88,0,55235,0.09901084,0,0,Low Risk,49.50542,0.0,True Negative (Loyal Customer)
0.0,Phone,1,22.0,Debit Card,Female,,1,Mobile Phone,5,Single,2,0,16.0,3.0,15.0,14.0,127.43,1,52098,0.59189516,1,1,High Risk,295.94757,50.0,True Positive (saved customer)
23.0,Phone,1,6.0,Credit Card,Male,3.0,3,Grocery,1,Married,10,0,22.0,,1.0,3.0,273.99,0,52060,0.0023520365,0,0,Low Risk,1.1760182,0.0,True Negative (Loyal Customer)
14.0,Computer,1,16.0,Credit Card,Female,3.0,4,Fashion,3,Single,11,0,18.0,1.0,,14.0,259.99,0,53528,0.006118303,0,0,Low Risk,3.0591516,0.0,True Negative (Loyal Customer)
30.0,Phone,3,9.0,Debit Card,Female,2.0,4,Laptop & Accessory,2,Single,6,0,17.0,0.0,1.0,5.0,151.71,0,50773,0.0058114678,0,0,Low Risk,2.9057338,0.0,True Negative (Loyal Customer)
,Computer,1,9.0,Debit Card,Male,2.0,4,Mobile Phone,3,Married,2,0,18.0,1.0,1.0,0.0,112.81,0,51861,0.4467764,0,1,Medium Risk (Actionable),223.3882,50.0,False Positive (Wasted Offer)
0.0,Phone,1,8.0,Credit Card,Male,2.0,1,Laptop & Accessory,1,Married,2,0,12.0,1.0,1.0,3.0,154.72,0,52079,0.0056316266,0,0,Low Risk,2.8158133,0.0,True Negative (Loyal Customer)
13.0,Phone,1,,Credit Card,Male,3.0,3,Mobile Phone,3,Married,3,0,14.0,1.0,1.0,2.0,123.44999999999999,0,52391,0.057824533,0,0,Low Risk,28.912266,0.0,True Negative (Loyal Customer)
0.0,Phone,1,14.0,Credit Card,Female,2.0,1,Mobile Phone,3,Married,8,0,17.0,0.0,1.0,2.0,135.17,0,51045,0.050438065,0,0,Low Risk,25.219032,0.0,True Negative (Loyal Customer)
15.0,Phone,1,14.0,Credit Card,Female,3.0,4,Laptop & Accessory,3,Single,8,0,15.0,3.0,3.0,2.0,175.03,0,54898,0.025813112,0,0,Low Risk,12.906556,0.0,True Negative (Loyal Customer)
7.0,Computer,1,8.0,Debit Card,Male,3.0,3,Laptop & Accessory,3,Single,3,0,11.0,1.0,1.0,2.0,140.33,0,50698,0.06324728,0,0,Low Risk,31.62364,0.0,True Negative (Loyal Customer)
1.0,Computer,3,31.0,Credit Card,Male,3.0,4,Mobile Phone,1,Married,2,0,14.0,2.0,3.0,2.0,149.0,0,54631,0.34664637,0,0,Low Risk,173.32318,0.0,True Negative (Loyal Customer)
3.0,Phone,3,28.0,E wallet,Male,3.0,4,Laptop & Accessory,3,Divorced,3,1,12.0,1.0,1.0,0.0,163.8,1,50244,0.91908085,1,1,High Risk,459.54044,50.0,True Positive (saved customer)
7.0,Computer,1,8.0,Debit Card,Male,2.0,4,Laptop & Accessory,3,Divorced,2,0,17.0,0.0,1.0,9.0,195.47,0,50064,0.03860186,0,0,Low Risk,19.30093,0.0,True Negative (Loyal Customer)
10.0,Phone,1,13.0,Debit Card,Male,3.0,4,Mobile Phone,1,Married,2,0,12.0,2.0,11.0,12.0,157.1,0,54430,0.0036632232,0,0,Low Risk,1.8316116,0.0,True Negative (Loyal Customer)
4.0,Phone,3,13.0,Cash on Delivery,Male,3.0,2,Laptop & Accessory,2,Divorced,5,0,11.0,3.0,7.0,7.0,169.29,0,50179,0.006229674,0,0,Low Risk,3.114837,0.0,True Negative (Loyal Customer)
11.0,Phone,3,6.0,Debit Card,Male,2.0,3,Laptop & Accessory,4,Married,1,0,15.0,4.0,5.0,8.0,144.4,0,51292,0.0030530815,0,0,Low Risk,1.5265408,0.0,True Negative (Loyal Customer)
22.0,Phone,3,9.0,E wallet,Female,3.0,4,Laptop & Accessory,2,Divorced,4,0,15.0,5.0,7.0,8.0,165.51,0,53135,0.00836404,0,0,Low Risk,4.18202,0.0,True Negative (Loyal Customer)
0.0,Phone,3,32.0,Credit Card,Female,2.0,3,Laptop & Accessory,1,Single,2,0,23.0,0.0,1.0,4.0,161.8,0,51909,0.04086471,0,0,Low Risk,20.432354,0.0,True Negative (Loyal Customer)
1.0,Phone,3,16.0,Debit Card,Male,3.0,5,Mobile Phone,5,Single,9,0,24.0,1.0,2.0,4.0,159.07,1,54182,0.9704459,1,1,High Risk,485.22293,50.0,True Positive (saved customer)
16.0,Phone,3,12.0,E wallet,Male,3.0,4,Others,3,Divorced,8,0,,1.0,2.0,1.0,308.03,0,53432,0.010017576,0,0,Low Risk,5.0087876,0.0,True Negative (Loyal Customer)
0.0,Computer,3,,Cash on Delivery,Female,3.0,5,Mobile Phone,5,Single,1,0,21.0,1.0,1.0,0.0,123.25,1,51517,0.96476597,1,1,High Risk,482.383,50.0,True Positive (saved customer)
16.0,Computer,1,16.0,Debit Card,Female,2.0,4,Laptop & Accessory,3,Married,2,0,11.0,0.0,1.0,0.0,152.57,0,50206,0.02663792,0,0,Low Risk,13.318959,0.0,True Negative (Loyal Customer)
1.0,Phone,1,9.0,Debit Card,Female,4.0,4,Mobile Phone,5,Married,3,1,13.0,2.0,2.0,1.0,145.74,1,55271,0.9262791,1,1,High Risk,463.13956,50.0,True Positive (saved customer)
,Phone,1,29.0,Debit Card,Male,2.0,3,Mobile Phone,2,Single,10,0,16.0,1.0,1.0,2.0,122.00999999999999,0,50247,0.06735578,0,0,Low Risk,33.67789,0.0,True Negative (Loyal Customer)
0.0,Phone,1,,Debit Card,Female,3.0,3,Mobile Phone,2,Divorced,2,1,11.0,1.0,1.0,0.0,125.15,1,50718,0.90284353,1,1,High Risk,451.42175,50.0,True Positive (saved customer)
4.0,Phone,1,8.0,Credit Card,Female,2.0,5,Mobile Phone,1,Married,2,1,11.0,0.0,1.0,0.0,111.28999999999999,0,52748,0.44947714,0,1,Medium Risk (Actionable),224.73857,50.0,False Positive (Wasted Offer)
0.0,Computer,1,15.0,Debit Card,Male,,4,Mobile Phone,4,Married,2,0,11.0,0.0,1.0,0.0,126.94,0,51932,0.5908979,1,1,High Risk,295.44894,50.0,False Positive (Wasted Offer)
1.0,Phone,2,16.0,Cash on Delivery,Female,3.0,4,Mobile Phone,3,Married,3,0,16.0,3.0,3.0,3.0,152.42,1,55200,0.52349865,1,1,High Risk,261.74933,50.0,True Positive (saved customer)
9.0,Phone,3,25.0,Credit Card,Male,4.0,4,Laptop & Accessory,5,Married,2,0,17.0,2.0,2.0,5.0,180.61,0,55541,0.059307538,0,0,Low Risk,29.653769,0.0,True Negative (Loyal Customer)
22.0,Computer,1,16.0,Debit Card,Female,2.0,3,Others,5,Single,10,1,11.0,,1.0,2.0,286.65,0,50166,0.007313785,0,0,Low Risk,3.6568925,0.0,True Negative (Loyal Customer)
9.0,Phone,1,10.0,Debit Card,Male,2.0,4,Laptop & Accessory,1,Single,2,0,16.0,0.0,1.0,8.0,158.1,0,52364,0.0147871785,0,0,Low Risk,7.393589,0.0,True Negative (Loyal Customer)
9.0,Computer,3,18.0,E wallet,Male,3.0,4,Laptop & Accessory,2,Married,3,0,12.0,1.0,2.0,3.0,174.68,0,53511,0.0995155,0,0,Low Risk,49.757748,0.0,True Negative (Loyal Customer)
6.0,Computer,3,8.0,E wallet,Female,3.0,3,Laptop & Accessory,4,Single,9,0,15.0,1.0,1.0,7.0,151.47,0,52599,0.16713832,0,0,Low Risk,83.56916,0.0,True Negative (Loyal Customer)
2.0,Phone,3,12.0,Credit Card,Male,3.0,4,Laptop & Accessory,5,Single,2,0,19.0,1.0,2.0,,209.63,0,55202,0.18860398,0,0,Low Risk,94.301994,0.0,True Negative (Loyal Customer)
1.0,Computer,1,36.0,Credit Card,Female,3.0,5,Laptop & Accessory,3,Single,3,0,23.0,3.0,4.0,9.0,170.08,1,54953,0.92770916,1,1,High Risk,463.85458,50.0,True Positive (saved customer)
0.0,Phone,1,,Debit Card,Male,2.0,1,Mobile Phone,4,Married,2,1,16.0,2.0,2.0,2.0,123.28,0,51552,0.18537442,0,0,Low Risk,92.68721,0.0,True Negative (Loyal Customer)
8.0,Phone,1,12.0,Credit Card,Female,3.0,5,Fashion,5,Single,4,0,13.0,3.0,,9.0,241.31,0,54277,0.031900365,0,0,Low Risk,15.950183,0.0,True Negative (Loyal Customer)
2.0,Phone,1,9.0,Credit Card,Male,3.0,4,Laptop & Accessory,4,Married,6,0,12.0,2.0,2.0,5.0,173.55,1,55273,0.5590974,1,1,High Risk,279.5487,50.0,True Positive (saved customer)
13.0,Phone,1,25.0,Debit Card,Male,3.0,4,Laptop & Accessory,3,Single,2,0,12.0,2.0,2.0,8.0,170.34,0,55110,0.019211877,0,0,Low Risk,9.605939,0.0,True Negative (Loyal Customer)
14.0,Computer,1,13.0,Debit Card,Female,2.0,5,Others,3,Married,2,0,,5.0,5.0,10.0,299.73,0,52092,0.015795186,0,0,Low Risk,7.897593,0.0,True Negative (Loyal Customer)
9.0,Phone,1,34.0,Credit Card,Female,3.0,5,Mobile Phone,5,Single,3,0,12.0,2.0,2.0,2.0,150.59,0,53311,0.11076534,0,0,Low Risk,55.382668,0.0,True Negative (Loyal Customer)
31.0,Phone,1,30.0,Debit Card,Male,3.0,4,Mobile Phone,3,Married,3,0,13.0,3.0,3.0,3.0,148.72,0,53629,0.003822386,0,0,Low Risk,1.911193,0.0,True Negative (Loyal Customer)
2.0,Phone,1,14.0,Credit Card,Male,3.0,4,Laptop & Accessory,2,Divorced,2,1,13.0,0.0,1.0,2.0,150.56,0,50701,0.041839197,0,0,Low Risk,20.9196,0.0,True Negative (Loyal Customer)
9.0,Phone,1,18.0,Credit Card,Female,2.0,4,Fashion,2,Single,1,0,11.0,5.0,7.0,8.0,188.58,0,50649,0.03306649,0,0,Low Risk,16.533245,0.0,True Negative (Loyal Customer)
11.0,Phone,1,26.0,Debit Card,Male,3.0,4,Laptop & Accessory,3,Married,5,0,18.0,1.0,2.0,3.0,182.68,0,53849,0.036721222,0,0,Low Risk,18.360611,0.0,True Negative (Loyal Customer)
19.0,Phone,1,32.0,Debit Card,Female,4.0,5,Laptop & Accessory,1,Married,2,0,14.0,1.0,4.0,9.0,184.06,0,55507,0.020287832,0,0,Low Risk,10.143916,0.0,True Negative (Loyal Customer)
0.0,Phone,3,19.0,E wallet,Male,3.0,4,Laptop & Accessory,5,Married,6,1,13.0,1.0,2.0,2.0,161.34,1,52582,0.9840274,1,1,High Risk,492.0137,50.0,True Positive (saved customer)
3.0,Phone,1,9.0,Debit Card,Male,4.0,4,Mobile Phone,4,Married,2,0,24.0,2.0,2.0,5.0,152.03,0,54232,0.019655623,0,0,Low Risk,9.827811,0.0,True Negative (Loyal Customer)
1.0,Phone,1,35.0,Credit Card,Male,3.0,3,Laptop & Accessory,5,Divorced,8,1,19.0,0.0,1.0,0.0,166.73,1,50080,0.6596499,1,1,High Risk,329.82495,50.0,True Positive (saved customer)
0.0,Phone,1,,Cash on Delivery,Male,3.0,4,Mobile Phone,5,Single,7,0,13.0,1.0,1.0,7.0,123.62,1,52423,0.9843315,1,1,High Risk,492.16574,50.0,True Positive (saved customer)
0.0,Phone,1,,Cash on Delivery,Female,3.0,4,Mobile Phone,4,Divorced,6,0,16.0,0.0,1.0,1.0,125.46000000000001,1,50297,0.9525549,1,1,High Risk,476.27744,50.0,True Positive (saved customer)
2.0,Phone,1,16.0,Credit Card,Male,4.0,4,Mobile Phone,2,Divorced,3,0,24.0,2.0,2.0,5.0,145.7,0,52963,0.02717447,0,0,Low Risk,13.5872345,0.0,True Negative (Loyal Customer)
21.0,Phone,1,9.0,Credit Card,Female,4.0,4,Laptop & Accessory,1,Married,7,0,14.0,1.0,2.0,5.0,175.7,0,54589,0.09092842,0,0,Low Risk,45.46421,0.0,True Negative (Loyal Customer)
13.0,Phone,1,17.0,Credit Card,Male,3.0,4,Grocery,5,Divorced,3,1,,12.0,12.0,11.0,295.68,0,53005,0.015914433,0,0,Low Risk,7.9572163,0.0,True Negative (Loyal Customer)
13.0,Phone,1,8.0,Debit Card,Male,3.0,3,Laptop & Accessory,2,Single,2,0,13.0,3.0,8.0,8.0,146.61,0,50835,0.011086005,0,0,Low Risk,5.5430026,0.0,True Negative (Loyal Customer)
5.0,Phone,3,13.0,Debit Card,Male,3.0,4,Laptop & Accessory,3,Divorced,2,0,14.0,1.0,4.0,8.0,154.84,0,50182,0.008350636,0,0,Low Risk,4.175318,0.0,True Negative (Loyal Customer)
1.0,Phone,1,8.0,Credit Card,Male,2.0,3,Laptop & Accessory,4,Married,5,0,11.0,0.0,1.0,4.0,148.55,1,50988,0.20235783,0,0,Low Risk,101.17892,0.0,False Negative (Missed Churner)
18.0,Phone,3,12.0,E wallet,Male,3.0,4,Others,4,Married,9,0,,2.0,4.0,11.0,307.13,0,55068,0.032608796,0,0,Low Risk,16.304398,0.0,True Negative (Loyal Customer)
22.0,Phone,1,,Credit Card,Female,3.0,3,Mobile Phone,5,Married,5,1,16.0,1.0,2.0,2.0,125.87,0,51068,0.0047523165,0,0,Low Risk,2.3761582,0.0,True Negative (Loyal Customer)
9.0,Phone,3,24.0,Debit Card,Male,4.0,4,Laptop & Accessory,5,Divorced,5,1,16.0,2.0,2.0,,214.66,0,53561,0.25029394,0,0,Low Risk,125.14697,0.0,True Negative (Loyal Customer)
4.0,Phone,1,18.0,Credit Card,Female,3.0,3,Mobile Phone,2,Divorced,9,1,23.0,1.0,1.0,2.0,139.29,0,50056,0.48628315,0,1,Medium Risk (Actionable),243.14157,50.0,False Positive (Wasted Offer)
9.0,Phone,1,32.0,Cash on Delivery,Male,4.0,5,Fashion,4,Married,5,0,17.0,3.0,,9.0,234.02999999999997,0,54808,0.045553725,0,0,Low Risk,22.776863,0.0,True Negative (Loyal Customer)
5.0,Computer,1,14.0,Debit Card,Female,3.0,5,Fashion,3,Divorced,3,0,25.0,4.0,9.0,,214.43,0,53016,0.09956431,0,0,Low Risk,49.782154,0.0,True Negative (Loyal Customer)
3.0,Phone,1,13.0,Debit Card,Male,2.0,3,Laptop & Accessory,3,Married,2,0,13.0,8.0,8.0,9.0,134.91,0,50750,0.05582963,0,0,Low Risk,27.914814,0.0,True Negative (Loyal Customer)
0.0,Phone,1,35.0,Credit Card,Male,3.0,3,Mobile Phone,5,Married,2,0,13.0,1.0,1.0,2.0,139.07,0,52576,0.19247223,0,0,Low Risk,96.236115,0.0,True Negative (Loyal Customer)
15.0,Phone,1,15.0,UPI,Male,3.0,4,Others,1,Single,9,0,,1.0,1.0,1.0,296.13,0,51005,0.022939261,0,0,Low Risk,11.46963,0.0,True Negative (Loyal Customer)
14.0,Phone,1,9.0,Credit Card,Female,3.0,2,Laptop & Accessory,3,Married,7,0,21.0,6.0,12.0,9.0,188.77,0,53669,0.00452607,0,0,Low Risk,2.2630348,0.0,True Negative (Loyal Customer)
10.0,Phone,3,16.0,Credit Card,Male,4.0,5,Fashion,1,Single,3,0,17.0,4.0,5.0,,221.19,1,54250,0.7624838,1,1,High Risk,381.24188,50.0,True Positive (saved customer)
1.0,Phone,1,12.0,Debit Card,Female,3.0,4,Mobile Phone,4,Single,3,1,13.0,1.0,2.0,3.0,149.78,0,53009,0.7057782,1,1,High Risk,352.8891,50.0,False Positive (Wasted Offer)
1.0,Computer,1,16.0,Debit Card,Male,4.0,4,Laptop & Accessory,5,Married,6,0,18.0,1.0,2.0,8.0,178.46,1,55451,0.9666136,1,1,High Risk,483.3068,50.0,True Positive (saved customer)
9.0,Computer,1,30.0,Debit Card,Female,2.0,3,Laptop & Accessory,4,Married,8,0,15.0,1.0,1.0,8.0,156.74,0,51651,0.020314025,0,0,Low Risk,10.157012,0.0,True Negative (Loyal Customer)
10.0,Phone,1,19.0,Debit Card,Female,4.0,4,Laptop & Accessory,3,Married,11,1,13.0,1.0,2.0,2.0,171.63,0,55306,0.14771487,0,0,Low Risk,73.85744,0.0,True Negative (Loyal Customer)
17.0,Phone,1,7.0,Debit Card,Male,3.0,1,Laptop & Accessory,5,Married,3,0,15.0,1.0,2.0,2.0,150.33,0,52698,0.0045904983,0,0,Low Risk,2.2952492,0.0,True Negative (Loyal Customer)
,Computer,1,8.0,Debit Card,Male,2.0,3,Mobile Phone,2,Divorced,2,1,23.0,1.0,1.0,0.0,117.02000000000001,0,50292,0.93838614,1,1,High Risk,469.19308,50.0,False Positive (Wasted Offer)
15.0,Phone,1,12.0,Credit Card,Male,3.0,2,Mobile Phone,3,Divorced,4,1,13.0,2.0,2.0,4.0,146.27,0,53719,0.042640902,0,0,Low Risk,21.320452,0.0,True Negative (Loyal Customer)
5.0,Computer,1,11.0,Cash on Delivery,Male,,3,Mobile Phone,4,Single,3,0,14.0,1.0,1.0,7.0,127.18,0,51136,0.03553389,0,0,Low Risk,17.766945,0.0,True Negative (Loyal Customer)
25.0,Phone,1,13.0,Debit Card,Male,3.0,4,Others,3,Single,9,0,,9.0,16.0,16.0,320.37,0,54284,0.0017007266,0,0,Low Risk,0.8503633,0.0,True Negative (Loyal Customer)
11.0,Phone,1,20.0,Credit Card,Male,3.0,4,Laptop & Accessory,1,Married,3,0,18.0,1.0,4.0,8.0,167.85,0,53780,0.035415243,0,0,Low Risk,17.707623,0.0,True Negative (Loyal Customer)
8.0,Phone,1,9.0,Credit Card,Male,4.0,2,Mobile Phone,1,Married,2,1,15.0,2.0,2.0,3.0,154.32,0,55413,0.024927763,0,0,Low Risk,12.4638815,0.0,True Negative (Loyal Customer)
23.0,Computer,3,6.0,Debit Card,Female,3.0,3,Laptop & Accessory,3,Divorced,1,0,12.0,1.0,1.0,13.0,163.47,0,50627,0.00095378753,0,0,Low Risk,0.47689375,0.0,True Negative (Loyal Customer)
0.0,Phone,1,10.0,Credit Card,Female,2.0,3,Mobile Phone,4,Single,2,0,13.0,0.0,1.0,2.0,132.95,0,52584,0.40224242,0,0,Low Risk,201.12122,0.0,True Negative (Loyal Customer)
16.0,Computer,3,21.0,Debit Card,Male,2.0,4,Laptop & Accessory,1,Married,4,0,18.0,1.0,2.0,2.0,168.04,0,51894,0.06397801,0,0,Low Risk,31.989004,0.0,True Negative (Loyal Customer)
10.0,Phone,1,25.0,Debit Card,Male,2.0,3,Laptop & Accessory,3,Married,4,0,17.0,0.0,1.0,2.0,157.68,0,52504,0.017600875,0,0,Low Risk,8.800438,0.0,True Negative (Loyal Customer)
1.0,Phone,1,35.0,Credit Card,Male,3.0,3,Laptop & Accessory,5,Married,8,1,19.0,1.0,1.0,0.0,166.73,1,51550,0.7353701,1,1,High Risk,367.68506,50.0,True Positive (saved customer)
6.0,Phone,1,11.0,Debit Card,Female,,4,Mobile Phone,1,Married,2,0,13.0,0.0,1.0,2.0,129.11,0,51592,0.041986465,0,0,Low Risk,20.993233,0.0,True Negative (Loyal Customer)
10.0,Computer,3,15.0,Debit Card,Male,2.0,5,Grocery,3,Married,8,0,11.0,6.0,14.0,,229.36,1,52569,0.8336731,1,1,High Risk,416.83655,50.0,True Positive (saved customer)
14.0,Computer,1,28.0,Debit Card,Female,3.0,3,Laptop & Accessory,1,Married,4,1,14.0,2.0,3.0,3.0,154.67,0,52334,0.012383528,0,0,Low Risk,6.191764,0.0,True Negative (Loyal Customer)
7.0,Computer,3,14.0,Credit Card,Male,3.0,4,Laptop & Accessory,5,Divorced,2,0,15.0,1.0,2.0,4.0,168.73,0,53738,0.04489226,0,0,Low Risk,22.446129,0.0,True Negative (Loyal Customer)
6.0,Computer,1,8.0,Cash on Delivery,Male,4.0,4,Laptop & Accessory,5,Married,6,0,15.0,1.0,2.0,3.0,165.87,0,55274,0.14559393,0,0,Low Risk,72.79697,0.0,True Negative (Loyal Customer)
26.0,Phone,1,14.0,Debit Card,Male,3.0,4,Fashion,4,Single,9,0,20.0,4.0,5.0,,229.45,0,53497,0.002962554,0,0,Low Risk,1.4812771,0.0,True Negative (Loyal Customer)
6.0,Computer,1,17.0,Debit Card,Male,3.0,4,Mobile Phone,3,Married,8,0,14.0,1.0,2.0,4.0,159.33,0,55387,0.103131935,0,0,Low Risk,51.565968,0.0,True Negative (Loyal Customer)
12.0,Phone,3,21.0,E wallet,Male,3.0,3,Grocery,5,Single,1,0,12.0,4.0,,10.0,233.41000000000003,0,51279,0.05689174,0,0,Low Risk,28.44587,0.0,True Negative (Loyal Customer)
,Phone,2,14.0,Credit Card,Female,3.0,1,Mobile Phone,4,Single,10,0,18.0,1.0,1.0,2.0,121.09,0,52381,0.045105085,0,0,Low Risk,22.552542,0.0,True Negative (Loyal Customer)
19.0,Phone,1,8.0,Cash on Delivery,Male,2.0,3,Laptop & Accessory,2,Married,3,0,11.0,1.0,1.0,4.0,173.79,0,50753,0.056967176,0,0,Low Risk,28.48359,0.0,True Negative (Loyal Customer)
1.0,Computer,1,7.0,Debit Card,Female,2.0,5,Laptop & Accessory,1,Married,1,0,11.0,7.0,7.0,5.0,166.74,0,52290,0.03437335,0,0,Low Risk,17.186676,0.0,True Negative (Loyal Customer)
6.0,Computer,1,7.0,Cash on Delivery,Male,4.0,4,Laptop & Accessory,5,Married,6,0,15.0,2.0,2.0,3.0,165.87,0,53804,0.02878252,0,0,Low Risk,14.39126,0.0,True Negative (Loyal Customer)
19.0,Phone,3,11.0,Debit Card,Female,2.0,4,Laptop & Accessory,5,Married,6,1,12.0,1.0,2.0,4.0,175.06,0,52865,0.13044536,0,0,Low Risk,65.22268,0.0,True Negative (Loyal Customer)
22.0,Phone,1,,Credit Card,Female,3.0,3,Mobile Phone,5,Married,5,1,16.0,0.0,2.0,2.0,125.87,0,52538,0.004527041,0,0,Low Risk,2.2635207,0.0,True Negative (Loyal Customer)
1.0,Phone,3,30.0,E wallet,Female,3.0,5,Laptop & Accessory,1,Married,9,1,20.0,1.0,2.0,1.0,166.57,0,54215,0.9272578,1,1,High Risk,463.62888,50.0,False Positive (Wasted Offer)
29.0,Phone,1,14.0,Debit Card,Female,3.0,3,Mobile Phone,5,Married,5,1,18.0,2.0,2.0,2.0,142.57,0,51521,0.0036246444,0,0,Low Risk,1.8123221,0.0,True Negative (Loyal Customer)
1.0,Phone,1,23.0,Debit Card,Female,3.0,2,Mobile Phone,5,Single,3,0,17.0,4.0,16.0,15.0,152.43,1,54913,0.71916646,1,1,High Risk,359.58322,50.0,True Positive (saved customer)
9.0,Phone,1,15.0,Credit Card,Male,2.0,4,Laptop & Accessory,4,Married,3,1,11.0,0.0,1.0,2.0,188.47,0,51857,0.033762366,0,0,Low Risk,16.881184,0.0,True Negative (Loyal Customer)
3.0,Phone,1,7.0,Debit Card,Female,4.0,4,Mobile Phone,2,Married,3,0,16.0,1.0,2.0,3.0,162.6,0,53584,0.0033637001,0,0,Low Risk,1.6818501,0.0,True Negative (Loyal Customer)
25.0,Phone,3,33.0,E wallet,Female,4.0,4,Grocery,3,Divorced,4,0,15.0,,5.0,18.0,288.07,0,53307,0.0009957079,0,0,Low Risk,0.49785396,0.0,True Negative (Loyal Customer)
8.0,Phone,3,7.0,E wallet,Male,4.0,2,Laptop & Accessory,1,Married,2,0,12.0,1.0,2.0,,222.25,0,54918,0.0053979224,0,0,Low Risk,2.6989613,0.0,True Negative (Loyal Customer)
19.0,Phone,3,11.0,Debit Card,Female,2.0,4,Laptop & Accessory,5,Married,6,1,12.0,1.0,2.0,4.0,175.06,0,54335,0.13044536,0,0,Low Risk,65.22268,0.0,True Negative (Loyal Customer)
11.0,Computer,1,12.0,Debit Card,Male,3.0,4,Laptop & Accessory,3,Married,3,0,11.0,2.0,7.0,7.0,153.21,0,52764,0.01494637,0,0,Low Risk,7.473185,0.0,True Negative (Loyal Customer)
5.0,Phone,3,14.0,Credit Card,Male,2.0,1,Laptop & Accessory,1,Married,2,0,15.0,0.0,1.0,8.0,162.09,0,52281,0.0034114136,0,0,Low Risk,1.7057068,0.0,True Negative (Loyal Customer)
7.0,Computer,1,21.0,Credit Card,Male,3.0,3,Grocery,5,Married,8,0,14.0,,6.0,9.0,270.07,0,50931,0.067446314,0,0,Low Risk,33.723156,0.0,True Negative (Loyal Customer)
1.0,Computer,1,16.0,Credit Card,Male,3.0,5,Mobile Phone,5,Single,2,1,23.0,1.0,2.0,3.0,148.21,1,54870,0.979084,1,1,High Risk,489.542,50.0,True Positive (saved customer)
0.0,Phone,1,9.0,Credit Card,Male,2.0,1,Mobile Phone,2,Divorced,2,0,22.0,1.0,1.0,7.0,144.2,0,50719,0.065943256,0,0,Low Risk,32.971626,0.0,True Negative (Loyal Customer)
12.0,Phone,3,14.0,Credit Card,Female,3.0,3,Laptop & Accessory,5,Married,3,1,25.0,1.0,8.0,8.0,181.05,0,52968,0.04074127,0,0,Low Risk,20.370634,0.0,True Negative (Loyal Customer)
7.0,Phone,3,6.0,Cash on Delivery,Male,3.0,4,Fashion,3,Divorced,2,1,14.0,7.0,8.0,6.0,170.83,0,50960,0.03709994,0,0,Low Risk,18.549969,0.0,True Negative (Loyal Customer)
4.0,Phone,1,29.0,Credit Card,Male,3.0,4,Laptop & Accessory,1,Married,1,0,21.0,0.0,7.0,8.0,155.82,0,51612,0.027106255,0,0,Low Risk,13.553127,0.0,True Negative (Loyal Customer)
1.0,Phone,1,11.0,Debit Card,Male,3.0,2,Laptop & Accessory,4,Married,3,1,21.0,2.0,2.0,4.0,186.42,0,54158,0.010337397,0,0,Low Risk,5.168699,0.0,True Negative (Loyal Customer)
3.0,Phone,1,26.0,UPI,Male,2.0,3,Laptop & Accessory,5,Married,1,0,15.0,0.0,1.0,2.0,199.57,0,52128,0.01387675,0,0,Low Risk,6.938375,0.0,True Negative (Loyal Customer)
7.0,Computer,1,7.0,UPI,Female,3.0,2,Laptop & Accessory,4,Divorced,3,1,14.0,1.0,2.0,3.0,179.88,0,53406,0.008953613,0,0,Low Risk,4.4768066,0.0,True Negative (Loyal Customer)
21.0,Computer,1,10.0,Credit Card,Male,2.0,4,Grocery,1,Married,3,0,25.0,0.0,,2.0,252.01999999999998,0,52512,0.06161037,0,0,Low Risk,30.805185,0.0,True Negative (Loyal Customer)
22.0,Phone,1,14.0,UPI,Female,2.0,3,Fashion,4,Divorced,5,0,11.0,0.0,1.0,7.0,174.03,0,50553,0.0022581846,0,0,Low Risk,1.1290923,0.0,True Negative (Loyal Customer)
1.0,Phone,3,17.0,Credit Card,Female,4.0,5,Mobile Phone,3,Single,3,0,13.0,2.0,2.0,1.0,137.0,0,52992,0.8759626,1,1,High Risk,437.9813,50.0,False Positive (Wasted Offer)
20.0,Phone,1,7.0,Credit Card,Male,4.0,4,Fashion,5,Married,9,0,17.0,1.0,2.0,,218.96,0,52900,0.07981119,0,0,Low Risk,39.905598,0.0,True Negative (Loyal Customer)
6.0,Phone,1,14.0,Debit Card,Male,3.0,3,Laptop & Accessory,3,Single,3,1,17.0,1.0,1.0,0.0,163.88,0,52420,0.055713926,0,0,Low Risk,27.856962,0.0,True Negative (Loyal Customer)
1.0,Phone,3,27.0,Debit Card,Female,4.0,6,Laptop & Accessory,3,Married,5,1,12.0,1.0,3.0,3.0,170.59,1,54293,0.9439963,1,1,High Risk,471.99817,50.0,True Positive (saved customer)
8.0,Phone,3,14.0,Cash on Delivery,Male,3.0,4,Mobile Phone,3,Married,2,1,26.0,1.0,6.0,8.0,148.08,0,53778,0.13973254,0,0,Low Risk,69.86627,0.0,True Negative (Loyal Customer)
20.0,Phone,1,15.0,Debit Card,Female,4.0,5,Laptop & Accessory,5,Married,10,1,24.0,2.0,2.0,8.0,171.15,0,54939,0.023840128,0,0,Low Risk,11.920064,0.0,True Negative (Loyal Customer)
21.0,Phone,1,16.0,Debit Card,Male,3.0,4,Others,4,Married,5,0,,3.0,12.0,9.0,296.65,0,52677,0.049753223,0,0,Low Risk,24.876612,0.0,True Negative (Loyal Customer)
1.0,Phone,3,8.0,E wallet,Female,2.0,3,Laptop & Accessory,4,Divorced,2,1,20.0,7.0,7.0,5.0,147.79,0,50488,0.21827272,0,0,Low Risk,109.13636,0.0,True Negative (Loyal Customer)
8.0,Computer,1,10.0,Debit Card,Male,3.0,5,Mobile Phone,1,Married,5,0,18.0,1.0,2.0,1.0,154.79,0,54964,0.12193147,0,0,Low Risk,60.965736,0.0,True Negative (Loyal Customer)
12.0,Computer,1,9.0,Debit Card,Female,4.0,2,Laptop & Accessory,5,Single,8,1,13.0,1.0,5.0,13.0,184.8,0,54739,0.03185832,0,0,Low Risk,15.929161,0.0,True Negative (Loyal Customer)
14.0,Computer,1,16.0,Debit Card,Male,4.0,5,Laptop & Accessory,1,Married,11,0,15.0,1.0,2.0,3.0,173.76,0,54369,0.074346505,0,0,Low Risk,37.173252,0.0,True Negative (Loyal Customer)
2.0,Computer,1,8.0,Credit Card,Male,3.0,4,Mobile Phone,3,Single,2,1,12.0,2.0,2.0,3.0,146.54,0,55082,0.3452231,0,0,Low Risk,172.61156,0.0,True Negative (Loyal Customer)
17.0,Computer,3,7.0,E wallet,Female,3.0,3,Laptop & Accessory,3,Married,8,0,12.0,0.0,1.0,0.0,147.68,0,52397,0.027360959,0,0,Low Risk,13.680479,0.0,True Negative (Loyal Customer)
0.0,Phone,1,12.0,Credit Card,Male,,3,Mobile Phone,3,Married,1,0,20.0,1.0,2.0,2.0,127.72999999999999,0,51844,0.24035542,0,0,Low Risk,120.17771,0.0,True Negative (Loyal Customer)
13.0,Phone,1,26.0,UPI,Male,3.0,4,Laptop & Accessory,1,Married,10,0,15.0,2.0,3.0,3.0,164.02,0,54026,0.00723172,0,0,Low Risk,3.61586,0.0,True Negative (Loyal Customer)
0.0,Phone,3,9.0,Debit Card,Male,2.0,4,Fashion,2,Divorced,2,1,11.0,3.0,3.0,7.0,203.25,1,50569,0.9696525,1,1,High Risk,484.82623,50.0,True Positive (saved customer)
4.0,Computer,1,11.0,Credit Card,Male,3.0,3,Laptop & Accessory,5,Single,1,0,19.0,0.0,1.0,7.0,199.36,0,51339,0.013729646,0,0,Low Risk,6.864823,0.0,True Negative (Loyal Customer)
16.0,Phone,1,9.0,Debit Card,Male,3.0,5,Others,2,Divorced,4,0,,1.0,1.0,7.0,297.4,0,50774,0.17537622,0,0,Low Risk,87.68811,0.0,True Negative (Loyal Customer)
25.0,Phone,1,18.0,Cash on Delivery,Female,3.0,5,Grocery,4,Single,5,0,17.0,1.0,,4.0,256.42,0,55132,0.0026854696,0,0,Low Risk,1.3427348,0.0,True Negative (Loyal Customer)
14.0,Phone,1,9.0,Debit Card,Female,4.0,4,Mobile Phone,5,Married,6,0,18.0,2.0,2.0,3.0,158.77,0,55447,0.070310876,0,0,Low Risk,35.155437,0.0,True Negative (Loyal Customer)
,Phone,1,8.0,Debit Card,Female,3.0,3,Mobile Phone,5,Married,2,1,12.0,1.0,1.0,0.0,120.74000000000001,1,52456,0.94444746,1,1,High Risk,472.22372,50.0,True Positive (saved customer)
16.0,Computer,1,17.0,Cash on Delivery,Male,3.0,4,Mobile Phone,3,Married,5,0,23.0,4.0,4.0,4.0,154.36,0,55481,0.019449217,0,0,Low Risk,9.724608,0.0,True Negative (Loyal Customer)
13.0,Phone,3,11.0,Debit Card,Female,3.0,5,Laptop & Accessory,3,Married,6,0,15.0,6.0,6.0,10.0,184.02,0,54298,0.047331274,0,0,Low Risk,23.665636,0.0,True Negative (Loyal Customer)
21.0,Computer,3,11.0,Credit Card,Male,4.0,4,Laptop & Accessory,3,Single,5,0,20.0,1.0,2.0,1.0,154.76,0,54508,0.114100404,0,0,Low Risk,57.0502,0.0,True Negative (Loyal Customer)
12.0,Computer,1,7.0,Debit Card,Male,3.0,3,Laptop & Accessory,1,Married,2,1,15.0,0.0,5.0,8.0,164.72,0,52586,0.0028756477,0,0,Low Risk,1.4378239,0.0,True Negative (Loyal Customer)
2.0,Phone,1,15.0,UPI,Male,1.0,4,Mobile Phone,2,Single,1,0,17.0,2.0,2.0,2.0,139.83,0,50213,0.034942918,0,0,Low Risk,17.471458,0.0,True Negative (Loyal Customer)
11.0,Computer,1,,Debit Card,Female,2.0,3,Laptop & Accessory,1,Single,2,0,11.0,6.0,9.0,9.0,124.06,0,51407,0.008606666,0,0,Low Risk,4.303333,0.0,True Negative (Loyal Customer)
18.0,Computer,1,13.0,Debit Card,Male,3.0,3,Fashion,5,Married,2,0,18.0,5.0,9.0,11.0,152.1,0,50187,0.009685161,0,0,Low Risk,4.8425803,0.0,True Negative (Loyal Customer)
0.0,Phone,3,9.0,UPI,Male,3.0,3,Laptop & Accessory,5,Divorced,2,1,18.0,1.0,1.0,3.0,141.94,0,50510,0.4435183,0,0,Low Risk,221.75916,0.0,True Negative (Loyal Customer)
18.0,Phone,1,31.0,Debit Card,Female,3.0,4,Laptop & Accessory,1,Married,1,0,13.0,0.0,3.0,8.0,159.06,0,52692,0.004880869,0,0,Low Risk,2.4404345,0.0,True Negative (Loyal Customer)
23.0,Computer,1,26.0,Credit Card,Male,2.0,3,Grocery,3,Married,3,1,15.0,0.0,12.0,,212.45,0,52484,0.0032932016,0,0,Low Risk,1.6466007,0.0,True Negative (Loyal Customer)
17.0,Phone,1,21.0,Debit Card,Male,4.0,4,Grocery,5,Divorced,8,0,,2.0,2.0,1.0,296.59,0,53300,0.008614693,0,0,Low Risk,4.3073463,0.0,True Negative (Loyal Customer)
13.0,Phone,3,31.0,E wallet,Female,3.0,5,Grocery,1,Married,2,0,12.0,4.0,,7.0,245.31,0,55623,0.27729237,0,0,Low Risk,138.64618,0.0,True Negative (Loyal Customer)
15.0,Phone,1,24.0,Debit Card,Male,2.0,3,Laptop & Accessory,5,Married,7,1,17.0,0.0,1.0,2.0,154.1,0,51295,0.015138127,0,0,Low Risk,7.5690637,0.0,True Negative (Loyal Customer)
13.0,Phone,1,14.0,Debit Card,Female,3.0,3,Laptop & Accessory,5,Married,3,1,16.0,1.0,1.0,0.0,165.16,0,52575,0.016215257,0,0,Low Risk,8.107629,0.0,True Negative (Loyal Customer)
13.0,Phone,3,16.0,Cash on Delivery,Female,2.0,4,Laptop & Accessory,4,Married,8,0,12.0,1.0,1.0,3.0,168.52,0,52230,0.013655661,0,0,Low Risk,6.8278303,0.0,True Negative (Loyal Customer)
9.0,Phone,1,29.0,Debit Card,Male,3.0,6,Mobile Phone,3,Single,2,0,16.0,3.0,5.0,4.0,167.3,0,53121,0.035373997,0,0,Low Risk,17.686998,0.0,True Negative (Loyal Customer)
14.0,Phone,1,7.0,Debit Card,Male,,3,Mobile Phone,1,Married,4,0,22.0,0.0,1.0,0.0,127.82,0,52766,0.044218395,0,0,Low Risk,22.109198,0.0,True Negative (Loyal Customer)
21.0,Phone,1,9.0,Debit Card,Male,3.0,4,Others,4,Single,9,1,,6.0,14.0,9.0,317.46,1,53286,0.4069887,0,0,Low Risk,203.49435,0.0,False Negative (Missed Churner)
4.0,Phone,1,17.0,Credit Card,Male,3.0,3,Laptop & Accessory,5,Married,2,1,12.0,1.0,1.0,1.0,168.33,0,52241,0.013419754,0,0,Low Risk,6.709877,0.0,True Negative (Loyal Customer)
9.0,Phone,1,28.0,Debit Card,Female,3.0,4,Laptop & Accessory,2,Divorced,3,1,26.0,1.0,2.0,8.0,165.14,0,53367,0.0048985463,0,0,Low Risk,2.449273,0.0,True Negative (Loyal Customer)
11.0,Phone,3,20.0,Debit Card,Male,3.0,3,Laptop & Accessory,4,Married,1,0,11.0,3.0,7.0,7.0,199.24,0,52465,0.037167378,0,0,Low Risk,18.583689,0.0,True Negative (Loyal Customer)
1.0,Computer,3,10.0,Credit Card,Female,4.0,4,Mobile Phone,1,Single,3,1,13.0,2.0,2.0,1.0,140.69,1,55314,0.9772873,1,1,High Risk,488.64365,50.0,True Positive (saved customer)
30.0,Phone,1,8.0,Debit Card,Female,3.0,4,Grocery,2,Single,4,1,13.0,0.0,,3.0,237.26,0,50619,0.0018147479,0,0,Low Risk,0.90737396,0.0,True Negative (Loyal Customer)
0.0,Phone,1,8.0,Credit Card,Male,2.0,3,Mobile Phone,3,Single,7,0,17.0,0.0,2.0,1.0,143.82,1,50474,0.9339767,1,1,High Risk,466.98834,50.0,True Positive (saved customer)
1.0,Phone,1,7.0,Debit Card,Male,3.0,5,Laptop & Accessory,3,Single,3,0,13.0,2.0,2.0,3.0,171.17,0,54098,0.052451942,0,0,Low Risk,26.225971,0.0,True Negative (Loyal Customer)
11.0,Phone,1,16.0,Credit Card,Female,3.0,5,Fashion,3,Married,4,0,12.0,0.0,,11.0,232.06,0,52776,0.048469715,0,0,Low Risk,24.234858,0.0,True Negative (Loyal Customer)
8.0,Phone,3,15.0,Debit Card,Female,4.0,4,Laptop & Accessory,5,Married,7,0,18.0,2.0,2.0,3.0,190.0,0,54744,0.16612753,0,0,Low Risk,83.06377,0.0,True Negative (Loyal Customer)
14.0,Phone,3,12.0,E wallet,Male,2.0,3,Fashion,3,Single,2,0,12.0,6.0,8.0,7.0,192.41,0,51094,0.15277135,0,0,Low Risk,76.38567,0.0,True Negative (Loyal Customer)
1.0,Phone,1,15.0,Debit Card,Male,4.0,6,Mobile Phone,5,Divorced,3,0,16.0,2.0,2.0,2.0,149.51,0,53425,0.77701217,1,1,High Risk,388.50607,50.0,False Positive (Wasted Offer)
0.0,Phone,1,,Credit Card,Female,3.0,4,Mobile Phone,5,Single,2,1,15.0,1.0,1.0,0.0,126.0,1,52077,0.964183,1,1,High Risk,482.0915,50.0,True Positive (saved customer)
1.0,Phone,1,11.0,Debit Card,Male,4.0,4,Mobile Phone,3,Married,3,0,12.0,2.0,2.0,4.0,150.17,0,55063,0.10448127,0,0,Low Risk,52.240635,0.0,True Negative (Loyal Customer)
4.0,Computer,1,7.0,Debit Card,Male,3.0,5,Fashion,3,Single,3,0,23.0,5.0,6.0,,209.74,0,54372,0.0137777105,0,0,Low Risk,6.8888555,0.0,True Negative (Loyal Customer)
16.0,Phone,1,15.0,Credit Card,Male,3.0,5,Laptop & Accessory,4,Divorced,4,0,16.0,8.0,8.0,8.0,174.41,1,53008,0.7999883,1,1,High Risk,399.99417,50.0,True Positive (saved customer)
17.0,Computer,1,16.0,Credit Card,Male,4.0,4,Laptop & Accessory,3,Married,5,1,14.0,2.0,5.0,8.0,181.79,0,54652,0.025772069,0,0,Low Risk,12.886034,0.0,True Negative (Loyal Customer)
8.0,Phone,1,17.0,Credit Card,Male,2.0,3,Mobile Phone,3,Married,8,1,11.0,0.0,2.0,2.0,126.6,0,51298,0.82621175,1,1,High Risk,413.10587,50.0,False Positive (Wasted Offer)
5.0,Phone,1,19.0,Credit Card,Female,4.0,4,Mobile Phone,2,Divorced,10,1,24.0,2.0,2.0,3.0,164.29,0,52871,0.40606022,0,0,Low Risk,203.0301,0.0,True Negative (Loyal Customer)
8.0,Phone,1,7.0,Debit Card,Male,3.0,5,Mobile Phone,1,Married,3,1,14.0,2.0,2.0,4.0,161.22,0,54642,0.046174906,0,0,Low Risk,23.087454,0.0,True Negative (Loyal Customer)
4.0,Phone,3,19.0,Cash on Delivery,Female,3.0,4,Laptop & Accessory,3,Single,2,0,12.0,4.0,5.0,5.0,190.77,0,54563,0.030479921,0,0,Low Risk,15.239961,0.0,True Negative (Loyal Customer)
0.0,Phone,3,22.0,E wallet,Male,3.0,3,Fashion,3,Married,3,0,13.0,1.0,1.0,0.0,181.61,1,51133,0.9676885,1,1,High Risk,483.84424,50.0,True Positive (saved customer)
4.0,Phone,1,8.0,Credit Card,Male,4.0,4,Mobile Phone,4,Married,2,1,22.0,4.0,6.0,8.0,160.79,0,55047,0.09188399,0,0,Low Risk,45.941994,0.0,True Negative (Loyal Customer)
2.0,Phone,1,16.0,Credit Card,Female,4.0,4,Mobile Phone,3,Married,7,0,19.0,3.0,3.0,3.0,148.77,0,53359,0.09948354,0,0,Low Risk,49.74177,0.0,True Negative (Loyal Customer)
1.0,Phone,3,8.0,Debit Card,Male,3.0,6,Laptop & Accessory,4,Single,8,0,16.0,1.0,2.0,1.0,192.35,1,55398,0.98735553,1,1,High Risk,493.67776,50.0,True Positive (saved customer)
31.0,Computer,3,9.0,Credit Card,Male,3.0,4,Grocery,4,Married,6,0,23.0,11.0,15.0,15.0,25.0,0,53992,0.0074182926,0,0,Low Risk,3.7091463,0.0,True Negative (Loyal Customer)
26.0,Phone,1,18.0,Debit Card,Female,3.0,4,Laptop & Accessory,3,Divorced,10,0,21.0,2.0,2.0,5.0,156.49,0,53278,0.0012699432,0,0,Low Risk,0.6349716,0.0,True Negative (Loyal Customer)
10.0,Computer,1,25.0,Credit Card,Female,4.0,4,Mobile Phone,2,Single,3,0,14.0,2.0,2.0,8.0,146.53,0,52898,0.008840914,0,0,Low Risk,4.420457,0.0,True Negative (Loyal Customer)
3.0,Computer,3,9.0,Debit Card,Male,3.0,4,Laptop & Accessory,2,Single,3,0,19.0,1.0,2.0,10.0,170.54,0,52973,0.021923231,0,0,Low Risk,10.961616,0.0,True Negative (Loyal Customer)
0.0,Phone,3,8.0,Debit Card,Male,3.0,3,Laptop & Accessory,3,Single,2,1,11.0,1.0,1.0,4.0,144.78,0,50196,0.61997366,1,1,High Risk,309.98682,50.0,False Positive (Wasted Offer)
10.0,Phone,1,19.0,Debit Card,Female,4.0,4,Laptop & Accessory,3,Married,11,1,13.0,1.0,2.0,2.0,171.63,0,53836,0.14771487,0,0,Low Risk,73.85744,0.0,True Negative (Loyal Customer)
19.0,Computer,1,24.0,Credit Card,Female,2.0,3,Fashion,3,Married,6,0,11.0,0.0,1.0,2.0,205.27,0,51811,0.096022405,0,0,Low Risk,48.011204,0.0,True Negative (Loyal Customer)
30.0,Phone,1,7.0,Debit Card,Female,3.0,4,Mobile Phone,5,Divorced,4,0,23.0,2.0,2.0,1.0,145.66,0,53714,0.001419057,0,0,Low Risk,0.7095285,0.0,True Negative (Loyal Customer)
9.0,Phone,3,8.0,Credit Card,Male,3.0,4,Fashion,3,Married,2,0,13.0,8.0,9.0,0.0,175.96,0,51730,0.030710295,0,0,Low Risk,15.355147,0.0,True Negative (Loyal Customer)
1.0,Phone,1,26.0,UPI,Male,4.0,5,Mobile Phone,5,Married,3,0,12.0,1.0,2.0,8.0,165.66,0,53840,0.16386856,0,0,Low Risk,81.93428,0.0,True Negative (Loyal Customer)
1.0,Phone,1,7.0,Debit Card,Female,3.0,5,Mobile Phone,3,Married,3,1,14.0,1.0,2.0,1.0,154.33,0,54040,0.50562626,1,1,High Risk,252.81313,50.0,False Positive (Wasted Offer)
2.0,Phone,1,,Credit Card,Male,3.0,3,Mobile Phone,5,Married,8,1,21.0,1.0,2.0,2.0,124.03999999999999,1,52015,0.96042186,1,1,High Risk,480.21094,50.0,True Positive (saved customer)
1.0,Computer,3,18.0,UPI,Male,3.0,2,Laptop & Accessory,3,Married,10,0,13.0,2.0,2.0,3.0,172.07,1,54630,0.4518905,0,1,Medium Risk (Actionable),225.94525,50.0,True Positive (saved customer)
4.0,Computer,3,31.0,Debit Card,Female,4.0,2,Grocery,4,Single,6,1,17.0,2.0,,1.0,256.94,1,53397,0.9745628,1,1,High Risk,487.2814,50.0,True Positive (saved customer)
12.0,Phone,1,36.0,Cash on Delivery,Male,3.0,4,Laptop & Accessory,2,Divorced,5,0,19.0,1.0,2.0,8.0,187.61,0,52890,0.013366896,0,0,Low Risk,6.683448,0.0,True Negative (Loyal Customer)
13.0,Phone,1,8.0,Credit Card,Female,3.0,4,Laptop & Accessory,3,Divorced,7,0,22.0,1.0,1.0,0.0,134.48,0,50267,0.0112061845,0,0,Low Risk,5.603092,0.0,True Negative (Loyal Customer)
0.0,Computer,3,32.0,E wallet,Male,3.0,3,Laptop & Accessory,1,Married,2,1,11.0,0.0,1.0,8.0,156.17,1,52741,0.93285584,1,1,High Risk,466.42792,50.0,True Positive (saved customer)
23.0,Phone,1,11.0,Credit Card,Male,3.0,5,Others,3,Divorced,4,0,,1.0,2.0,1.0,312.11,0,53590,0.00092053507,0,0,Low Risk,0.46026754,0.0,True Negative (Loyal Customer)
9.0,Phone,3,9.0,E wallet,Female,2.0,3,Laptop & Accessory,4,Single,4,1,16.0,0.0,1.0,1.0,192.78,0,50887,0.07721414,0,0,Low Risk,38.607067,0.0,True Negative (Loyal Customer)
2.0,Computer,1,8.0,Debit Card,Female,3.0,3,Mobile Phone,4,Married,1,0,13.0,1.0,1.0,2.0,131.8,0,52418,0.025942905,0,0,Low Risk,12.971453,0.0,True Negative (Loyal Customer)
8.0,Computer,1,24.0,Debit Card,Male,2.0,3,Fashion,1,Single,3,0,11.0,2.0,2.0,2.0,193.62,0,52348,0.23834637,0,0,Low Risk,119.17319,0.0,True Negative (Loyal Customer)
,Computer,1,32.0,Cash on Delivery,Female,3.0,4,Mobile Phone,3,Married,2,0,20.0,1.0,1.0,0.0,120.28999999999999,0,50853,0.27551854,0,0,Low Risk,137.75926,0.0,True Negative (Loyal Customer)
14.0,Phone,1,21.0,Credit Card,Male,3.0,5,Others,3,Single,3,0,,5.0,5.0,10.0,321.26,0,53505,0.028445013,0,0,Low Risk,14.2225065,0.0,True Negative (Loyal Customer)
4.0,Phone,3,11.0,Cash on Delivery,Male,2.0,3,Laptop & Accessory,3,Married,2,0,19.0,0.0,1.0,2.0,183.46,0,51123,0.024368552,0,0,Low Risk,12.184277,0.0,True Negative (Loyal Customer)
5.0,Phone,1,19.0,Cash on Delivery,Female,3.0,4,Others,3,Married,3,0,,2.0,16.0,9.0,320.45,1,54206,0.32398114,0,0,Low Risk,161.99057,0.0,False Negative (Missed Churner)
11.0,Phone,3,23.0,E wallet,Male,4.0,5,Laptop & Accessory,3,Married,6,0,20.0,2.0,2.0,1.0,188.34,0,53319,0.09050408,0,0,Low Risk,45.25204,0.0,True Negative (Loyal Customer)
9.0,Phone,3,24.0,Debit Card,Male,4.0,4,Laptop & Accessory,5,Married,5,1,16.0,1.0,2.0,,214.66,0,55031,0.2382182,0,0,Low Risk,119.1091,0.0,True Negative (Loyal Customer)
16.0,Phone,3,9.0,E wallet,Female,3.0,6,Others,1,Married,3,0,16.0,4.0,7.0,10.0,323.45,1,54910,0.80143934,1,1,High Risk,400.71967,50.0,True Positive (saved customer)
0.0,Phone,3,10.0,Credit Card,Female,2.0,3,Laptop & Accessory,3,Divorced,2,1,12.0,1.0,1.0,3.0,141.62,0,50901,0.5262666,1,1,High Risk,263.1333,50.0,False Positive (Wasted Offer)
11.0,Computer,1,16.0,Credit Card,Male,3.0,4,Mobile Phone,1,Married,3,1,13.0,1.0,2.0,3.0,148.26,0,54455,0.030645486,0,0,Low Risk,15.322743,0.0,True Negative (Loyal Customer)
4.0,Computer,1,6.0,Credit Card,Male,2.0,5,Laptop & Accessory,3,Married,1,0,12.0,0.0,1.0,4.0,143.45,0,51570,0.0045995954,0,0,Low Risk,2.2997978,0.0,True Negative (Loyal Customer)
4.0,Computer,3,8.0,Debit Card,Female,2.0,3,Fashion,3,Married,2,1,19.0,3.0,9.0,6.0,198.52,0,50826,0.23384227,0,0,Low Risk,116.921135,0.0,True Negative (Loyal Customer)
17.0,Computer,1,8.0,Credit Card,Male,2.0,3,Fashion,3,Single,6,1,18.0,2.0,2.0,2.0,202.09,0,52408,0.07416553,0,0,Low Risk,37.082764,0.0,True Negative (Loyal Customer)
3.0,Phone,1,16.0,Credit Card,Female,3.0,4,Mobile Phone,3,Married,11,0,18.0,2.0,2.0,3.0,154.74,0,53910,0.025873343,0,0,Low Risk,12.936671,0.0,True Negative (Loyal Customer)
2.0,Phone,3,16.0,Debit Card,Male,4.0,4,Laptop & Accessory,1,Single,3,0,17.0,2.0,2.0,8.0,177.53,0,54535,0.023717964,0,0,Low Risk,11.858982,0.0,True Negative (Loyal Customer)
,Phone,1,6.0,Credit Card,Male,3.0,3,Mobile Phone,2,Divorced,3,1,16.0,2.0,2.0,0.0,122.93,1,50008,0.6200335,1,1,High Risk,310.01675,50.0,True Positive (saved customer)
4.0,Phone,1,8.0,Debit Card,Male,,3,Mobile Phone,1,Married,1,1,18.0,2.0,2.0,2.0,126.94999999999999,0,51658,0.03276791,0,0,Low Risk,16.383955,0.0,True Negative (Loyal Customer)
1.0,Phone,1,35.0,Debit Card,Male,3.0,5,Laptop & Accessory,4,Divorced,2,0,14.0,1.0,1.0,7.0,165.49,0,50949,0.008116532,0,0,Low Risk,4.058266,0.0,True Negative (Loyal Customer)
3.0,Phone,1,30.0,Debit Card,Male,3.0,4,Mobile Phone,1,Single,11,0,17.0,1.0,2.0,3.0,147.01,0,54532,0.023199491,0,0,Low Risk,11.599746,0.0,True Negative (Loyal Customer)
18.0,Phone,1,16.0,Debit Card,Male,4.0,4,Mobile Phone,5,Divorced,3,1,14.0,3.0,8.0,2.0,150.59,0,53349,0.22796667,0,0,Low Risk,113.98333,0.0,True Negative (Loyal Customer)
20.0,Phone,3,10.0,Cash on Delivery,Female,3.0,2,Grocery,5,Married,4,0,13.0,2.0,,9.0,257.25,0,54018,0.009128604,0,0,Low Risk,4.564302,0.0,True Negative (Loyal Customer)
10.0,Phone,1,9.0,Credit Card,Male,4.0,4,Mobile Phone,3,Single,6,0,22.0,2.0,4.0,10.0,150.19,0,54848,0.09686872,0,0,Low Risk,48.43436,0.0,True Negative (Loyal Customer)
11.0,Phone,3,10.0,Debit Card,Male,3.0,4,Fashion,1,Single,4,0,13.0,1.0,2.0,4.0,199.28,0,54276,0.18882883,0,0,Low Risk,94.41441,0.0,True Negative (Loyal Customer)
17.0,Computer,1,28.0,Credit Card,Male,4.0,4,Mobile Phone,2,Divorced,9,0,21.0,1.0,2.0,3.0,147.58,0,53086,0.01554956,0,0,Low Risk,7.7747803,0.0,True Negative (Loyal Customer)
0.0,Phone,1,13.0,Credit Card,Male,2.0,4,Laptop & Accessory,3,Divorced,3,0,17.0,1.0,1.0,0.0,161.32,0,50032,0.5562014,1,1,High Risk,278.1007,50.0,False Positive (Wasted Offer)
23.0,Computer,1,8.0,Credit Card,Female,1.0,3,Grocery,5,Married,3,0,22.0,,2.0,2.0,278.56,0,52213,0.0014204273,0,0,Low Risk,0.71021366,0.0,True Negative (Loyal Customer)
2.0,Phone,2,23.0,UPI,Male,2.0,4,Fashion,5,Single,2,0,13.0,0.0,1.0,9.0,179.88,0,50881,0.04509343,0,0,Low Risk,22.546715,0.0,True Negative (Loyal Customer)
8.0,Phone,1,7.0,Debit Card,Female,4.0,2,Mobile Phone,2,Single,4,0,17.0,1.0,2.0,4.0,157.8,0,53265,0.0043821037,0,0,Low Risk,2.191052,0.0,True Negative (Loyal Customer)
30.0,Phone,1,6.0,Credit Card,Male,2.0,3,Laptop & Accessory,3,Married,3,0,11.0,0.0,1.0,2.0,167.55,0,51706,0.0013457354,0,0,Low Risk,0.6728677,0.0,True Negative (Loyal Customer)
22.0,Phone,3,14.0,Cash on Delivery,Male,2.0,4,Grocery,4,Divorced,7,0,17.0,1.0,2.0,,231.2,0,50697,0.0037528453,0,0,Low Risk,1.8764226,0.0,True Negative (Loyal Customer)
14.0,Phone,3,14.0,Credit Card,Male,3.0,4,Others,4,Single,3,0,,2.0,13.0,9.0,323.33,0,53933,0.03933567,0,0,Low Risk,19.667835,0.0,True Negative (Loyal Customer)
13.0,Phone,3,9.0,Debit Card,Male,3.0,2,Fashion,3,Single,2,0,19.0,1.0,2.0,8.0,203.8,0,54866,0.033285737,0,0,Low Risk,16.642868,0.0,True Negative (Loyal Customer)
5.0,Phone,1,16.0,Debit Card,Male,3.0,4,Fashion,4,Married,3,0,26.0,1.0,2.0,9.0,231.48000000000002,0,54595,0.019424675,0,0,Low Risk,9.7123375,0.0,True Negative (Loyal Customer)
17.0,Computer,1,11.0,Debit Card,Male,,4,Mobile Phone,3,Single,4,0,14.0,0.0,1.0,3.0,131.62,0,50918,0.108558826,0,0,Low Risk,54.27941,0.0,True Negative (Loyal Customer)
18.0,Phone,1,35.0,Cash on Delivery,Male,2.0,3,Fashion,1,Married,5,1,18.0,1.0,1.0,2.0,193.8,0,52383,0.033385463,0,0,Low Risk,16.692732,0.0,True Negative (Loyal Customer)
1.0,Phone,3,10.0,Debit Card,Male,3.0,5,Fashion,2,Divorced,3,1,12.0,4.0,4.0,,228.25,1,53384,0.8775496,1,1,High Risk,438.77478,50.0,True Positive (saved customer)
16.0,Computer,1,,Debit Card,Male,2.0,3,Mobile Phone,3,Single,5,0,13.0,0.0,1.0,2.0,124.38,0,51169,0.10790374,0,0,Low Risk,53.95187,0.0,True Negative (Loyal Customer)
0.0,Phone,1,7.0,Credit Card,Male,2.0,3,Mobile Phone,1,Married,10,1,14.0,2.0,2.0,2.0,147.87,1,52788,0.9832938,1,1,High Risk,491.64688,50.0,True Positive (saved customer)
16.0,Phone,1,9.0,Debit Card,Male,3.0,5,Others,1,Married,4,0,,1.0,1.0,7.0,297.4,0,52244,0.19066393,0,0,Low Risk,95.33197,0.0,True Negative (Loyal Customer)
21.0,Computer,1,21.0,Cash on Delivery,Male,4.0,4,Laptop & Accessory,4,Married,10,0,19.0,1.0,2.0,8.0,179.67,0,55531,0.014980253,0,0,Low Risk,7.4901266,0.0,True Negative (Loyal Customer)
4.0,Phone,2,8.0,UPI,Male,3.0,4,Laptop & Accessory,5,Divorced,4,0,12.0,0.0,1.0,0.0,164.1,0,50186,0.053867057,0,0,Low Risk,26.933529,0.0,True Negative (Loyal Customer)
0.0,Phone,1,28.0,Credit Card,Male,3.0,3,Laptop & Accessory,3,Divorced,2,1,15.0,3.0,6.0,7.0,161.79,1,50861,0.9700769,1,1,High Risk,485.03845,50.0,True Positive (saved customer)
1.0,Computer,2,15.0,UPI,Female,4.0,5,Mobile Phone,1,Married,8,0,12.0,2.0,2.0,3.0,146.8,1,55407,0.8609932,1,1,High Risk,430.4966,50.0,True Positive (saved customer)
13.0,Computer,1,14.0,Debit Card,Male,3.0,3,Laptop & Accessory,1,Married,4,1,18.0,1.0,2.0,2.0,140.69,0,52444,0.0073169996,0,0,Low Risk,3.6584997,0.0,True Negative (Loyal Customer)
4.0,Phone,3,14.0,E wallet,Female,4.0,4,Laptop & Accessory,5,Married,9,0,15.0,2.0,2.0,3.0,172.79,0,53704,0.19076319,0,0,Low Risk,95.38159,0.0,True Negative (Loyal Customer)
31.0,Phone,2,13.0,Credit Card,Male,3.0,4,Mobile Phone,3,Married,10,0,18.0,1.0,3.0,3.0,147.67,0,54393,0.0017463546,0,0,Low Risk,0.8731773,0.0,True Negative (Loyal Customer)
8.0,Phone,1,34.0,Debit Card,Male,2.0,1,Laptop & Accessory,3,Married,2,0,17.0,6.0,6.0,8.0,134.07,0,52476,0.0026331877,0,0,Low Risk,1.3165939,0.0,True Negative (Loyal Customer)
4.0,Phone,1,24.0,Credit Card,Female,4.0,4,Fashion,5,Divorced,3,1,24.0,1.0,,9.0,244.16000000000003,0,53639,0.11711086,0,0,Low Risk,58.55543,0.0,True Negative (Loyal Customer)
16.0,Computer,1,9.0,Debit Card,Male,3.0,4,Fashion,1,Married,4,1,15.0,13.0,14.0,,226.24,0,53784,0.017305836,0,0,Low Risk,8.652918,0.0,True Negative (Loyal Customer)
1.0,Computer,1,21.0,UPI,Female,3.0,4,Fashion,2,Single,2,1,13.0,3.0,8.0,8.0,200.53,1,53698,0.99412596,1,1,High Risk,497.063,50.0,True Positive (saved customer)
3.0,Computer,3,30.0,Debit Card,Female,3.0,1,Grocery,4,Single,5,1,16.0,1.0,,0.0,231.94,1,52052,0.97437173,1,1,High Risk,487.18585,50.0,True Positive (saved customer)
19.0,Computer,3,11.0,E wallet,Male,3.0,3,Laptop & Accessory,1,Single,5,1,21.0,1.0,1.0,8.0,157.72,0,51394,0.15342078,0,0,Low Risk,76.71039,0.0,True Negative (Loyal Customer)
18.0,Phone,1,36.0,UPI,Male,3.0,4,Laptop & Accessory,1,Single,3,0,26.0,7.0,14.0,18.0,170.41,0,55036,0.013572902,0,0,Low Risk,6.7864513,0.0,True Negative (Loyal Customer)
1.0,Computer,1,9.0,Credit Card,Male,3.0,4,Mobile Phone,1,Single,4,0,14.0,1.0,2.0,3.0,150.8,0,55331,0.21314344,0,0,Low Risk,106.57172,0.0,True Negative (Loyal Customer)
14.0,Computer,1,16.0,UPI,Male,3.0,4,Laptop & Accessory,3,Married,5,0,12.0,2.0,2.0,8.0,164.75,0,53720,0.009355024,0,0,Low Risk,4.677512,0.0,True Negative (Loyal Customer)
4.0,Phone,1,8.0,Credit Card,Female,2.0,5,Mobile Phone,1,Married,2,1,11.0,1.0,1.0,0.0,111.28999999999999,0,51278,0.48143274,0,1,Medium Risk (Actionable),240.71637,50.0,False Positive (Wasted Offer)
19.0,Phone,3,9.0,Credit Card,Male,3.0,4,Laptop & Accessory,2,Single,6,0,17.0,1.0,8.0,4.0,176.6,1,53299,0.9005096,1,1,High Risk,450.2548,50.0,True Positive (saved customer)
22.0,Phone,1,14.0,UPI,Female,2.0,3,Fashion,4,Married,5,0,11.0,0.0,1.0,7.0,174.03,0,52023,0.0022581846,0,0,Low Risk,1.1290923,0.0,True Negative (Loyal Customer)
0.0,Phone,1,8.0,Debit Card,Male,3.0,3,Mobile Phone,3,Single,3,0,11.0,1.0,1.0,0.0,134.85,1,50140,0.8387521,1,1,High Risk,419.37604,50.0,True Positive (saved customer)
24.0,Phone,1,14.0,Credit Card,Female,3.0,5,Others,3,Married,7,1,,5.0,14.0,9.0,312.4,0,54223,0.0026970778,0,0,Low Risk,1.3485389,0.0,True Negative (Loyal Customer)
1.0,Phone,3,11.0,E wallet,Male,3.0,5,Laptop & Accessory,1,Single,3,1,13.0,5.0,8.0,5.0,183.28,1,54454,0.98132056,1,1,High Risk,490.66028,50.0,True Positive (saved customer)
6.0,Phone,3,15.0,Cash on Delivery,Female,4.0,5,Laptop & Accessory,4,Married,3,1,12.0,12.0,12.0,10.0,177.28,0,54480,0.038117956,0,0,Low Risk,19.058979,0.0,True Negative (Loyal Customer)
13.0,Phone,3,15.0,Credit Card,Male,2.0,3,Laptop & Accessory,5,Married,1,0,12.0,2.0,7.0,1.0,154.73,0,50970,0.016982317,0,0,Low Risk,8.4911585,0.0,True Negative (Loyal Customer)
20.0,Computer,3,9.0,Credit Card,Female,2.0,3,Grocery,3,Married,10,1,12.0,7.0,,13.0,237.7,0,50420,0.13948804,0,0,Low Risk,69.74402,0.0,True Negative (Loyal Customer)
11.0,Phone,3,8.0,E wallet,Female,3.0,5,Laptop & Accessory,1,Married,3,1,20.0,0.0,1.0,3.0,154.05,0,52654,0.013064696,0,0,Low Risk,6.532348,0.0,True Negative (Loyal Customer)
0.0,Phone,1,,Credit Card,Male,2.0,3,Mobile Phone,4,Married,2,1,17.0,0.0,1.0,0.0,124.08000000000001,1,51012,0.9610616,1,1,High Risk,480.5308,50.0,True Positive (saved customer)
2.0,Phone,3,9.0,Credit Card,Female,2.0,3,Laptop & Accessory,3,Married,5,1,18.0,1.0,1.0,0.0,152.38,1,51673,0.904903,1,1,High Risk,452.4515,50.0,True Positive (saved customer)
1.0,Computer,1,31.0,Debit Card,Male,4.0,5,Mobile Phone,1,Single,3,1,25.0,2.0,2.0,1.0,149.39,1,54023,0.9941922,1,1,High Risk,497.0961,50.0,True Positive (saved customer)
8.0,Computer,2,18.0,Debit Card,Male,3.0,5,Laptop & Accessory,4,Married,6,0,12.0,1.0,2.0,9.0,169.9,0,55084,0.048594672,0,0,Low Risk,24.297337,0.0,True Negative (Loyal Customer)
1.0,Phone,1,13.0,Debit Card,Male,3.0,5,Mobile Phone,3,Married,3,0,14.0,2.0,3.0,3.0,150.39,0,54994,0.30276078,0,0,Low Risk,151.38039,0.0,True Negative (Loyal Customer)
8.0,Phone,1,15.0,Credit Card,Male,2.0,3,Laptop & Accessory,3,Single,2,0,19.0,0.0,1.0,8.0,150.98,0,52770,0.019695798,0,0,Low Risk,9.847899,0.0,True Negative (Loyal Customer)
14.0,Phone,3,10.0,E wallet,Female,2.0,3,Fashion,3,Married,1,1,13.0,0.0,13.0,5.0,204.47,0,51171,0.07494669,0,0,Low Risk,37.473343,0.0,True Negative (Loyal Customer)
20.0,Phone,3,9.0,E wallet,Female,3.0,4,Others,5,Single,5,0,,3.0,3.0,2.0,314.47,0,54190,0.023315188,0,0,Low Risk,11.657594,0.0,True Negative (Loyal Customer)
15.0,Phone,1,13.0,Credit Card,Male,4.0,5,Laptop & Accessory,4,Single,8,1,16.0,2.0,2.0,3.0,185.32,0,54507,0.043945,0,0,Low Risk,21.9725,0.0,True Negative (Loyal Customer)
,Phone,1,10.0,UPI,Male,3.0,3,Mobile Phone,1,Married,2,0,12.0,1.0,1.0,0.0,119.50999999999999,0,51386,0.23193863,0,0,Low Risk,115.969315,0.0,True Negative (Loyal Customer)
1.0,Phone,1,13.0,Debit Card,Male,4.0,2,Mobile Phone,5,Divorced,3,1,22.0,2.0,2.0,1.0,141.01,1,53276,0.7997496,1,1,High Risk,399.87482,50.0,True Positive (saved customer)
10.0,Phone,1,11.0,Credit Card,Male,3.0,3,Laptop & Accessory,1,Married,8,0,16.0,1.0,1.0,4.0,163.47,0,51686,0.010227946,0,0,Low Risk,5.1139727,0.0,True Negative (Loyal Customer)
4.0,Phone,1,9.0,Debit Card,Female,3.0,6,Laptop & Accessory,1,Single,4,0,21.0,2.0,2.0,3.0,185.91,0,54571,0.02824316,0,0,Low Risk,14.12158,0.0,True Negative (Loyal Customer)
11.0,Computer,1,,Credit Card,Female,3.0,4,Mobile Phone,4,Married,5,0,14.0,0.0,1.0,5.0,124.68,0,52602,0.04261981,0,0,Low Risk,21.309904,0.0,True Negative (Loyal Customer)
7.0,Phone,1,9.0,Debit Card,Male,3.0,4,Mobile Phone,2,Single,2,0,15.0,1.0,2.0,3.0,150.0,0,52867,0.034554373,0,0,Low Risk,17.277187,0.0,True Negative (Loyal Customer)
0.0,Phone,1,,Credit Card,Male,3.0,3,Mobile Phone,2,Divorced,2,0,24.0,0.0,2.0,2.0,123.22999999999999,0,50036,0.232261,0,0,Low Risk,116.1305,0.0,True Negative (Loyal Customer)
22.0,Phone,1,6.0,Cash on Delivery,Female,2.0,4,Grocery,3,Single,8,1,12.0,1.0,,7.0,239.64,0,50192,0.0041124146,0,0,Low Risk,2.0562072,0.0,True Negative (Loyal Customer)
2.0,Phone,1,34.0,Credit Card,Female,3.0,6,Laptop & Accessory,5,Married,2,0,22.0,2.0,2.0,1.0,25.0,0,53842,0.06621343,0,0,Low Risk,33.106716,0.0,True Negative (Loyal Customer)
0.0,Phone,3,14.0,UPI,Female,2.0,3,Laptop & Accessory,3,Married,1,1,22.0,1.0,1.0,4.0,149.07,0,51309,0.29398903,0,0,Low Risk,146.99452,0.0,True Negative (Loyal Customer)
4.0,Phone,3,12.0,E wallet,Female,2.0,5,Laptop & Accessory,3,Married,3,0,14.0,2.0,2.0,3.0,186.18,0,54499,0.05790951,0,0,Low Risk,28.954756,0.0,True Negative (Loyal Customer)
2.0,Phone,1,,Debit Card,Male,2.0,3,Mobile Phone,1,Single,2,0,19.0,1.0,1.0,5.0,123.4,0,51598,0.027243538,0,0,Low Risk,13.621769,0.0,True Negative (Loyal Customer)
28.0,Phone,1,14.0,Credit Card,Female,2.0,3,Grocery,3,Married,3,1,14.0,1.0,,2.0,247.56,0,51411,0.0021370295,0,0,Low Risk,1.0685148,0.0,True Negative (Loyal Customer)
3.0,Phone,3,13.0,E wallet,Male,,3,Mobile Phone,4,Single,1,0,14.0,0.0,1.0,2.0,129.83,0,51783,0.133114,0,0,Low Risk,66.557,0.0,True Negative (Loyal Customer)
18.0,Phone,3,8.0,Credit Card,Male,2.0,3,Laptop & Accessory,2,Single,5,0,16.0,0.0,7.0,3.0,151.6,1,50484,0.8254416,1,1,High Risk,412.7208,50.0,True Positive (saved customer)
,Computer,1,14.0,Credit Card,Female,2.0,4,Laptop & Accessory,4,Married,2,1,16.0,1.0,1.0,7.0,121.33000000000001,0,51249,0.2675244,0,0,Low Risk,133.76219,0.0,True Negative (Loyal Customer)
,Phone,2,6.0,Debit Card,Male,2.0,3,Mobile Phone,3,Married,1,0,21.0,0.0,1.0,3.0,120.63999999999999,0,50940,0.035125062,0,0,Low Risk,17.56253,0.0,True Negative (Loyal Customer)
9.0,Phone,1,23.0,Credit Card,Male,3.0,2,Mobile Phone,4,Married,2,0,14.0,2.0,2.0,4.0,149.26,0,54171,0.012199205,0,0,Low Risk,6.0996027,0.0,True Negative (Loyal Customer)
4.0,Phone,3,6.0,Debit Card,Female,3.0,3,Laptop & Accessory,1,Single,9,1,11.0,0.0,1.0,5.0,159.93,1,51346,0.71625584,1,1,High Risk,358.12793,50.0,True Positive (saved customer)
9.0,Phone,1,8.0,UPI,Female,3.0,3,Laptop & Accessory,4,Married,5,1,22.0,1.0,1.0,0.0,169.62,0,52661,0.0060238843,0,0,Low Risk,3.0119421,0.0,True Negative (Loyal Customer)
0.0,Computer,1,,Credit Card,Male,2.0,4,Mobile Phone,5,Single,8,0,11.0,0.0,1.0,0.0,125.61000000000001,1,50944,0.9909093,1,1,High Risk,495.45465,50.0,True Positive (saved customer)
4.0,Phone,3,12.0,E wallet,Female,2.0,5,Laptop & Accessory,3,Married,3,0,14.0,1.0,2.0,3.0,186.18,0,53029,0.06036529,0,0,Low Risk,30.182644,0.0,True Negative (Loyal Customer)
3.0,Computer,3,30.0,Debit Card,Female,3.0,1,Grocery,4,Single,5,1,16.0,1.0,,0.0,231.94,1,50582,0.97437173,1,1,High Risk,487.18585,50.0,True Positive (saved customer)
4.0,Phone,1,11.0,Cash on Delivery,Male,2.0,3,Mobile Phone,1,Married,1,1,12.0,1.0,1.0,3.0,148.21,0,51655,0.022409061,0,0,Low Risk,11.204531,0.0,True Negative (Loyal Customer)
1.0,Phone,3,30.0,Debit Card,Female,3.0,5,Fashion,5,Divorced,3,0,14.0,1.0,4.0,11.0,198.36,1,53527,0.96172404,1,1,High Risk,480.86203,50.0,True Positive (saved customer)
31.0,Computer,1,7.0,Debit Card,Male,3.0,6,Laptop & Accessory,3,Married,4,1,14.0,2.0,2.0,3.0,181.6,0,54469,0.0038941053,0,0,Low Risk,1.9470527,0.0,True Negative (Loyal Customer)
18.0,Phone,1,9.0,Debit Card,Female,4.0,2,Mobile Phone,1,Married,3,0,14.0,2.0,8.0,8.0,145.11,0,55052,0.0049030622,0,0,Low Risk,2.4515312,0.0,True Negative (Loyal Customer)
15.0,Phone,1,35.0,Credit Card,Male,2.0,5,Laptop & Accessory,1,Single,5,0,19.0,1.0,1.0,0.0,142.72,0,52170,0.03970334,0,0,Low Risk,19.85167,0.0,True Negative (Loyal Customer)
1.0,Phone,3,17.0,Debit Card,Male,3.0,4,Laptop & Accessory,1,Single,2,0,15.0,2.0,2.0,2.0,174.5,0,55046,0.05586491,0,0,Low Risk,27.932455,0.0,True Negative (Loyal Customer)
24.0,Computer,1,29.0,Credit Card,Male,3.0,6,Grocery,1,Single,3,1,14.0,,14.0,10.0,269.11,0,53777,0.00315192,0,0,Low Risk,1.5759599,0.0,True Negative (Loyal Customer)
26.0,Computer,3,8.0,E wallet,Female,2.0,4,Fashion,4,Divorced,3,0,12.0,0.0,6.0,12.0,175.25,0,50636,0.0010679903,0,0,Low Risk,0.53399515,0.0,True Negative (Loyal Customer)
27.0,Phone,1,23.0,Cash on Delivery,Female,2.0,3,Fashion,3,Married,9,0,11.0,0.0,1.0,8.0,207.39,0,52074,0.004632615,0,0,Low Risk,2.3163075,0.0,True Negative (Loyal Customer)
11.0,Computer,1,8.0,Debit Card,Female,3.0,1,Laptop & Accessory,5,Single,7,1,12.0,4.0,4.0,12.0,159.8,0,50454,0.031964656,0,0,Low Risk,15.982328,0.0,True Negative (Loyal Customer)
9.0,Phone,3,16.0,Debit Card,Female,3.0,3,Fashion,4,Married,6,0,21.0,1.0,1.0,7.0,173.14,1,52679,0.02275311,0,0,Low Risk,11.376555,0.0,False Negative (Missed Churner)
20.0,Phone,3,9.0,Debit Card,Male,4.0,4,Fashion,1,Married,6,1,13.0,1.0,2.0,,228.68,0,55396,0.05899675,0,0,Low Risk,29.498375,0.0,True Negative (Loyal Customer)
12.0,Computer,2,9.0,UPI,Male,4.0,4,Mobile Phone,4,Married,7,0,14.0,3.0,4.0,9.0,150.92,0,55450,0.038496785,0,0,Low Risk,19.248392,0.0,True Negative (Loyal Customer)
18.0,Phone,1,7.0,Debit Card,Male,4.0,2,Laptop & Accessory,5,Married,4,0,16.0,3.0,3.0,3.0,175.33,0,54043,0.0014077459,0,0,Low Risk,0.7038729,0.0,True Negative (Loyal Customer)
7.0,Phone,1,15.0,Debit Card,Male,4.0,4,Laptop & Accessory,3,Single,4,1,18.0,1.0,2.0,1.0,188.88,0,53765,0.09901084,0,0,Low Risk,49.50542,0.0,True Negative (Loyal Customer)
22.0,Phone,3,23.0,Debit Card,Female,4.0,4,Laptop & Accessory,3,Married,10,0,15.0,8.0,8.0,8.0,189.39,0,55264,0.007106024,0,0,Low Risk,3.553012,0.0,True Negative (Loyal Customer)
2.0,Phone,1,7.0,Debit Card,Male,3.0,4,Mobile Phone,1,Married,3,0,12.0,1.0,2.0,4.0,145.44,0,53974,0.006003408,0,0,Low Risk,3.0017042,0.0,True Negative (Loyal Customer)
9.0,Computer,3,13.0,E wallet,Female,2.0,1,Laptop & Accessory,5,Divorced,3,0,16.0,5.0,6.0,13.0,146.39,0,50844,0.0028329864,0,0,Low Risk,1.4164932,0.0,True Negative (Loyal Customer)
1.0,Computer,3,20.0,Debit Card,Female,4.0,4,Mobile Phone,4,Married,3,0,14.0,1.0,2.0,1.0,145.33,0,55222,0.9374367,1,1,High Risk,468.71835,50.0,False Positive (Wasted Offer)
0.0,Phone,1,,Debit Card,Male,2.0,3,Mobile Phone,5,Single,2,0,25.0,0.0,1.0,0.0,125.52000000000001,0,52199,0.7022624,1,1,High Risk,351.1312,50.0,False Positive (Wasted Offer)
16.0,Phone,3,31.0,Credit Card,Male,3.0,4,Fashion,2,Married,6,0,13.0,1.0,,0.0,234.0,0,50651,0.12166297,0,0,Low Risk,60.831482,0.0,True Negative (Loyal Customer)
25.0,Phone,1,10.0,Cash on Delivery,Female,3.0,4,Fashion,3,Married,4,0,12.0,3.0,,3.0,256.16,0,55436,0.0024265216,0,0,Low Risk,1.2132608,0.0,True Negative (Loyal Customer)
0.0,Computer,3,6.0,E wallet,Male,3.0,3,Laptop & Accessory,4,Married,1,1,13.0,0.0,1.0,4.0,163.49,0,51677,0.18507053,0,0,Low Risk,92.53526,0.0,True Negative (Loyal Customer)
30.0,Phone,1,8.0,Debit Card,Female,3.0,4,Mobile Phone,5,Married,4,0,23.0,1.0,2.0,1.0,145.66,0,55184,0.0030430574,0,0,Low Risk,1.5215287,0.0,True Negative (Loyal Customer)
1.0,Phone,1,14.0,UPI,Male,4.0,2,Mobile Phone,5,Single,2,0,13.0,1.0,2.0,8.0,160.78,0,55165,0.2836574,0,0,Low Risk,141.8287,0.0,True Negative (Loyal Customer)
23.0,Phone,1,6.0,Credit Card,Male,3.0,3,Grocery,2,Married,10,0,22.0,,1.0,3.0,273.99,0,50590,0.0021224248,0,0,Low Risk,1.0612124,0.0,True Negative (Loyal Customer)
3.0,Phone,1,30.0,Credit Card,Male,4.0,4,Mobile Phone,5,Single,2,0,14.0,1.0,2.0,4.0,164.04,1,53631,0.07971487,0,0,Low Risk,39.857437,0.0,False Negative (Missed Churner)
9.0,Phone,1,13.0,UPI,Male,3.0,3,Mobile Phone,1,Single,3,0,18.0,1.0,1.0,1.0,146.78,0,52026,0.053456616,0,0,Low Risk,26.728308,0.0,True Negative (Loyal Customer)
9.0,Phone,1,11.0,Debit Card,Female,2.0,3,Fashion,5,Married,5,0,12.0,1.0,1.0,2.0,180.08,0,51049,0.031858753,0,0,Low Risk,15.929377,0.0,True Negative (Loyal Customer)
12.0,Phone,1,19.0,Credit Card,Female,3.0,4,Grocery,4,Married,7,1,13.0,,15.0,2.0,271.23,0,52283,0.054520085,0,0,Low Risk,27.260042,0.0,True Negative (Loyal Customer)
26.0,Phone,3,10.0,E wallet,Male,3.0,5,Grocery,5,Married,3,0,,2.0,2.0,17.0,293.56,0,54722,0.0012895181,0,0,Low Risk,0.64475906,0.0,True Negative (Loyal Customer)
16.0,Computer,1,35.0,Cash on Delivery,Female,3.0,5,Laptop & Accessory,2,Divorced,2,0,12.0,1.0,2.0,5.0,170.23,0,53104,0.0225339,0,0,Low Risk,11.26695,0.0,True Negative (Loyal Customer)
13.0,Computer,1,7.0,Debit Card,Male,3.0,4,Others,3,Married,3,1,,1.0,2.0,7.0,316.97,0,53091,0.050449785,0,0,Low Risk,25.224892,0.0,True Negative (Loyal Customer)
,Phone,1,6.0,Debit Card,Female,3.0,5,Mobile Phone,4,Single,8,1,13.0,1.0,3.0,7.0,122.16,1,50416,0.92970103,1,1,High Risk,464.85052,50.0,True Positive (saved customer)
15.0,Computer,1,14.0,Debit Card,Male,3.0,3,Others,1,Married,2,0,13.0,,14.0,9.0,284.3,0,51930,0.105062395,0,0,Low Risk,52.531197,0.0,True Negative (Loyal Customer)
13.0,Phone,1,26.0,Cash on Delivery,Male,3.0,3,Fashion,2,Divorced,5,0,20.0,4.0,11.0,1.0,203.22,0,50661,0.19521962,0,0,Low Risk,97.60981,0.0,True Negative (Loyal Customer)
7.0,Phone,1,7.0,UPI,Male,4.0,5,Mobile Phone,5,Single,5,1,12.0,1.0,2.0,3.0,152.99,0,53364,0.26504743,0,0,Low Risk,132.52371,0.0,True Negative (Loyal Customer)
1.0,Computer,2,30.0,UPI,Female,3.0,4,Fashion,5,Married,11,1,16.0,2.0,2.0,,224.5,1,54601,0.96280104,1,1,High Risk,481.4005,50.0,True Positive (saved customer)
6.0,Phone,1,,Credit Card,Female,2.0,4,Mobile Phone,4,Divorced,7,0,21.0,0.0,1.0,1.0,126.22,0,50097,0.039697677,0,0,Low Risk,19.848839,0.0,True Negative (Loyal Customer)
,Phone,1,26.0,Credit Card,Male,2.0,3,Mobile Phone,3,Married,5,0,17.0,1.0,1.0,0.0,122.59,0,52024,0.14400645,0,0,Low Risk,72.00322,0.0,True Negative (Loyal Customer)
18.0,Computer,1,31.0,Credit Card,Male,3.0,6,Mobile Phone,3,Single,4,0,15.0,1.0,2.0,5.0,162.08,0,53234,0.07579169,0,0,Low Risk,37.895844,0.0,True Negative (Loyal Customer)
25.0,Phone,1,10.0,Credit Card,Female,4.0,4,Grocery,4,Single,5,0,19.0,,2.0,1.0,262.34,0,52880,0.000825149,0,0,Low Risk,0.4125745,0.0,True Negative (Loyal Customer)
28.0,Computer,1,8.0,Credit Card,Male,2.0,4,Grocery,5,Single,8,0,15.0,,6.0,2.0,267.56,0,50650,0.0020960255,0,0,Low Risk,1.0480127,0.0,True Negative (Loyal Customer)
3.0,Phone,1,35.0,Credit Card,Female,4.0,5,Mobile Phone,5,Single,3,0,15.0,1.0,2.0,5.0,162.85,0,54151,0.04085557,0,0,Low Risk,20.427786,0.0,True Negative (Loyal Customer)
5.0,Phone,1,6.0,Debit Card,Male,3.0,3,Laptop & Accessory,4,Married,2,0,17.0,1.0,1.0,9.0,162.2,0,51419,0.0025654924,0,0,Low Risk,1.2827462,0.0,True Negative (Loyal Customer)
6.0,Phone,1,9.0,Credit Card,Female,4.0,3,Laptop & Accessory,2,Single,9,0,17.0,2.0,2.0,8.0,175.55,0,53013,0.05236195,0,0,Low Risk,26.180975,0.0,True Negative (Loyal Customer)
30.0,Phone,3,16.0,Credit Card,Male,2.0,3,Grocery,3,Single,1,0,13.0,0.0,,8.0,238.72000000000003,0,51444,0.0021405476,0,0,Low Risk,1.0702738,0.0,True Negative (Loyal Customer)
2.0,Phone,1,9.0,Credit Card,Male,3.0,4,Fashion,3,Divorced,2,0,18.0,1.0,1.0,,219.35000000000002,0,50296,0.07756875,0,0,Low Risk,38.784374,0.0,True Negative (Loyal Customer)
0.0,Phone,1,5.0,Debit Card,Male,,4,Mobile Phone,3,Single,2,0,12.0,0.0,1.0,2.0,130.33,0,52202,0.119314104,0,0,Low Risk,59.65705,0.0,True Negative (Loyal Customer)
0.0,Computer,1,13.0,Debit Card,Male,3.0,5,Laptop & Accessory,3,Single,2,1,24.0,1.0,1.0,6.0,160.74,1,51457,0.9693127,1,1,High Risk,484.65637,50.0,True Positive (saved customer)
,Phone,1,7.0,Credit Card,Female,2.0,3,Mobile Phone,4,Single,2,0,18.0,1.0,2.0,1.0,120.96000000000001,0,52280,0.012393831,0,0,Low Risk,6.1969156,0.0,True Negative (Loyal Customer)
29.0,Computer,1,15.0,Credit Card,Female,,3,Mobile Phone,3,Married,3,0,19.0,1.0,1.0,3.0,129.42,0,52118,0.004089357,0,0,Low Risk,2.0446784,0.0,True Negative (Loyal Customer)
21.0,Phone,1,32.0,Credit Card,Male,3.0,4,Fashion,3,Single,4,0,24.0,10.0,13.0,,211.33,0,55575,0.31035268,0,0,Low Risk,155.17635,0.0,True Negative (Loyal Customer)
1.0,Phone,3,7.0,Debit Card,Male,4.0,5,Laptop & Accessory,5,Married,3,0,12.0,4.0,7.0,,222.14,1,53797,0.74686897,1,1,High Risk,373.43448,50.0,True Positive (saved customer)
4.0,Phone,1,14.0,Debit Card,Female,3.0,3,Laptop & Accessory,1,Single,2,0,23.0,1.0,1.0,8.0,144.24,0,51421,0.015074752,0,0,Low Risk,7.537376,0.0,True Negative (Loyal Customer)
,Computer,1,31.0,Debit Card,Female,3.0,3,Mobile Phone,4,Married,2,1,19.0,0.0,7.0,8.0,120.22,1,50512,0.951125,1,1,High Risk,475.5625,50.0,True Positive (saved customer)
,Computer,1,15.0,Credit Card,Male,2.0,3,Mobile Phone,4,Married,7,0,18.0,2.0,2.0,2.0,120.24000000000001,0,51507,0.09917992,0,0,Low Risk,49.589962,0.0,True Negative (Loyal Customer)
13.0,Computer,3,28.0,Debit Card,Female,3.0,6,Laptop & Accessory,3,Married,8,0,20.0,1.0,2.0,3.0,182.36,0,54057,0.27953467,0,0,Low Risk,139.76733,0.0,True Negative (Loyal Customer)
20.0,Computer,1,,Debit Card,Male,2.0,4,Mobile Phone,1,Married,10,1,14.0,1.0,1.0,0.0,123.80000000000001,1,52006,0.8527833,1,1,High Risk,426.39166,50.0,True Positive (saved customer)
9.0,Computer,1,25.0,Debit Card,Male,3.0,4,Fashion,2,Single,4,0,12.0,1.0,3.0,,218.62,0,53693,0.23610602,0,0,Low Risk,118.05301,0.0,True Negative (Loyal Customer)
10.0,Phone,1,10.0,Debit Card,Male,,3,Mobile Phone,3,Divorced,8,1,15.0,1.0,1.0,3.0,129.96,0,50865,0.14469172,0,0,Low Risk,72.34586,0.0,True Negative (Loyal Customer)
12.0,Phone,3,23.0,Debit Card,Female,3.0,4,Laptop & Accessory,4,Single,4,0,13.0,1.0,2.0,3.0,166.98,0,53811,0.060762394,0,0,Low Risk,30.381197,0.0,True Negative (Loyal Customer)
7.0,Computer,1,10.0,Debit Card,Female,3.0,4,Mobile Phone,3,Married,3,1,12.0,3.0,4.0,1.0,154.09,0,54164,0.45742574,0,1,Medium Risk (Actionable),228.71288,50.0,False Positive (Wasted Offer)
1.0,Computer,1,9.0,Debit Card,Male,4.0,4,Mobile Phone,1,Divorced,8,1,14.0,3.0,3.0,3.0,162.22,1,53727,0.9704269,1,1,High Risk,485.21347,50.0,True Positive (saved customer)
,Phone,1,6.0,Credit Card,Female,3.0,3,Mobile Phone,2,Married,4,0,14.0,0.0,1.0,2.0,122.69999999999999,0,50589,0.011606313,0,0,Low Risk,5.803157,0.0,True Negative (Loyal Customer)
14.0,Computer,3,16.0,Debit Card,Male,2.0,3,Laptop & Accessory,1,Single,8,0,14.0,0.0,1.0,10.0,162.3,0,51792,0.020381182,0,0,Low Risk,10.190591,0.0,True Negative (Loyal Customer)
28.0,Computer,1,24.0,Credit Card,Male,3.0,3,Laptop & Accessory,4,Married,4,1,14.0,2.0,6.0,7.0,163.85,0,52091,0.0029045467,0,0,Low Risk,1.4522734,0.0,True Negative (Loyal Customer)
8.0,Phone,1,15.0,Debit Card,Male,3.0,4,Laptop & Accessory,4,Single,10,0,19.0,1.0,1.0,0.0,165.4,0,50248,0.014132549,0,0,Low Risk,7.0662746,0.0,True Negative (Loyal Customer)
31.0,Computer,1,22.0,Debit Card,Male,3.0,4,Grocery,3,Married,4,1,15.0,,3.0,3.0,282.87,0,55471,0.0017034506,0,0,Low Risk,0.8517253,0.0,True Negative (Loyal Customer)
11.0,Phone,1,6.0,Debit Card,Female,2.0,3,Fashion,3,Single,5,1,14.0,0.0,1.0,0.0,178.61,0,50418,0.15250538,0,0,Low Risk,76.25269,0.0,True Negative (Loyal Customer)
3.0,Phone,1,11.0,Cash on Delivery,Female,4.0,5,Mobile Phone,5,Married,3,0,14.0,1.0,2.0,1.0,146.09,0,53949,0.2565757,0,0,Low Risk,128.28786,0.0,True Negative (Loyal Customer)
,Phone,1,13.0,Debit Card,Male,3.0,3,Mobile Phone,4,Single,3,0,11.0,0.0,1.0,3.0,120.13,0,52526,0.28287062,0,0,Low Risk,141.4353,0.0,True Negative (Loyal Customer)
15.0,Phone,1,14.0,Credit Card,Male,2.0,4,Laptop & Accessory,4,Divorced,3,0,15.0,7.0,7.0,7.0,149.41,1,50193,0.7838015,1,1,High Risk,391.90076,50.0,True Positive (saved customer)
3.0,Phone,1,22.0,Debit Card,Male,3.0,4,Mobile Phone,2,Single,3,0,20.0,1.0,2.0,6.0,148.4,0,52943,0.025501832,0,0,Low Risk,12.7509165,0.0,True Negative (Loyal Customer)
15.0,Computer,1,27.0,Credit Card,Female,2.0,3,Laptop & Accessory,3,Married,3,0,16.0,0.0,1.0,2.0,152.65,0,50073,0.03463123,0,0,Low Risk,17.315615,0.0,True Negative (Loyal Customer)
4.0,Phone,3,9.0,Cash on Delivery,Male,4.0,4,Mobile Phone,4,Married,3,0,19.0,2.0,2.0,1.0,149.76,0,54542,0.24857669,0,0,Low Risk,124.288345,0.0,True Negative (Loyal Customer)
3.0,Computer,1,17.0,Debit Card,Female,4.0,4,Mobile Phone,4,Married,2,0,15.0,2.0,2.0,2.0,157.91,0,53514,0.025125172,0,0,Low Risk,12.562586,0.0,True Negative (Loyal Customer)
16.0,Phone,1,11.0,Cash on Delivery,Male,3.0,4,Others,2,Divorced,3,0,,1.0,12.0,16.0,317.32,0,52922,0.027925838,0,0,Low Risk,13.962919,0.0,True Negative (Loyal Customer)
8.0,Phone,1,27.0,Debit Card,Female,2.0,3,Laptop & Accessory,1,Married,2,1,25.0,0.0,1.0,7.0,140.14,0,52022,0.014755397,0,0,Low Risk,7.3776984,0.0,True Negative (Loyal Customer)
1.0,Computer,1,9.0,Debit Card,Male,3.0,4,Mobile Phone,5,Married,8,1,15.0,1.0,2.0,3.0,145.42,1,54923,0.97723824,1,1,High Risk,488.6191,50.0,True Positive (saved customer)
24.0,Phone,1,14.0,Debit Card,Male,2.0,4,Fashion,4,Divorced,6,0,16.0,1.0,4.0,,224.89999999999998,0,50089,0.0029712839,0,0,Low Risk,1.485642,0.0,True Negative (Loyal Customer)
1.0,Computer,1,36.0,Credit Card,Male,4.0,5,Mobile Phone,4,Single,2,0,12.0,2.0,2.0,5.0,159.79,1,52950,0.8453468,1,1,High Risk,422.6734,50.0,True Positive (saved customer)
,Phone,1,12.0,Debit Card,Male,3.0,1,Mobile Phone,5,Divorced,2,1,21.0,1.0,1.0,0.0,116.00999999999999,1,50461,0.968812,1,1,High Risk,484.406,50.0,True Positive (saved customer)
1.0,Computer,3,26.0,E wallet,Male,4.0,3,Laptop & Accessory,2,Single,10,1,14.0,2.0,2.0,5.0,178.04,1,53069,0.99640477,1,1,High Risk,498.2024,50.0,True Positive (saved customer)
14.0,Phone,1,8.0,Debit Card,Male,3.0,4,Mobile Phone,1,Married,10,0,20.0,2.0,2.0,1.0,149.06,0,55588,0.07833893,0,0,Low Risk,39.169464,0.0,True Negative (Loyal Customer)
,Phone,1,6.0,Debit Card,Female,2.0,3,Mobile Phone,2,Single,2,0,12.0,1.0,5.0,7.0,121.15,0,50161,0.0143283745,0,0,Low Risk,7.1641874,0.0,True Negative (Loyal Customer)
4.0,Phone,2,7.0,Debit Card,Male,3.0,4,Mobile Phone,3,Married,2,0,22.0,1.0,2.0,4.0,145.64,0,53755,0.015906235,0,0,Low Risk,7.9531174,0.0,True Negative (Loyal Customer)
2.0,Phone,3,,Debit Card,Male,3.0,3,Mobile Phone,3,Single,2,0,11.0,1.0,1.0,0.0,126.41999999999999,0,51892,0.15576091,0,0,Low Risk,77.880455,0.0,True Negative (Loyal Customer)
0.0,Phone,1,14.0,Credit Card,Female,3.0,3,Mobile Phone,1,Single,2,0,11.0,1.0,1.0,4.0,134.45,0,51124,0.071281984,0,0,Low Risk,35.64099,0.0,True Negative (Loyal Customer)
27.0,Phone,1,14.0,Credit Card,Female,3.0,4,Others,3,Married,5,0,,5.0,5.0,8.0,311.06,0,53549,0.001139933,0,0,Low Risk,0.5699665,0.0,True Negative (Loyal Customer)
20.0,Phone,1,8.0,Debit Card,Male,2.0,3,Others,4,Single,8,1,,5.0,13.0,8.0,292.46,1,50471,0.24826634,0,0,Low Risk,124.13317,0.0,False Negative (Missed Churner)
2.0,Computer,1,6.0,Cash on Delivery,Male,2.0,3,Laptop & Accessory,3,Divorced,2,0,13.0,0.0,1.0,9.0,143.19,0,50031,0.010766843,0,0,Low Risk,5.383422,0.0,True Negative (Loyal Customer)
18.0,Phone,1,10.0,UPI,Male,3.0,4,Others,2,Divorced,6,1,,2.0,2.0,2.0,320.13,0,53188,0.0058239615,0,0,Low Risk,2.9119806,0.0,True Negative (Loyal Customer)
3.0,Phone,3,11.0,Debit Card,Female,2.0,3,Fashion,2,Divorced,3,0,12.0,2.0,7.0,4.0,194.19,0,50043,0.20930448,0,0,Low Risk,104.652245,0.0,True Negative (Loyal Customer)
27.0,Phone,1,14.0,Debit Card,Female,2.0,3,Laptop & Accessory,3,Single,8,0,11.0,1.0,1.0,0.0,137.8,0,50307,0.0025879533,0,0,Low Risk,1.2939767,0.0,True Negative (Loyal Customer)
7.0,Phone,3,15.0,Debit Card,Male,3.0,4,Laptop & Accessory,5,Married,4,0,14.0,3.0,3.0,3.0,188.92,0,53796,0.078003205,0,0,Low Risk,39.001602,0.0,True Negative (Loyal Customer)
29.0,Computer,1,15.0,Credit Card,Male,3.0,5,Grocery,4,Married,3,1,16.0,3.0,16.0,1.0,260.77,0,55075,0.0017644899,0,0,Low Risk,0.88224494,0.0,True Negative (Loyal Customer)
8.0,Computer,3,9.0,E wallet,Female,4.0,4,Mobile Phone,3,Married,8,0,19.0,1.0,2.0,3.0,147.31,0,54320,0.07553127,0,0,Low Risk,37.765633,0.0,True Negative (Loyal Customer)
22.0,Phone,1,10.0,Credit Card,Male,2.0,4,Others,3,Divorced,3,0,13.0,,1.0,0.0,287.11,0,50775,0.0007132007,0,0,Low Risk,0.35660034,0.0,True Negative (Loyal Customer)
13.0,Phone,1,8.0,Debit Card,Male,,4,Mobile Phone,3,Single,3,0,14.0,0.0,2.0,2.0,128.09,0,52801,0.020353584,0,0,Low Risk,10.176792,0.0,True Negative (Loyal Customer)
6.0,Computer,1,36.0,Credit Card,Female,4.0,4,Mobile Phone,3,Single,11,0,13.0,6.0,8.0,8.0,165.25,0,53447,0.021632498,0,0,Low Risk,10.816249,0.0,True Negative (Loyal Customer)
1.0,Phone,1,11.0,Credit Card,Female,3.0,4,Mobile Phone,4,Single,3,0,14.0,2.0,2.0,3.0,157.95,0,53929,0.26146752,0,0,Low Risk,130.73376,0.0,True Negative (Loyal Customer)
8.0,Phone,3,16.0,Debit Card,Female,4.0,4,Laptop & Accessory,3,Married,3,0,21.0,1.0,2.0,4.0,182.14,0,54995,0.039754532,0,0,Low Risk,19.877266,0.0,True Negative (Loyal Customer)
8.0,Phone,3,10.0,UPI,Male,3.0,6,Laptop & Accessory,5,Single,5,0,19.0,3.0,4.0,13.0,172.59,0,53739,0.025309993,0,0,Low Risk,12.654997,0.0,True Negative (Loyal Customer)
0.0,Phone,3,16.0,Credit Card,Male,2.0,4,Fashion,5,Married,10,0,17.0,4.0,6.0,0.0,203.06,1,51038,0.9865715,1,1,High Risk,493.28574,50.0,True Positive (saved customer)
10.0,Phone,1,14.0,Debit Card,Male,4.0,4,Mobile Phone,4,Single,4,0,12.0,1.0,2.0,4.0,145.13,0,53871,0.06531491,0,0,Low Risk,32.657455,0.0,True Negative (Loyal Customer)
3.0,Phone,1,16.0,Credit Card,Female,3.0,3,Fashion,3,Single,10,0,14.0,0.0,1.0,2.0,196.67,0,52642,0.03687677,0,0,Low Risk,18.438385,0.0,True Negative (Loyal Customer)
29.0,Phone,1,9.0,Debit Card,Female,4.0,4,Grocery,2,Single,4,1,14.0,,2.0,3.0,291.59,0,53070,0.002696494,0,0,Low Risk,1.348247,0.0,True Negative (Loyal Customer)
1.0,Phone,3,34.0,E wallet,Female,3.0,4,Fashion,1,Married,3,0,23.0,1.0,2.0,10.0,201.39,1,54366,0.9383892,1,1,High Risk,469.19458,50.0,True Positive (saved customer)
14.0,Phone,3,33.0,E wallet,Male,4.0,4,Laptop & Accessory,5,Divorced,3,0,15.0,6.0,8.0,6.0,208.96,0,53459,0.122794315,0,0,Low Risk,61.397156,0.0,True Negative (Loyal Customer)
14.0,Phone,3,33.0,E wallet,Male,4.0,4,Laptop & Accessory,5,Married,3,0,15.0,4.0,8.0,6.0,208.96,0,54929,0.11429606,0,0,Low Risk,57.14803,0.0,True Negative (Loyal Customer)
11.0,Phone,1,7.0,Debit Card,Female,4.0,4,Laptop & Accessory,4,Married,8,0,13.0,5.0,5.0,4.0,189.47,0,54633,0.04131673,0,0,Low Risk,20.658365,0.0,True Negative (Loyal Customer)
5.0,Phone,1,9.0,Debit Card,Male,3.0,4,Mobile Phone,1,Married,2,1,19.0,3.0,3.0,3.0,151.95,0,54473,0.044744223,0,0,Low Risk,22.372112,0.0,True Negative (Loyal Customer)
30.0,Phone,1,7.0,Debit Card,Male,3.0,1,Laptop & Accessory,3,Married,1,0,24.0,1.0,2.0,8.0,149.0,0,52399,0.002072687,0,0,Low Risk,1.0363435,0.0,True Negative (Loyal Customer)
1.0,Computer,3,8.0,Debit Card,Female,3.0,6,Mobile Phone,3,Single,3,0,13.0,1.0,2.0,1.0,138.59,1,55173,0.9876187,1,1,High Risk,493.80936,50.0,True Positive (saved customer)
16.0,Phone,1,14.0,Debit Card,Female,2.0,3,Laptop & Accessory,4,Married,5,0,21.0,1.0,1.0,0.0,147.65,0,52007,0.01988932,0,0,Low Risk,9.944659,0.0,True Negative (Loyal Customer)
0.0,Phone,1,30.0,Credit Card,Male,2.0,3,Mobile Phone,4,Single,9,0,22.0,0.0,1.0,2.0,135.97,0,52187,0.38877553,0,0,Low Risk,194.38776,0.0,True Negative (Loyal Customer)
5.0,Phone,1,6.0,Credit Card,Male,2.0,3,Laptop & Accessory,1,Married,2,1,22.0,5.0,7.0,8.0,161.62,0,51406,0.0069624074,0,0,Low Risk,3.4812038,0.0,True Negative (Loyal Customer)
3.0,Phone,1,13.0,Credit Card,Female,3.0,4,Mobile Phone,2,Divorced,3,0,14.0,1.0,2.0,9.0,156.31,0,53543,0.018614905,0,0,Low Risk,9.307452,0.0,True Negative (Loyal Customer)
20.0,Computer,3,12.0,E wallet,Male,4.0,4,Laptop & Accessory,1,Single,6,1,22.0,2.0,2.0,9.0,182.72,0,54209,0.32615566,0,0,Low Risk,163.07784,0.0,True Negative (Loyal Customer)
11.0,Phone,3,16.0,E wallet,Male,3.0,5,Laptop & Accessory,4,Married,3,0,15.0,2.0,2.0,4.0,166.89,0,55437,0.030352706,0,0,Low Risk,15.176353,0.0,True Negative (Loyal Customer)
,Phone,1,8.0,Cash on Delivery,Male,2.0,3,Mobile Phone,4,Married,2,0,11.0,1.0,1.0,2.0,122.25999999999999,0,51243,0.16195428,0,0,Low Risk,80.97714,0.0,True Negative (Loyal Customer)
9.0,Phone,1,,Credit Card,Male,3.0,3,Mobile Phone,3,Single,5,0,21.0,2.0,3.0,9.0,125.19,0,50563,0.04861982,0,0,Low Risk,24.309912,0.0,True Negative (Loyal Customer)
14.0,Phone,1,9.0,Debit Card,Male,1.0,5,Mobile Phone,3,Single,4,0,15.0,1.0,3.0,3.0,153.09,0,55616,0.018493883,0,0,Low Risk,9.246942,0.0,True Negative (Loyal Customer)
17.0,Phone,1,10.0,Credit Card,Male,2.0,3,Laptop & Accessory,4,Single,10,0,12.0,1.0,2.0,3.0,159.33,0,50493,0.007472606,0,0,Low Risk,3.7363029,0.0,True Negative (Loyal Customer)
18.0,Phone,1,9.0,Debit Card,Female,4.0,2,Mobile Phone,2,Divorced,3,0,14.0,7.0,8.0,8.0,145.11,0,53582,0.0048672166,0,0,Low Risk,2.4336083,0.0,True Negative (Loyal Customer)
15.0,Phone,1,15.0,UPI,Male,3.0,4,Others,1,Single,9,0,,1.0,1.0,1.0,296.13,0,52475,0.022939261,0,0,Low Risk,11.46963,0.0,True Negative (Loyal Customer)
8.0,Phone,2,14.0,Cash on Delivery,Male,3.0,3,Mobile Phone,3,Single,2,0,17.0,0.0,1.0,4.0,143.23,0,50711,0.11076309,0,0,Low Risk,55.381542,0.0,True Negative (Loyal Customer)
14.0,Phone,1,17.0,Debit Card,Female,3.0,3,Mobile Phone,3,Divorced,5,1,14.0,1.0,2.0,8.0,147.13,0,53052,0.23794769,0,0,Low Risk,118.97385,0.0,True Negative (Loyal Customer)
11.0,Phone,3,22.0,Debit Card,Female,2.0,3,Laptop & Accessory,4,Single,3,0,12.0,1.0,1.0,2.0,141.98,0,52466,0.054480776,0,0,Low Risk,27.240389,0.0,True Negative (Loyal Customer)
0.0,Phone,1,8.0,Credit Card,Male,3.0,1,Mobile Phone,5,Single,8,0,13.0,0.0,1.0,1.0,134.24,0,51964,0.25135756,0,0,Low Risk,125.67878,0.0,True Negative (Loyal Customer)
29.0,Phone,3,7.0,Debit Card,Male,4.0,4,Fashion,1,Married,5,0,15.0,1.0,2.0,,227.39,0,54243,0.0067415913,0,0,Low Risk,3.3707957,0.0,True Negative (Loyal Customer)
3.0,Phone,1,36.0,Debit Card,Male,4.0,6,Laptop & Accessory,3,Married,10,0,18.0,1.0,2.0,7.0,188.84,0,55485,0.09303795,0,0,Low Risk,46.518974,0.0,True Negative (Loyal Customer)
29.0,Phone,3,17.0,E wallet,Female,2.0,4,Laptop & Accessory,5,Married,5,0,16.0,0.0,1.0,0.0,153.8,0,51247,0.004320403,0,0,Low Risk,2.1602015,0.0,True Negative (Loyal Customer)
29.0,Phone,1,27.0,Cash on Delivery,Male,3.0,4,Laptop & Accessory,2,Divorced,5,1,20.0,2.0,2.0,9.0,179.15,0,52974,0.0019567106,0,0,Low Risk,0.9783553,0.0,True Negative (Loyal Customer)
1.0,Computer,2,15.0,UPI,Female,4.0,5,Mobile Phone,1,Married,8,0,12.0,2.0,2.0,3.0,146.8,1,53937,0.8609932,1,1,High Risk,430.4966,50.0,True Positive (saved customer)
10.0,Phone,1,16.0,Credit Card,Female,3.0,3,Mobile Phone,4,Married,2,0,11.0,1.0,7.0,7.0,139.36,0,51039,0.046668302,0,0,Low Risk,23.33415,0.0,True Negative (Loyal Customer)
3.0,Phone,1,28.0,Debit Card,Female,3.0,2,Fashion,5,Married,3,0,12.0,7.0,9.0,,224.8,0,54176,0.052550476,0,0,Low Risk,26.275238,0.0,True Negative (Loyal Customer)
,Computer,1,9.0,Debit Card,Male,2.0,3,Mobile Phone,1,Married,5,0,15.0,1.0,1.0,4.0,120.97,0,51765,0.09103399,0,0,Low Risk,45.516994,0.0,True Negative (Loyal Customer)
27.0,Computer,1,17.0,Credit Card,Female,2.0,3,Grocery,1,Married,4,0,20.0,1.0,,12.0,260.32,0,50952,0.0012504101,0,0,Low Risk,0.62520504,0.0,True Negative (Loyal Customer)
12.0,Phone,1,11.0,Credit Card,Female,3.0,4,Mobile Phone,3,Married,9,0,20.0,1.0,2.0,1.0,158.06,0,53893,0.011781917,0,0,Low Risk,5.8909583,0.0,True Negative (Loyal Customer)
2.0,Phone,1,7.0,Debit Card,Female,2.0,4,Grocery,1,Married,4,0,14.0,,1.0,7.0,261.24,0,52251,0.00808864,0,0,Low Risk,4.04432,0.0,True Negative (Loyal Customer)
,Phone,1,8.0,Debit Card,Female,3.0,4,Mobile Phone,3,Single,2,0,14.0,1.0,1.0,0.0,122.74000000000001,0,50479,0.23346429,0,0,Low Risk,116.73214,0.0,True Negative (Loyal Customer)
18.0,Computer,1,9.0,Credit Card,Male,3.0,4,Fashion,3,Single,7,1,19.0,1.0,3.0,,227.09,0,53753,0.15931532,0,0,Low Risk,79.65766,0.0,True Negative (Loyal Customer)
1.0,Computer,1,7.0,Cash on Delivery,Male,3.0,5,Laptop & Accessory,5,Divorced,7,0,20.0,1.0,3.0,1.0,167.98,0,52891,0.30639642,0,0,Low Risk,153.19821,0.0,True Negative (Loyal Customer)
11.0,Phone,3,9.0,E wallet,Male,4.0,4,Laptop & Accessory,3,Divorced,6,1,12.0,1.0,2.0,,221.02,0,53177,0.37257388,0,0,Low Risk,186.28694,0.0,True Negative (Loyal Customer)
1.0,Computer,3,9.0,Debit Card,Female,3.0,5,Mobile Phone,2,Single,9,0,15.0,1.0,2.0,1.0,152.85,1,53671,0.9628281,1,1,High Risk,481.41406,50.0,True Positive (saved customer)
4.0,Phone,3,15.0,UPI,Male,4.0,4,Fashion,3,Married,7,0,12.0,5.0,8.0,8.0,197.64,0,53393,0.10635992,0,0,Low Risk,53.179962,0.0,True Negative (Loyal Customer)
0.0,Phone,1,6.0,Debit Card,Male,3.0,4,Mobile Phone,3,Single,1,1,14.0,0.0,1.0,2.0,137.3,1,51585,0.85912395,1,1,High Risk,429.56198,50.0,True Positive (saved customer)
3.0,Computer,3,9.0,Debit Card,Male,4.0,4,Laptop & Accessory,3,Married,3,0,15.0,2.0,2.0,3.0,171.49,0,54510,0.014910363,0,0,Low Risk,7.455181,0.0,True Negative (Loyal Customer)
10.0,Phone,1,9.0,UPI,Male,2.0,3,Fashion,3,Divorced,2,0,15.0,6.0,7.0,8.0,194.34,0,50382,0.017213495,0,0,Low Risk,8.606748,0.0,True Negative (Loyal Customer)
0.0,Computer,2,23.0,Debit Card,Female,,3,Mobile Phone,3,Married,1,1,11.0,0.0,1.0,0.0,127.41,1,50329,0.9557395,1,1,High Risk,477.86975,50.0,True Positive (saved customer)
20.0,Phone,1,6.0,Cash on Delivery,Male,3.0,3,Mobile Phone,2,Divorced,8,0,12.0,1.0,1.0,2.0,134.2,0,50896,0.011698858,0,0,Low Risk,5.849429,0.0,True Negative (Loyal Customer)
15.0,Phone,1,8.0,Debit Card,Male,4.0,4,Mobile Phone,1,Married,5,0,23.0,1.0,2.0,1.0,152.82,0,55581,0.08614926,0,0,Low Risk,43.07463,0.0,True Negative (Loyal Customer)
12.0,Phone,1,32.0,Debit Card,Female,3.0,5,Fashion,4,Married,5,0,18.0,1.0,,2.0,245.61,0,54468,0.05862307,0,0,Low Risk,29.311537,0.0,True Negative (Loyal Customer)
18.0,Computer,1,10.0,Debit Card,Male,2.0,3,Laptop & Accessory,4,Married,2,0,12.0,1.0,1.0,8.0,144.47,0,52042,0.010385579,0,0,Low Risk,5.1927896,0.0,True Negative (Loyal Customer)
8.0,Computer,1,17.0,Credit Card,Male,3.0,4,Mobile Phone,3,Married,3,1,18.0,3.0,3.0,1.0,163.15,0,54363,0.14506221,0,0,Low Risk,72.531105,0.0,True Negative (Loyal Customer)
18.0,Phone,1,11.0,Credit Card,Female,2.0,5,Laptop & Accessory,5,Single,2,1,14.0,0.0,1.0,4.0,157.69,0,52488,0.02201019,0,0,Low Risk,11.0050955,0.0,True Negative (Loyal Customer)
3.0,Phone,1,14.0,Debit Card,Male,3.0,4,Laptop & Accessory,1,Married,3,1,12.0,2.0,2.0,1.0,191.23,0,55064,0.040852983,0,0,Low Risk,20.42649,0.0,True Negative (Loyal Customer)
7.0,Phone,2,9.0,UPI,Male,2.0,3,Mobile Phone,1,Married,1,0,19.0,1.0,1.0,2.0,137.37,0,51959,0.0071568433,0,0,Low Risk,3.5784216,0.0,True Negative (Loyal Customer)
9.0,Phone,3,9.0,Credit Card,Female,3.0,4,Fashion,1,Married,1,0,19.0,3.0,3.0,4.0,176.44,0,51315,0.093917295,0,0,Low Risk,46.95865,0.0,True Negative (Loyal Customer)
