CustomerID,Churn,Tenure,PreferredLoginDevice,CityTier,WarehouseToHome,PreferredPaymentMode,Gender,HourSpendOnApp,NumberOfDeviceRegistered,PreferedOrderCat,SatisfactionScore,MaritalStatus,NumberOfAddress,Complain,OrderAmountHikeFromlastYear,CouponUsed,OrderCount,DaySinceLastOrder,CashbackAmount,ShortTenure_Complain_Flag,Cashback_Per_Order,Order_Velocity
50001,1,4.0,Phone,3,6.0,Debit Card,Female,3.0,3,Laptop & Accessory,2,Single,9,1,11.0,1.0,1.0,5.0,159.93,0,79.965,0.2
50002,1,10.189899366380917,Phone,1,8.0,UPI,Male,3.0,4,Mobile Phone,3,Single,7,1,15.0,0.0,1.0,0.0,120.9,0,60.45,0.09
50003,1,10.189899366380917,Phone,1,30.0,Debit Card,Male,2.0,4,Mobile Phone,3,Single,6,1,14.0,0.0,1.0,3.0,120.28,0,60.14,0.09
50004,1,0.0,Phone,3,15.0,Debit Card,Male,2.0,4,Laptop & Accessory,5,Single,8,0,23.0,0.0,1.0,3.0,134.07,0,67.035,1.0
50005,1,0.0,Phone,1,12.0,Credit Card,Male,2.9315348837209303,3,Mobile Phone,5,Single,3,0,11.0,1.0,1.0,3.0,129.6,0,64.8,1.0
50006,1,0.0,Computer,1,22.0,Debit Card,Female,3.0,5,Mobile Phone,5,Single,2,1,22.0,4.0,6.0,7.0,139.19,1,19.884285714285713,6.0
50007,1,10.189899366380917,Phone,3,11.0,Cash on Delivery,Male,2.0,3,Laptop & Accessory,2,Divorced,4,0,14.0,0.0,1.0,0.0,120.86000000000001,0,60.43000000000001,0.09
50008,1,10.189899366380917,Phone,1,6.0,Credit Card,Male,3.0,3,Mobile Phone,2,Divorced,3,1,16.0,2.0,2.0,0.0,122.93,0,40.97666666666667,0.18
50009,1,13.0,Phone,3,9.0,E wallet,Male,2.9315348837209303,4,Mobile Phone,3,Divorced,2,1,14.0,0.0,1.0,2.0,126.83000000000001,0,63.415000000000006,0.07
50010,1,10.189899366380917,Phone,1,31.0,Debit Card,Male,2.0,5,Mobile Phone,3,Single,2,0,12.0,1.0,1.0,1.0,122.93,0,61.465,0.09
50011,1,4.0,Phone,1,18.0,Cash on Delivery,Female,2.0,3,Others,3,Divorced,2,0,15.707921714818266,9.0,15.0,8.0,295.45,0,18.465625,3.0
50012,1,11.0,Phone,1,6.0,Debit Card,Male,3.0,4,Fashion,3,Single,10,1,13.0,0.0,1.0,0.0,153.81,0,76.905,0.08
50013,1,0.0,Phone,1,11.0,Cash on Delivery,Male,2.0,3,Mobile Phone,3,Single,2,1,13.0,2.0,2.0,2.0,134.41,1,44.803333333333335,2.0
50014,1,0.0,Phone,1,15.0,Credit Card,Male,3.0,4,Mobile Phone,3,Divorced,1,1,17.0,0.0,1.0,0.0,133.88,1,66.94,1.0
50015,1,9.0,Phone,3,15.0,Credit Card,Male,3.0,4,Fashion,2,Single,2,0,16.0,0.0,4.0,7.0,196.19,0,39.238,0.4
50016,1,10.189899366380917,Phone,2,12.0,UPI,Male,3.0,3,Mobile Phone,5,Married,5,1,22.0,1.0,1.0,2.0,120.72999999999999,0,60.364999999999995,0.09
50017,1,0.0,Computer,1,12.0,Debit Card,Female,2.9315348837209303,4,Mobile Phone,2,Single,2,1,18.0,1.0,1.0,0.0,129.26,1,64.63,1.0
50018,1,0.0,Phone,3,11.0,E wallet,Male,2.0,4,Laptop & Accessory,3,Single,2,1,11.0,1.0,1.0,3.0,157.44,1,78.72,1.0
50019,1,0.0,Computer,1,13.0,Debit Card,Male,3.0,5,Laptop & Accessory,3,Single,2,1,24.0,1.0,1.0,6.0,160.74,1,80.37,1.0
50020,1,19.0,Phone,1,20.0,Debit Card,Female,3.0,3,Mobile Phone,4,Divorced,10,1,18.0,1.0,4.0,3.0,149.63,0,29.926,0.2
50021,1,0.0,Phone,3,12.0,Debit Card,Male,3.0,5,Laptop & Accessory,3,Divorced,5,1,18.0,6.0,7.0,7.0,161.72,1,20.215,7.0
50022,1,20.0,Phone,1,29.0,Credit Card,Female,3.0,3,Fashion,2,Divorced,2,0,12.0,11.0,15.0,6.0,203.12,0,12.695,0.71
50023,1,10.189899366380917,Phone,3,28.0,E wallet,Male,2.0,3,Mobile Phone,3,Single,2,1,19.0,0.0,1.0,0.0,116.75,0,58.375,0.09
50024,1,0.0,Phone,3,26.0,Debit Card,Female,3.0,5,Laptop & Accessory,3,Divorced,4,1,11.0,1.0,2.0,2.0,145.59,1,48.53,2.0
50025,1,14.0,Computer,1,14.0,Debit Card,Male,2.0,5,Fashion,2,Single,3,0,15.0,0.0,1.0,3.0,206.5,0,103.25,0.07
50026,1,0.0,Phone,1,15.0,Credit Card,Female,2.0,3,Mobile Phone,5,Single,8,0,22.0,1.0,1.0,4.0,142.0,0,71.0,1.0
50027,0,8.0,Phone,3,6.0,E wallet,Male,3.0,3,Fashion,4,Divorced,2,0,13.0,1.0,1.0,6.0,172.95,0,86.475,0.11
50028,0,10.189899366380917,Phone,3,12.0,E wallet,Male,2.0,3,Laptop & Accessory,3,Divorced,3,1,20.0,0.0,4.0,5.0,123.06,0,24.612000000000002,0.36
50029,0,18.0,Phone,1,14.0,Debit Card,Male,2.0,3,Laptop & Accessory,4,Married,9,0,18.0,1.0,1.0,15.0,123.47999999999999,0,61.739999999999995,0.05
50030,0,5.0,Computer,3,14.0,E wallet,Female,2.0,3,Fashion,2,Single,2,0,14.0,2.0,3.0,7.0,189.98,0,47.495,0.5
50031,0,2.0,Computer,1,6.0,Cash on Delivery,Male,2.0,3,Laptop & Accessory,3,Divorced,2,0,13.0,0.0,1.0,9.0,143.19,0,71.595,0.33
50032,0,0.0,Phone,1,13.0,Credit Card,Male,2.0,4,Laptop & Accessory,3,Divorced,3,0,17.0,1.0,1.0,0.0,161.32,0,80.66,1.0
50033,0,30.0,Phone,1,15.0,Credit Card,Female,3.0,4,Mobile Phone,4,Divorced,5,1,20.0,1.0,1.0,0.0,133.46,0,66.73,0.03
50034,0,13.0,Phone,3,10.0,E wallet,Male,3.0,4,Fashion,2,Divorced,8,0,11.0,2.0,2.0,11.0,208.55,0,69.51666666666667,0.14
50035,0,10.189899366380917,Computer,3,8.0,E wallet,Female,3.0,3,Mobile Phone,3,Divorced,7,0,18.0,1.0,1.0,2.0,122.31,0,61.155,0.09
50036,0,0.0,Phone,1,14.0,Credit Card,Male,3.0,3,Mobile Phone,2,Divorced,2,0,24.0,0.0,2.0,2.0,123.22999999999999,0,41.07666666666666,2.0
50037,0,10.189899366380917,Computer,1,15.0,Credit Card,Male,2.0,3,Mobile Phone,4,Married,7,0,18.0,0.0,2.0,2.0,120.24000000000001,0,40.080000000000005,0.18
50038,0,1.0,Phone,1,27.0,Credit Card,Male,2.9315348837209303,3,Mobile Phone,2,Divorced,2,0,11.0,0.0,1.0,2.0,127.13,0,63.565,0.5
50039,0,30.0,Phone,1,30.0,Debit Card,Male,2.0,2,Fashion,2,Married,4,1,16.0,1.0,1.0,4.0,194.39,0,97.195,0.03
50040,0,0.0,Computer,1,14.0,Credit Card,Male,3.0,4,Mobile Phone,3,Married,2,1,15.0,0.0,1.0,1.0,125.66,1,62.83,1.0
50041,0,23.0,Phone,1,17.0,Debit Card,Female,2.0,3,Others,4,Single,4,0,15.707921714818266,2.0,4.0,4.0,299.26,0,59.852,0.17
50042,0,14.0,Phone,1,14.0,Debit Card,Male,2.0,3,Mobile Phone,3,Married,5,0,12.0,1.0,1.0,8.0,124.50999999999999,0,62.254999999999995,0.07
50043,0,3.0,Phone,3,11.0,Debit Card,Female,2.0,3,Fashion,2,Divorced,3,0,12.0,2.0,7.0,4.0,194.19,0,24.27375,1.75
50044,0,11.0,Phone,3,6.0,Debit Card,Female,2.0,4,Laptop & Accessory,2,Single,5,0,22.0,1.0,1.0,1.0,186.86,0,93.43,0.08
50045,0,5.0,Phone,1,12.0,Debit Card,Male,2.9315348837209303,3,Mobile Phone,3,Single,4,0,20.0,0.0,1.0,4.0,130.38,0,65.19,0.17
50046,0,0.0,Phone,1,23.0,Cash on Delivery,Male,2.9315348837209303,3,Mobile Phone,4,Divorced,1,1,16.0,1.0,1.0,1.0,130.58,1,65.29,1.0
50047,1,0.0,Computer,3,14.0,Cash on Delivery,Female,3.0,5,Mobile Phone,5,Single,1,0,21.0,1.0,1.0,0.0,123.25,0,61.625,1.0
50048,0,10.189899366380917,Computer,1,9.0,Credit Card,Male,1.0,3,Mobile Phone,4,Single,5,0,12.0,4.0,7.0,2.0,120.88,0,15.11,0.63
50049,0,3.0,Computer,1,15.0,Credit Card,Male,2.9315348837209303,3,Laptop & Accessory,5,Married,2,0,11.0,0.0,6.0,10.0,130.72,0,18.674285714285713,1.5
50050,0,18.0,Phone,3,10.0,Debit Card,Female,1.0,3,Laptop & Accessory,5,Married,5,1,11.0,0.0,1.0,3.0,150.06,0,75.03,0.05
50051,0,29.0,Phone,1,14.0,Debit Card,Female,3.0,3,Mobile Phone,5,Married,5,1,18.0,1.0,2.0,2.0,142.57,0,47.52333333333333,0.07
50052,0,6.0,Phone,1,14.0,Debit Card,Male,2.0,3,Mobile Phone,2,Single,1,0,14.0,0.0,1.0,2.0,125.0,0,62.5,0.14
50053,1,0.0,Phone,1,8.0,Debit Card,Male,2.0,4,Mobile Phone,2,Single,2,0,22.0,0.0,1.0,0.0,111.02000000000001,0,55.510000000000005,1.0
50054,0,19.0,Phone,3,6.0,E wallet,Female,3.0,3,Fashion,5,Married,2,0,25.0,4.0,15.0,7.0,204.53,0,12.783125,0.75
50055,0,10.189899366380917,Phone,1,15.0,Debit Card,Female,3.0,3,Mobile Phone,2,Single,2,0,12.0,1.0,2.0,1.0,122.88,0,40.96,0.18
50056,0,4.0,Phone,1,18.0,Credit Card,Female,3.0,3,Mobile Phone,2,Divorced,9,1,23.0,1.0,1.0,2.0,139.29,0,69.645,0.2
50057,0,10.189899366380917,Phone,1,33.0,Credit Card,Female,3.0,3,Mobile Phone,4,Single,3,0,15.0,1.0,1.0,2.0,123.11000000000001,0,61.55500000000001,0.09
50058,1,4.0,Phone,3,26.0,E wallet,Female,2.9315348837209303,3,Mobile Phone,4,Single,2,1,22.0,0.0,1.0,2.0,131.4,0,65.7,0.2
50059,0,23.0,Phone,1,6.0,Credit Card,Male,2.0,4,Mobile Phone,3,Divorced,3,0,15.0,0.0,1.0,2.0,136.9,0,68.45,0.04
50060,0,26.0,Phone,1,19.0,Credit Card,Female,2.0,2,Laptop & Accessory,5,Married,2,0,11.0,1.0,1.0,3.0,144.5,0,72.25,0.04
50061,0,6.0,Phone,1,20.0,Credit Card,Female,2.9315348837209303,3,Mobile Phone,4,Divorced,2,0,13.0,0.0,1.0,6.0,127.56,0,63.78,0.14
50062,0,13.0,Phone,1,10.0,Credit Card,Female,2.0,3,Others,3,Divorced,2,0,14.0,1.0,9.0,9.0,290.33,0,29.032999999999998,0.64
50063,0,28.0,Phone,1,20.0,Credit Card,Male,3.0,2,Others,4,Single,9,0,11.0,1.0,2.0,15.0,287.22,0,95.74000000000001,0.07
50064,0,7.0,Computer,1,8.0,Debit Card,Male,2.0,4,Laptop & Accessory,3,Divorced,2,0,17.0,0.0,1.0,9.0,195.47,0,97.735,0.12
50065,0,24.0,Phone,1,9.0,Credit Card,Female,3.0,3,Grocery,4,Single,4,0,18.0,0.0,2.0,0.0,237.33999999999997,0,79.11333333333333,0.08
50066,0,25.0,Phone,1,6.0,Debit Card,Male,3.0,4,Others,3,Divorced,1,0,15.707921714818266,1.0,11.0,9.0,299.99,0,24.999166666666667,0.42
50067,0,10.189899366380917,Phone,1,15.0,Credit Card,Female,2.0,3,Mobile Phone,4,Single,2,0,16.0,1.0,1.0,3.0,122.78999999999999,0,61.394999999999996,0.09
50068,1,0.0,Phone,1,29.0,Debit Card,Male,2.0,4,Laptop & Accessory,3,Divorced,4,1,13.0,1.0,1.0,1.0,159.16,1,79.58,1.0
50069,0,10.189899366380917,Computer,1,13.0,Credit Card,Male,2.0,2,Mobile Phone,2,Married,5,0,14.0,0.0,2.0,2.0,120.88999999999999,0,40.29666666666666,0.18
50070,0,18.0,Computer,1,8.0,Credit Card,Male,3.0,4,Grocery,2,Divorced,10,0,23.0,1.0,11.0,8.0,267.92,0,22.326666666666668,0.58
50071,0,10.0,Phone,1,27.0,Debit Card,Male,3.0,2,Mobile Phone,5,Divorced,2,1,12.0,0.0,1.0,7.0,135.64,0,67.82,0.09
50072,0,8.0,Computer,1,8.0,Credit Card,Female,2.0,3,Laptop & Accessory,4,Single,6,0,11.0,1.0,1.0,2.0,144.25,0,72.125,0.11
50073,0,15.0,Computer,1,27.0,Credit Card,Female,2.0,3,Laptop & Accessory,3,Married,3,0,16.0,0.0,1.0,2.0,152.65,0,76.325,0.06
50074,0,11.0,Phone,1,8.0,Debit Card,Male,2.0,3,Laptop & Accessory,3,Divorced,10,0,14.0,0.0,1.0,0.0,165.53,0,82.765,0.08
50075,0,11.0,Phone,1,35.0,Cash on Delivery,Male,2.0,3,Laptop & Accessory,2,Divorced,4,0,18.0,0.0,1.0,7.0,162.61,0,81.305,0.08
50076,0,0.0,Computer,1,6.0,Cash on Delivery,Male,2.0,4,Laptop & Accessory,5,Divorced,6,0,19.0,0.0,2.0,0.0,142.98,0,47.66,2.0
50077,0,22.0,Computer,1,24.0,Debit Card,Male,3.0,3,Laptop & Accessory,2,Married,2,1,15.0,0.0,1.0,7.0,168.04,0,84.02,0.04
50078,0,7.0,Computer,1,16.0,Credit Card,Male,2.0,3,Mobile Phone,3,Married,2,1,17.0,2.0,2.0,0.0,138.15,0,46.050000000000004,0.25
50079,0,13.0,Phone,1,25.0,Credit Card,Male,2.9315348837209303,3,Laptop & Accessory,2,Divorced,9,1,15.0,1.0,3.0,7.0,127.41,0,31.8525,0.21
50080,1,1.0,Phone,1,35.0,Credit Card,Male,3.0,3,Laptop & Accessory,5,Divorced,8,1,19.0,0.0,1.0,0.0,166.73,1,83.365,0.5
50081,1,0.0,Phone,3,33.0,E wallet,Female,2.0,3,Fashion,2,Divorced,2,0,22.0,1.0,1.0,9.0,176.39,0,88.195,1.0
50082,0,0.0,Phone,1,14.0,Debit Card,Male,2.0,2,Mobile Phone,4,Married,2,1,16.0,0.0,2.0,2.0,123.28,1,41.093333333333334,2.0
50083,0,10.189899366380917,Computer,1,24.0,Credit Card,Female,3.0,3,Mobile Phone,2,Single,2,0,13.0,1.0,1.0,7.0,121.53,0,60.765,0.09
50084,0,13.0,Computer,1,15.0,Debit Card,Male,3.0,4,Laptop & Accessory,2,Divorced,10,0,14.0,1.0,1.0,2.0,148.76,0,74.38,0.07
50085,0,19.0,Phone,1,6.0,Credit Card,Male,3.0,3,Fashion,5,Married,8,0,16.0,0.0,1.0,3.0,193.96,0,96.98,0.05
50086,1,0.0,Phone,3,10.0,Credit Card,Male,2.0,5,Fashion,2,Divorced,2,0,11.0,7.0,9.0,8.0,204.0,0,20.4,9.0
50087,0,3.0,Computer,1,6.0,Debit Card,Male,2.0,4,Fashion,3,Single,2,0,22.0,2.0,5.0,8.0,184.74,0,30.790000000000003,1.25
50088,0,0.0,Computer,3,26.0,Debit Card,Female,2.0,3,Laptop & Accessory,3,Single,2,0,14.0,1.0,1.0,7.0,199.81,0,99.905,1.0
50089,0,24.0,Phone,1,14.0,Debit Card,Male,2.0,4,Fashion,4,Divorced,6,0,16.0,1.0,4.0,3.0,224.89999999999998,0,44.98,0.16
50090,1,0.0,Phone,1,14.0,Cash on Delivery,Female,2.0,3,Mobile Phone,5,Single,6,1,11.0,1.0,1.0,4.0,126.57,1,63.285,1.0
50091,0,14.0,Phone,3,12.0,Debit Card,Female,3.0,3,Fashion,2,Single,4,1,18.0,0.0,2.0,0.0,235.91000000000003,0,78.63666666666667,0.13
50092,1,0.0,Computer,3,32.0,E wallet,Female,2.0,4,Laptop & Accessory,5,Single,6,0,15.0,0.0,1.0,1.0,166.96,0,83.48,1.0
50093,1,10.189899366380917,Phone,1,6.0,Cash on Delivery,Male,2.0,3,Mobile Phone,3,Single,1,0,14.0,0.0,1.0,5.0,120.58000000000001,0,60.290000000000006,0.09
50094,0,18.0,Computer,3,12.0,Credit Card,Female,2.0,4,Fashion,2,Single,7,0,12.0,12.0,12.0,8.0,188.65,0,14.511538461538462,0.63
50095,0,27.0,Phone,3,9.0,E wallet,Female,2.0,3,Laptop & Accessory,5,Divorced,3,0,14.0,1.0,1.0,5.0,159.4,0,79.7,0.04
50096,0,9.0,Phone,1,11.0,Debit Card,Male,3.0,3,Laptop & Accessory,4,Single,9,0,16.0,0.0,3.0,7.0,159.14,0,39.785,0.3
50097,0,6.0,Phone,1,14.0,Credit Card,Female,2.0,4,Mobile Phone,4,Divorced,7,0,21.0,0.0,1.0,1.0,126.22,0,63.11,0.14
50098,0,10.0,Computer,1,17.0,UPI,Male,2.0,3,Fashion,2,Married,2,1,14.0,0.0,1.0,3.0,221.85000000000002,0,110.92500000000001,0.09
50099,0,11.0,Phone,3,9.0,Debit Card,Male,3.0,3,Fashion,3,Married,1,0,12.0,1.0,5.0,13.0,206.08999999999997,0,34.34833333333333,0.42
50100,0,4.0,Computer,1,6.0,Credit Card,Male,2.0,5,Laptop & Accessory,3,Divorced,1,0,12.0,1.0,1.0,4.0,143.45,0,71.725,0.2
50101,0,10.189899366380917,Phone,1,9.0,Debit Card,Male,3.0,4,Mobile Phone,2,Divorced,4,0,17.0,0.0,1.0,0.0,121.77000000000001,0,60.885000000000005,0.09
50102,0,10.0,Computer,3,10.0,E wallet,Male,2.0,3,Mobile Phone,2,Married,5,0,17.0,1.0,5.0,8.0,0.0,0,0.0,0.45
50103,0,2.0,Computer,3,6.0,Credit Card,Female,2.0,3,Fashion,2,Divorced,2,0,14.0,4.0,4.0,1.0,179.18,0,35.836,1.33
50104,0,8.0,Computer,3,6.0,E wallet,Female,3.0,3,Fashion,3,Single,2,0,14.0,1.0,1.0,8.0,187.89,0,93.945,0.11
50105,1,0.0,Phone,1,14.0,Credit Card,Male,2.0,4,Mobile Phone,2,Single,2,1,13.0,0.0,1.0,1.0,123.88999999999999,1,61.94499999999999,1.0
50106,0,25.0,Phone,1,8.0,Debit Card,Female,2.0,4,Mobile Phone,2,Single,8,0,15.0,0.0,2.0,2.0,132.12,0,44.04,0.08
50107,0,15.0,Phone,1,10.0,Cash on Delivery,Male,2.0,3,Others,2,Divorced,2,0,15.707921714818266,0.0,11.0,15.0,292.32,0,24.36,0.69
50108,0,10.189899366380917,Phone,2,12.0,Credit Card,Male,2.0,3,Mobile Phone,3,Divorced,9,0,17.0,2.0,2.0,2.0,122.66999999999999,0,40.88999999999999,0.18
50109,0,23.0,Phone,3,6.0,Credit Card,Female,3.0,3,Others,2,Married,4,0,15.707921714818266,1.0,1.0,6.0,295.17,0,147.585,0.04
50110,1,0.0,Phone,1,14.0,Credit Card,Male,2.0,3,Mobile Phone,2,Divorced,6,1,13.0,0.0,1.0,4.0,124.36000000000001,1,62.18000000000001,1.0
50111,0,16.0,Phone,3,22.0,E wallet,Female,3.0,3,Grocery,2,Divorced,6,1,22.0,0.0,2.0,9.0,260.64,0,86.88,0.12
50112,1,0.0,Phone,1,8.0,Debit Card,Female,2.9315348837209303,3,Mobile Phone,5,Divorced,8,0,20.0,1.0,1.0,7.0,127.07,0,63.535,1.0
50113,0,25.0,Computer,3,8.0,Debit Card,Male,3.0,4,Others,3,Single,2,1,18.0,1.0,15.0,12.0,290.68,0,18.1675,0.58
50114,0,5.0,Phone,3,10.0,Debit Card,Female,2.0,3,Mobile Phone,4,Divorced,3,0,11.0,1.0,1.0,2.0,139.31,0,69.655,0.17
50115,1,0.0,Phone,1,6.0,Debit Card,Male,3.0,4,Mobile Phone,3,Single,1,1,14.0,1.0,1.0,2.0,137.3,1,68.65,1.0
50116,0,10.189899366380917,Phone,1,6.0,Credit Card,Female,3.0,3,Mobile Phone,3,Married,8,0,14.0,0.0,1.0,2.0,122.32,0,61.16,0.09
50117,0,5.0,Computer,3,32.0,E wallet,Male,3.0,3,Laptop & Accessory,2,Divorced,1,0,18.0,1.0,2.0,2.0,144.65,0,48.21666666666667,0.33
50118,0,14.0,Phone,1,25.0,Debit Card,Male,2.9315348837209303,3,Laptop & Accessory,5,Married,3,0,16.0,1.0,1.0,0.0,130.72,0,65.36,0.07
50119,0,13.0,Phone,1,30.0,Cash on Delivery,Male,3.0,3,Laptop & Accessory,2,Married,2,0,17.0,2.0,4.0,7.0,133.19,0,26.637999999999998,0.29
50120,0,18.0,Phone,1,6.0,UPI,Male,3.0,2,Others,2,Divorced,1,0,15.707921714818266,1.0,1.0,7.0,292.02,0,146.01,0.05
50121,0,4.0,Computer,1,9.0,Credit Card,Male,3.0,3,Fashion,3,Married,10,0,12.0,1.0,2.0,2.0,236.75,0,78.91666666666667,0.4
50122,0,6.0,Phone,1,11.0,Debit Card,Female,2.9315348837209303,4,Mobile Phone,2,Divorced,2,0,13.0,0.0,1.0,2.0,129.11,0,64.555,0.14
50123,0,7.0,Phone,1,8.0,Debit Card,Male,2.0,4,Laptop & Accessory,5,Divorced,7,0,13.0,0.0,5.0,9.0,159.57,0,26.595,0.62
50124,0,10.0,Phone,1,6.0,Credit Card,Female,2.0,4,Mobile Phone,5,Divorced,3,0,14.0,1.0,1.0,2.0,139.2,0,69.6,0.09
50125,0,18.0,Computer,1,13.0,Debit Card,Male,3.0,2,Laptop & Accessory,3,Divorced,5,0,17.0,0.0,1.0,2.0,164.34,0,82.17,0.05
50126,1,0.0,Computer,1,16.0,Credit Card,Male,3.0,3,Fashion,3,Married,7,0,11.0,1.0,1.0,0.0,200.48,0,100.24,1.0
50127,0,12.0,Computer,1,8.0,Cash on Delivery,Female,3.0,3,Fashion,3,Single,1,0,25.0,10.0,11.0,3.0,209.38,0,17.448333333333334,0.85
50128,0,2.0,Phone,1,14.0,Debit Card,Male,2.0,3,Mobile Phone,2,Single,2,0,19.0,0.0,1.0,5.0,123.4,0,61.7,0.33
50129,0,15.0,Phone,1,23.0,Debit Card,Female,2.0,2,Laptop & Accessory,5,Single,4,1,13.0,0.0,1.0,2.0,165.45,0,82.725,0.06
50130,0,2.0,Phone,3,26.0,E wallet,Male,2.0,3,Laptop & Accessory,2,Married,3,0,14.0,1.0,1.0,2.0,169.31,0,84.655,0.33
50131,0,0.0,Phone,1,6.0,Debit Card,Female,3.0,3,Laptop & Accessory,3,Divorced,1,0,12.0,1.0,1.0,2.0,148.98,0,74.49,1.0
50132,0,15.0,Phone,1,14.0,Credit Card,Female,2.0,4,Mobile Phone,5,Married,1,1,11.0,4.0,7.0,8.0,125.93,0,15.74125,0.44
50133,0,13.0,Phone,1,8.0,Credit Card,Male,2.0,3,Others,3,Married,1,0,15.707921714818266,0.0,3.0,9.0,294.36,0,73.59,0.21
50134,0,24.0,Phone,1,6.0,Debit Card,Male,2.9315348837209303,3,Mobile Phone,2,Divorced,2,0,11.0,1.0,1.0,0.0,127.22999999999999,0,63.614999999999995,0.04
50135,1,0.0,Computer,1,35.0,Credit Card,Male,3.0,4,Mobile Phone,4,Single,1,0,11.0,1.0,1.0,4.0,134.79,0,67.395,1.0
50136,0,5.0,Computer,1,13.0,Debit Card,Male,2.9315348837209303,2,Mobile Phone,4,Divorced,2,0,20.0,0.0,1.0,3.0,127.94,0,63.97,0.17
50137,0,11.0,Computer,3,8.0,Debit Card,Male,2.0,4,Laptop & Accessory,2,Divorced,4,0,18.0,6.0,7.0,5.0,152.49,0,19.06125,0.58
50138,0,10.189899366380917,Phone,1,8.0,Cash on Delivery,Male,2.0,4,Laptop & Accessory,5,Single,5,0,13.0,0.0,1.0,4.0,121.75999999999999,0,60.879999999999995,0.09
50139,0,19.0,Phone,3,8.0,Cash on Delivery,Female,3.0,5,Grocery,4,Divorced,4,1,12.0,1.0,7.0,7.0,268.72,0,33.59,0.35
50140,1,0.0,Phone,1,8.0,Debit Card,Male,3.0,3,Mobile Phone,3,Single,3,0,11.0,1.0,1.0,0.0,134.85,0,67.425,1.0
50141,0,2.0,Phone,3,8.0,Credit Card,Male,3.0,4,Laptop & Accessory,4,Divorced,3,0,19.0,0.0,1.0,0.0,166.44,0,83.22,0.33
50142,0,4.0,Phone,1,29.0,Credit Card,Male,3.0,4,Laptop & Accessory,2,Divorced,1,0,21.0,1.0,7.0,8.0,155.82,0,19.4775,1.4
50143,0,0.0,Computer,1,11.0,Debit Card,Male,2.0,2,Laptop & Accessory,5,Married,2,0,12.0,1.0,1.0,5.0,140.0,0,70.0,1.0
50144,0,18.0,Phone,1,26.0,Credit Card,Male,3.0,3,Grocery,2,Divorced,1,1,14.0,0.0,2.0,10.0,234.95999999999998,0,78.32,0.11
50145,0,9.0,Phone,1,12.0,Debit Card,Male,2.0,3,Mobile Phone,2,Divorced,1,0,11.0,4.0,10.0,11.0,132.1,0,12.009090909090908,1.0
50146,0,28.0,Phone,1,6.0,Credit Card,Male,2.0,3,Others,5,Single,1,1,14.0,1.0,4.0,13.0,290.45,0,58.089999999999996,0.14
50147,1,10.0,Computer,1,35.0,Debit Card,Male,2.0,3,Fashion,4,Divorced,2,1,12.0,5.0,9.0,3.0,218.49,0,21.849,0.82
50148,0,10.189899366380917,Phone,1,15.0,Credit Card,Male,3.0,3,Mobile Phone,2,Divorced,2,0,23.0,1.0,1.0,4.0,120.69999999999999,0,60.349999999999994,0.09
50149,0,10.0,Phone,3,12.0,Credit Card,Male,3.0,3,Laptop & Accessory,2,Divorced,5,0,14.0,0.0,1.0,1.0,165.02,0,82.51,0.09
50150,0,0.0,Phone,1,9.0,Credit Card,Male,3.0,4,Mobile Phone,3,Single,2,0,17.0,1.0,1.0,0.0,132.3,0,66.15,1.0
50151,0,10.0,Computer,1,6.0,Credit Card,Female,0.0,3,Fashion,2,Married,3,1,18.0,0.0,2.0,2.0,236.02999999999997,0,78.67666666666666,0.18
50152,0,2.0,Phone,1,28.0,Debit Card,Female,3.0,2,Fashion,4,Married,8,0,18.0,5.0,6.0,3.0,219.95999999999998,0,31.42285714285714,2.0
50153,0,11.0,Phone,3,13.0,Credit Card,Female,2.0,2,Laptop & Accessory,5,Married,2,1,24.0,0.0,7.0,7.0,156.05,0,19.50625,0.58
50154,0,0.0,Computer,1,6.0,Debit Card,Female,2.0,3,Laptop & Accessory,4,Married,2,0,20.0,0.0,1.0,4.0,163.97,0,81.985,1.0
50155,0,23.0,Phone,1,10.0,Debit Card,Male,3.0,3,Others,4,Married,4,0,14.0,1.0,1.0,6.0,291.44,0,145.72,0.04
50156,0,26.0,Phone,1,9.0,Credit Card,Male,2.0,3,Grocery,3,Divorced,4,1,16.0,1.0,1.0,3.0,275.84,0,137.92,0.04
50157,0,15.0,Phone,3,6.0,Debit Card,Male,2.0,3,Laptop & Accessory,3,Divorced,2,0,25.0,4.0,11.0,6.0,149.07,0,12.4225,0.69
50158,0,2.0,Computer,3,8.0,Debit Card,Male,2.0,3,Laptop & Accessory,2,Single,2,0,18.0,0.0,1.0,9.0,145.54,0,72.77,0.33
50159,0,28.0,Phone,1,26.0,Cash on Delivery,Male,2.0,3,Laptop & Accessory,2,Divorced,4,1,19.0,1.0,1.0,8.0,154.15,0,77.075,0.03
50160,0,0.0,Computer,1,17.0,Credit Card,Male,2.0,3,Laptop & Accessory,5,Divorced,2,1,13.0,2.0,3.0,3.0,147.41,1,36.8525,3.0
50161,0,10.189899366380917,Phone,1,6.0,Debit Card,Female,2.0,3,Mobile Phone,2,Single,2,0,12.0,1.0,5.0,7.0,121.15,0,20.191666666666666,0.45
50162,1,7.0,Computer,1,30.0,Debit Card,Male,2.9315348837209303,3,Mobile Phone,3,Married,4,1,22.0,0.0,1.0,0.0,131.61,0,65.805,0.12
50163,0,11.0,Phone,1,29.0,Debit Card,Male,2.0,3,Laptop & Accessory,2,Married,10,0,14.0,0.0,1.0,2.0,157.45,0,78.725,0.08
50164,1,0.0,Phone,1,14.0,Credit Card,Male,2.0,3,Mobile Phone,4,Married,3,1,13.0,1.0,1.0,2.0,123.72999999999999,1,61.864999999999995,1.0
50165,0,1.0,Phone,1,14.0,Debit Card,Female,3.0,3,Mobile Phone,2,Single,2,0,21.0,0.0,1.0,2.0,133.1,0,66.55,0.5
50166,0,22.0,Computer,1,16.0,Debit Card,Female,2.0,3,Others,5,Single,10,1,11.0,1.0,1.0,2.0,286.65,0,143.325,0.04
50167,0,9.0,Phone,1,9.0,Cash on Delivery,Male,1.0,3,Laptop & Accessory,4,Single,5,0,12.0,6.0,7.0,7.0,144.85,0,18.10625,0.7
50168,0,4.0,Computer,3,11.0,E wallet,Female,2.9315348837209303,3,Mobile Phone,4,Married,2,0,11.0,0.0,2.0,2.0,127.88999999999999,0,42.629999999999995,0.4
50169,1,0.0,Phone,3,10.0,E wallet,Male,2.0,4,Laptop & Accessory,2,Single,2,1,12.0,7.0,7.0,4.0,158.28,1,19.785,7.0
50170,0,10.0,Computer,1,14.0,Credit Card,Male,2.0,3,Mobile Phone,2,Divorced,2,1,12.0,0.0,1.0,2.0,123.25999999999999,0,61.629999999999995,0.09
50171,0,15.0,Computer,3,32.0,E wallet,Female,3.0,3,Grocery,4,Divorced,6,0,14.0,2.0,2.0,8.0,235.25,0,78.41666666666667,0.12
50172,1,10.189899366380917,Phone,1,9.0,Debit Card,Male,2.0,3,Mobile Phone,3,Single,2,0,13.0,0.0,1.0,0.0,114.19999999999999,0,57.099999999999994,0.09
50173,0,8.0,Phone,3,22.0,E wallet,Male,3.0,3,Fashion,4,Divorced,1,0,15.0,3.0,6.0,9.0,180.2,0,25.74285714285714,0.67
50174,0,9.0,Computer,1,24.0,Debit Card,Male,2.0,2,Mobile Phone,2,Divorced,5,0,18.0,0.0,1.0,0.0,136.88,0,68.44,0.1
50175,0,24.0,Phone,1,8.0,Credit Card,Male,2.0,5,Laptop & Accessory,4,Married,6,0,18.0,0.0,1.0,2.0,154.82,0,77.41,0.04
50176,0,14.0,Phone,3,8.0,Debit Card,Male,2.0,3,Grocery,4,Single,2,0,19.0,1.0,2.0,4.0,260.15,0,86.71666666666665,0.13
50177,0,0.0,Phone,3,16.0,Credit Card,Female,3.0,4,Mobile Phone,3,Single,2,0,12.0,1.0,1.0,0.0,112.0,0,56.0,1.0
50178,0,1.0,Phone,1,22.0,Credit Card,Male,3.0,2,Laptop & Accessory,5,Single,1,0,19.0,0.0,1.0,7.0,156.61,0,78.305,0.5
50179,0,4.0,Phone,3,13.0,Cash on Delivery,Male,3.0,2,Laptop & Accessory,2,Divorced,5,0,11.0,3.0,7.0,7.0,169.29,0,21.16125,1.4
50180,0,12.0,Phone,1,6.0,Credit Card,Male,2.0,2,Fashion,2,Married,1,0,17.0,3.0,3.0,7.0,196.13,0,49.0325,0.23
50181,0,9.0,Computer,1,30.0,Debit Card,Female,2.0,3,Laptop & Accessory,4,Divorced,8,0,15.0,0.0,1.0,8.0,156.74,0,78.37,0.1
50182,0,5.0,Phone,3,13.0,Debit Card,Male,3.0,4,Laptop & Accessory,3,Divorced,2,0,14.0,1.0,4.0,8.0,154.84,0,30.968,0.67
50183,0,11.0,Phone,1,31.0,Debit Card,Female,2.0,4,Fashion,4,Divorced,4,0,17.0,1.0,1.0,3.0,220.61,0,110.305,0.08
50184,0,30.0,Computer,1,6.0,Debit Card,Male,2.0,5,Laptop & Accessory,3,Married,3,1,13.0,1.0,1.0,2.0,156.6,0,78.3,0.03
50185,0,4.0,Phone,1,11.0,Cash on Delivery,Male,2.0,3,Mobile Phone,2,Divorced,1,1,12.0,0.0,1.0,3.0,148.21,0,74.105,0.2
50186,0,4.0,Phone,2,8.0,UPI,Male,3.0,4,Laptop & Accessory,5,Divorced,4,0,12.0,0.0,1.0,0.0,164.1,0,82.05,0.2
50187,0,18.0,Computer,1,13.0,Debit Card,Male,3.0,3,Fashion,5,Married,2,0,18.0,5.0,9.0,11.0,152.1,0,15.209999999999999,0.47
50188,0,4.0,Phone,1,8.0,Debit Card,Male,2.9315348837209303,3,Mobile Phone,2,Married,1,1,18.0,1.0,2.0,2.0,126.94999999999999,0,42.31666666666666,0.4
50189,0,6.0,Computer,1,11.0,Debit Card,Female,3.0,3,Fashion,4,Divorced,7,0,11.0,2.0,8.0,3.0,218.77999999999997,0,24.308888888888887,1.14
50190,0,12.0,Phone,1,16.0,Credit Card,Male,2.0,3,Grocery,5,Divorced,2,1,14.0,1.0,11.0,10.0,270.68,0,22.55666666666667,0.85
50191,0,16.0,Computer,1,14.0,Debit Card,Female,2.0,3,Mobile Phone,2,Single,1,0,19.0,0.0,1.0,7.0,124.55000000000001,0,62.275000000000006,0.06
50192,0,22.0,Phone,1,6.0,Cash on Delivery,Female,2.0,4,Grocery,3,Single,8,1,12.0,1.0,2.0,7.0,239.64,0,79.88,0.09
50193,1,15.0,Phone,1,14.0,Credit Card,Male,2.0,4,Laptop & Accessory,4,Divorced,3,0,15.0,7.0,7.0,7.0,149.41,0,18.67625,0.44
50194,0,0.0,Phone,1,14.0,Debit Card,Female,2.0,3,Mobile Phone,4,Single,2,1,12.0,0.0,1.0,2.0,124.78,1,62.39,1.0
50195,0,5.0,Phone,3,14.0,Cash on Delivery,Female,3.0,4,Laptop & Accessory,4,Divorced,2,1,11.0,6.0,11.0,9.0,152.28,0,12.69,1.83
50196,0,0.0,Phone,3,8.0,Debit Card,Male,3.0,3,Laptop & Accessory,3,Single,2,1,11.0,1.0,1.0,4.0,144.78,1,72.39,1.0
50197,0,4.0,Phone,3,13.0,E wallet,Male,3.0,3,Laptop & Accessory,2,Married,5,0,12.0,0.0,1.0,7.0,175.47,0,87.735,0.2
50198,0,5.0,Phone,1,8.0,Credit Card,Female,3.0,2,Laptop & Accessory,2,Single,8,0,16.0,1.0,1.0,7.0,150.55,0,75.275,0.17
50199,1,0.0,Phone,1,8.0,Credit Card,Male,2.0,5,Mobile Phone,2,Divorced,6,1,13.0,2.0,2.0,2.0,134.64,1,44.879999999999995,2.0
50200,0,3.0,Phone,1,34.0,Credit Card,Female,3.0,3,Laptop & Accessory,2,Divorced,2,0,13.0,0.0,1.0,9.0,157.75,0,78.875,0.25
50201,0,4.0,Computer,1,13.0,Debit Card,Female,2.0,4,Fashion,3,Divorced,2,0,24.0,3.0,8.0,9.0,189.43,0,21.047777777777778,1.6
50202,0,12.0,Computer,1,5.0,Credit Card,Male,2.0,4,Others,2,Divorced,2,0,15.707921714818266,9.0,13.0,3.0,292.72,0,20.90857142857143,1.0
50203,1,2.0,Phone,3,9.0,Credit Card,Female,2.0,3,Laptop & Accessory,3,Divorced,5,1,18.0,1.0,1.0,0.0,152.38,1,76.19,0.33
50204,0,6.0,Computer,3,16.0,E wallet,Male,2.0,4,Laptop & Accessory,2,Single,4,0,14.0,1.0,1.0,1.0,146.82,0,73.41,0.14
50205,0,20.0,Phone,1,11.0,Debit Card,Male,2.0,3,Others,3,Divorced,5,0,11.0,1.0,1.0,1.0,283.0,0,141.5,0.05
50206,0,16.0,Computer,1,16.0,Debit Card,Female,2.0,4,Laptop & Accessory,3,Married,2,0,11.0,0.0,1.0,0.0,152.57,0,76.285,0.06
50207,0,0.0,Computer,3,6.0,E wallet,Male,3.0,3,Laptop & Accessory,4,Divorced,1,1,13.0,0.0,1.0,4.0,163.49,1,81.745,1.0
50208,0,27.0,Computer,1,26.0,Debit Card,Female,2.0,3,Laptop & Accessory,3,Single,4,0,12.0,1.0,1.0,3.0,148.69,0,74.345,0.04
50209,0,16.0,Phone,1,13.0,Debit Card,Female,2.0,3,Fashion,5,Divorced,9,0,16.0,1.0,1.0,0.0,199.85,0,99.925,0.06
50210,0,18.0,Phone,1,14.0,UPI,Male,3.0,3,Laptop & Accessory,2,Divorced,10,0,14.0,7.0,9.0,8.0,136.97,0,13.697,0.47
50211,0,13.0,Phone,3,6.0,Credit Card,Male,2.0,5,Laptop & Accessory,2,Divorced,3,1,22.0,1.0,1.0,2.0,174.57,0,87.285,0.07
50212,1,10.189899366380917,Phone,1,14.0,UPI,Male,3.0,5,Mobile Phone,5,Divorced,2,1,11.0,1.0,1.0,7.0,121.19,0,60.595,0.09
50213,0,2.0,Phone,1,15.0,UPI,Male,1.0,4,Mobile Phone,2,Single,1,0,17.0,2.0,2.0,2.0,139.83,0,46.61000000000001,0.67
50214,0,3.0,Phone,3,11.0,E wallet,Female,1.0,4,Laptop & Accessory,3,Married,2,0,13.0,0.0,1.0,2.0,161.18,0,80.59,0.25
50215,0,0.0,Phone,3,14.0,E wallet,Female,2.0,3,Laptop & Accessory,4,Divorced,2,0,18.0,0.0,1.0,7.0,162.14,0,81.07,1.0
50216,0,10.0,Phone,1,11.0,Credit Card,Male,3.0,3,Laptop & Accessory,2,Married,8,0,16.0,0.0,1.0,4.0,163.47,0,81.735,0.09
50217,0,11.0,Phone,1,21.0,Debit Card,Male,3.0,4,Fashion,2,Married,1,1,14.0,1.0,2.0,3.0,215.10000000000002,0,71.7,0.17
50218,0,4.0,Phone,1,13.0,Credit Card,Female,2.0,3,Fashion,2,Single,2,1,14.0,2.0,4.0,10.0,171.43,0,34.286,0.8
50219,0,2.0,Phone,3,16.0,E wallet,Female,2.0,4,Laptop & Accessory,4,Married,2,1,14.0,0.0,1.0,7.0,182.68,1,91.34,0.33
50220,0,8.0,Phone,1,11.0,Cash on Delivery,Male,3.0,3,Fashion,4,Single,1,0,13.0,0.0,1.0,13.0,180.95,0,90.475,0.11
50221,0,0.0,Phone,1,32.0,Debit Card,Male,2.9315348837209303,3,Mobile Phone,2,Married,2,0,12.0,1.0,1.0,2.0,129.04,0,64.52,1.0
50222,0,14.0,Phone,1,12.0,Credit Card,Male,3.0,4,Laptop & Accessory,4,Single,7,1,15.0,1.0,1.0,2.0,160.32,0,80.16,0.07
50223,0,20.0,Computer,3,10.0,Credit Card,Male,2.9315348837209303,3,Laptop & Accessory,3,Single,4,0,19.0,0.0,1.0,0.0,129.76,0,64.88,0.05
50224,0,15.0,Phone,1,29.0,Debit Card,Female,2.0,3,Grocery,2,Single,3,0,14.0,0.0,2.0,0.0,259.92,0,86.64,0.12
50225,0,2.0,Computer,3,8.0,Debit Card,Male,3.0,3,Laptop & Accessory,3,Divorced,2,0,14.0,1.0,1.0,2.0,146.49,0,73.245,0.33
50226,0,15.0,Phone,2,8.0,Cash on Delivery,Male,2.9315348837209303,3,Mobile Phone,3,Married,1,1,11.0,1.0,1.0,0.0,126.96000000000001,0,63.480000000000004,0.06
50227,0,5.0,Phone,1,14.0,Credit Card,Female,3.0,3,Mobile Phone,4,Divorced,2,0,13.0,0.0,1.0,7.0,123.69999999999999,0,61.849999999999994,0.17
50228,0,21.0,Phone,3,35.0,Credit Card,Female,3.0,3,Fashion,3,Divorced,4,0,21.0,0.0,1.0,3.0,225.04000000000002,0,112.52000000000001,0.05
50229,0,10.0,Phone,1,12.0,Credit Card,Male,2.0,2,Laptop & Accessory,5,Married,5,1,13.0,2.0,6.0,7.0,159.74,0,22.82,0.55
50230,0,3.0,Computer,3,31.0,Cash on Delivery,Female,2.0,3,Laptop & Accessory,3,Divorced,8,1,12.0,1.0,2.0,2.0,147.36,1,49.120000000000005,0.5
50231,0,0.0,Phone,3,6.0,Debit Card,Male,2.0,3,Laptop & Accessory,3,Divorced,2,0,17.0,2.0,7.0,7.0,152.96,0,19.12,7.0
50232,0,15.0,Phone,1,8.0,UPI,Male,3.0,4,Laptop & Accessory,2,Single,4,0,23.0,0.0,1.0,0.0,167.81,0,83.905,0.06
50233,1,10.189899366380917,Computer,3,6.0,Cash on Delivery,Female,2.0,4,Mobile Phone,4,Single,2,1,11.0,1.0,1.0,2.0,121.74000000000001,0,60.870000000000005,0.09
50234,0,9.0,Computer,3,6.0,Credit Card,Female,2.0,3,Laptop & Accessory,2,Single,5,0,15.0,1.0,1.0,0.0,166.53,0,83.265,0.1
50235,0,9.0,Computer,3,9.0,Credit Card,Male,2.0,4,Fashion,2,Divorced,5,0,11.0,0.0,1.0,12.0,196.99,0,98.495,0.1
50236,0,30.0,Phone,1,6.0,Credit Card,Male,2.0,3,Laptop & Accessory,3,Divorced,3,0,11.0,1.0,1.0,2.0,167.55,0,83.775,0.03
50237,0,10.189899366380917,Phone,1,16.0,Debit Card,Female,2.0,2,Mobile Phone,3,Divorced,4,1,13.0,0.0,1.0,7.0,122.13,0,61.065,0.09
50238,0,0.0,Computer,3,14.0,Credit Card,Male,2.0,3,Mobile Phone,2,Single,2,0,24.0,0.0,2.0,2.0,126.1,0,42.03333333333333,2.0
50239,1,0.0,Phone,3,11.0,E wallet,Female,2.9315348837209303,3,Mobile Phone,3,Single,2,1,13.0,1.0,1.0,0.0,128.51,1,64.255,1.0
50240,0,10.0,Phone,1,16.0,Credit Card,Female,3.0,3,Mobile Phone,5,Divorced,7,0,20.0,1.0,1.0,3.0,134.52,0,67.26,0.09
50241,0,19.0,Computer,1,13.0,Credit Card,Female,1.0,3,Laptop & Accessory,3,Divorced,3,0,14.0,0.0,1.0,0.0,152.58,0,76.29,0.05
50242,1,4.0,Computer,3,10.0,E wallet,Male,2.0,3,Laptop & Accessory,4,Single,2,0,18.0,7.0,7.0,7.0,193.55,0,24.19375,1.4
50243,0,23.0,Phone,1,16.0,Cash on Delivery,Male,3.0,4,Fashion,2,Single,7,0,15.0,0.0,1.0,3.0,204.96,0,102.48,0.04
50244,1,3.0,Phone,3,28.0,E wallet,Male,3.0,4,Laptop & Accessory,3,Divorced,3,1,12.0,1.0,1.0,0.0,163.8,1,81.9,0.25
50245,0,4.0,Phone,1,14.0,Debit Card,Male,2.0,4,Mobile Phone,4,Single,1,1,16.0,1.0,2.0,2.0,126.57,0,42.19,0.4
50246,1,0.0,Phone,3,18.0,Debit Card,Female,2.9315348837209303,2,Mobile Phone,4,Single,2,0,15.0,0.0,1.0,0.0,127.16,0,63.58,1.0
50247,0,10.189899366380917,Phone,1,29.0,Debit Card,Male,2.0,3,Mobile Phone,2,Single,10,0,16.0,1.0,1.0,2.0,122.00999999999999,0,61.004999999999995,0.09
50248,0,8.0,Phone,1,15.0,Debit Card,Male,3.0,4,Laptop & Accessory,4,Single,10,0,19.0,1.0,1.0,0.0,165.4,0,82.7,0.11
50249,0,0.0,Phone,1,6.0,Credit Card,Male,2.0,3,Mobile Phone,4,Married,2,0,11.0,0.0,1.0,4.0,138.16,0,69.08,1.0
50250,0,1.0,Phone,3,15.0,Debit Card,Male,3.0,3,Laptop & Accessory,2,Single,2,0,16.0,1.0,1.0,7.0,152.53,0,76.265,0.5
50251,0,22.0,Phone,1,13.0,UPI,Male,2.0,4,Fashion,3,Single,9,0,24.0,1.0,1.0,0.0,145.0,0,72.5,0.04
50252,0,24.0,Phone,3,20.0,Debit Card,Female,2.0,3,Laptop & Accessory,2,Divorced,5,0,11.0,0.0,1.0,7.0,149.36,0,74.68,0.04
50253,0,9.0,Phone,1,14.0,Debit Card,Female,3.0,3,Mobile Phone,3,Divorced,5,0,13.0,1.0,2.0,2.0,125.43,0,41.81,0.2
50254,1,0.0,Computer,3,25.0,E wallet,Male,3.0,2,Laptop & Accessory,2,Single,9,1,13.0,1.0,1.0,4.0,153.04,1,76.52,1.0
50255,0,28.0,Phone,1,8.0,Debit Card,Female,3.0,3,Grocery,2,Single,3,1,13.0,1.0,1.0,2.0,266.59,0,133.295,0.03
50256,0,0.0,Phone,3,16.0,E wallet,Female,3.0,3,Laptop & Accessory,3,Married,2,1,12.0,0.0,1.0,3.0,142.6,1,71.3,1.0
50257,0,3.0,Phone,3,14.0,Cash on Delivery,Male,3.0,3,Mobile Phone,4,Divorced,2,0,18.0,1.0,1.0,0.0,124.75999999999999,0,62.379999999999995,0.25
50258,1,0.0,Computer,1,9.0,Cash on Delivery,Male,2.9315348837209303,3,Mobile Phone,5,Single,1,0,22.0,0.0,1.0,4.0,131.02,0,65.51,1.0
50259,0,10.189899366380917,Phone,1,17.0,Credit Card,Female,2.0,3,Mobile Phone,4,Divorced,2,0,13.0,1.0,1.0,2.0,122.44,0,61.22,0.09
50260,0,9.0,Phone,3,8.0,Credit Card,Male,3.0,4,Fashion,3,Divorced,2,0,13.0,9.0,9.0,0.0,175.96,0,17.596,0.9
50261,1,10.189899366380917,Computer,1,10.0,Cash on Delivery,Male,2.0,3,Mobile Phone,2,Single,19,1,23.0,1.0,1.0,0.0,122.85,0,61.425,0.09
50262,0,10.0,Phone,1,20.0,Debit Card,Female,2.9315348837209303,3,Mobile Phone,5,Married,2,0,12.0,3.0,12.0,17.0,130.34,0,10.026153846153846,1.09
50263,0,13.0,Phone,3,8.0,E wallet,Female,2.0,3,Laptop & Accessory,4,Married,8,0,12.0,0.0,1.0,3.0,157.15,0,78.575,0.07
50264,0,15.0,Phone,1,14.0,Debit Card,Female,3.0,3,Mobile Phone,5,Married,4,0,16.0,1.0,1.0,2.0,125.75999999999999,0,62.879999999999995,0.06
50265,0,10.0,Phone,1,16.0,Debit Card,Male,2.0,3,Laptop & Accessory,4,Single,3,1,12.0,0.0,1.0,1.0,141.97,0,70.985,0.09
50266,0,16.0,Phone,1,18.0,Debit Card,Male,2.0,4,Grocery,4,Married,2,0,11.0,0.0,2.0,9.0,243.36,0,81.12,0.12
50267,0,13.0,Phone,1,8.0,Credit Card,Female,3.0,4,Laptop & Accessory,3,Divorced,7,0,22.0,1.0,1.0,0.0,134.48,0,67.24,0.07
50268,0,27.0,Phone,1,11.0,Credit Card,Male,2.0,3,Others,5,Divorced,5,0,15.707921714818266,1.0,1.0,2.0,294.06,0,147.03,0.04
50269,0,7.0,Computer,3,10.0,E wallet,Female,3.0,3,Laptop & Accessory,3,Divorced,10,0,15.0,1.0,1.0,2.0,165.38,0,82.69,0.12
50270,0,4.0,Phone,1,13.0,Credit Card,Female,2.0,3,Laptop & Accessory,5,Divorced,2,0,12.0,3.0,3.0,12.0,143.06,0,35.765,0.6
50271,0,10.189899366380917,Computer,1,27.0,Credit Card,Male,3.0,3,Mobile Phone,2,Divorced,8,0,20.0,0.0,1.0,2.0,122.58000000000001,0,61.290000000000006,0.09
50272,0,16.0,Phone,1,14.0,UPI,Female,3.0,3,Laptop & Accessory,3,Married,5,1,14.0,0.0,1.0,2.0,145.22,0,72.61,0.06
50273,0,0.0,Phone,3,10.0,Debit Card,Female,2.0,4,Laptop & Accessory,2,Single,2,1,11.0,0.0,1.0,3.0,144.87,1,72.435,1.0
50274,0,10.0,Computer,1,31.0,Credit Card,Female,3.0,3,Laptop & Accessory,3,Divorced,4,1,15.0,3.0,10.0,7.0,144.49,0,13.135454545454547,0.91
50275,0,10.189899366380917,Phone,1,6.0,Debit Card,Male,3.0,4,Mobile Phone,5,Divorced,2,0,12.0,0.0,3.0,2.0,122.18,0,30.545,0.27
50276,0,12.0,Computer,1,6.0,Debit Card,Male,2.0,3,Others,3,Married,2,1,14.0,0.0,1.0,6.0,291.97,0,145.985,0.08
50277,0,29.0,Computer,3,12.0,Debit Card,Female,2.0,2,Grocery,5,Divorced,10,0,11.0,2.0,2.0,7.0,232.12,0,77.37333333333333,0.07
50278,0,3.0,Phone,3,18.0,Cash on Delivery,Female,2.0,3,Laptop & Accessory,3,Single,1,0,11.0,3.0,4.0,4.0,165.77,0,33.154,1.0
50279,0,14.0,Phone,3,6.0,E wallet,Male,2.0,2,Fashion,5,Divorced,2,0,16.0,1.0,1.0,7.0,183.92,0,91.96,0.07
50280,0,1.0,Phone,1,23.0,Credit Card,Male,3.0,3,Laptop & Accessory,5,Married,2,0,12.0,0.0,1.0,8.0,145.58,0,72.79,0.5
50281,1,0.0,Phone,1,9.0,Credit Card,Male,3.0,3,Mobile Phone,5,Divorced,6,0,13.0,1.0,1.0,2.0,140.31,0,70.155,1.0
50282,0,25.0,Phone,1,9.0,Credit Card,Male,2.0,4,Fashion,3,Divorced,3,1,14.0,0.0,1.0,4.0,179.69,0,89.845,0.04
50283,0,18.0,Phone,1,14.0,Debit Card,Male,3.0,3,Mobile Phone,2,Divorced,4,0,21.0,1.0,1.0,2.0,126.53999999999999,0,63.269999999999996,0.05
50284,0,25.0,Phone,1,10.0,Debit Card,Female,1.0,3,Grocery,2,Divorced,3,0,13.0,1.0,1.0,4.0,265.55,0,132.775,0.04
50285,0,15.0,Computer,1,35.0,Debit Card,Female,3.0,3,Laptop & Accessory,3,Married,3,0,11.0,1.0,1.0,2.0,145.56,0,72.78,0.06
50286,0,3.0,Phone,1,8.0,Debit Card,Female,2.0,5,Laptop & Accessory,2,Single,3,0,20.0,0.0,1.0,2.0,160.91,0,80.455,0.25
50287,0,30.0,Phone,1,13.0,Debit Card,Female,2.0,3,Others,5,Divorced,6,0,15.707921714818266,0.0,11.0,10.0,295.66,0,24.638333333333335,0.35
50288,0,19.0,Phone,1,24.0,Credit Card,Female,2.0,3,Laptop & Accessory,3,Married,3,0,14.0,0.0,1.0,8.0,148.1,0,74.05,0.05
50289,0,15.0,Computer,1,34.0,Cash on Delivery,Female,2.0,4,Laptop & Accessory,2,Divorced,1,0,11.0,0.0,1.0,4.0,145.23,0,72.615,0.06
50290,1,0.0,Phone,3,6.0,Cash on Delivery,Female,3.0,3,Mobile Phone,4,Single,2,1,16.0,1.0,1.0,4.0,132.02,1,66.01,1.0
50291,1,0.0,Computer,3,14.0,E wallet,Female,2.0,5,Mobile Phone,3,Married,1,0,16.0,1.0,1.0,0.0,123.50999999999999,0,61.754999999999995,1.0
50292,0,10.189899366380917,Computer,1,8.0,Debit Card,Male,2.0,3,Mobile Phone,2,Divorced,2,1,23.0,1.0,1.0,0.0,117.02000000000001,0,58.510000000000005,0.09
50293,0,13.0,Phone,3,8.0,Debit Card,Female,3.0,3,Others,3,Divorced,1,0,14.0,1.0,1.0,12.0,280.41,0,140.205,0.07
50294,0,0.0,Phone,1,29.0,Debit Card,Female,2.9315348837209303,3,Mobile Phone,2,Married,2,0,22.0,1.0,1.0,2.0,128.86,0,64.43,1.0
50295,0,10.189899366380917,Computer,1,9.0,Debit Card,Male,2.0,3,Mobile Phone,2,Divorced,5,0,15.0,0.0,1.0,4.0,120.97,0,60.485,0.09
50296,0,2.0,Phone,1,9.0,Credit Card,Male,3.0,4,Fashion,3,Divorced,2,0,18.0,1.0,1.0,3.0,219.35000000000002,0,109.67500000000001,0.33
50297,1,0.0,Phone,1,14.0,Cash on Delivery,Female,3.0,4,Mobile Phone,4,Divorced,6,0,16.0,0.0,1.0,1.0,125.46000000000001,0,62.730000000000004,1.0
50298,1,0.0,Phone,2,14.0,Cash on Delivery,Male,2.0,4,Mobile Phone,2,Single,2,0,12.0,1.0,1.0,0.0,125.63999999999999,0,62.81999999999999,1.0
50299,0,3.0,Computer,3,28.0,UPI,Female,3.0,3,Fashion,5,Divorced,1,0,11.0,2.0,7.0,8.0,184.12,0,23.015,1.75
50300,0,30.0,Phone,3,35.0,E wallet,Male,2.0,4,Grocery,2,Married,4,0,12.0,0.0,2.0,0.0,241.18,0,80.39333333333333,0.06
50301,0,23.0,Phone,1,35.0,Debit Card,Male,2.0,4,Grocery,3,Divorced,1,0,15.0,1.0,15.0,7.0,270.46,0,16.90375,0.62
50302,0,3.0,Computer,1,14.0,Credit Card,Female,2.0,3,Mobile Phone,2,Single,1,0,14.0,5.0,6.0,7.0,125.63999999999999,0,17.948571428571427,1.5
50303,0,30.0,Computer,3,34.0,E wallet,Female,3.0,4,Fashion,5,Divorced,5,0,19.0,13.0,13.0,11.0,202.66,0,14.475714285714286,0.42
50304,0,20.0,Phone,1,8.0,Credit Card,Female,3.0,3,Laptop & Accessory,2,Married,6,0,13.0,0.0,1.0,4.0,150.7,0,75.35,0.05
50305,0,19.0,Phone,1,8.0,Debit Card,Male,2.0,3,Grocery,3,Divorced,7,0,13.0,1.0,1.0,1.0,278.61,0,139.305,0.05
50306,0,8.0,Phone,1,28.0,Debit Card,Male,2.0,5,Mobile Phone,3,Single,1,0,15.0,2.0,4.0,3.0,142.3,0,28.46,0.44
50307,0,27.0,Phone,1,14.0,Debit Card,Female,2.0,3,Laptop & Accessory,3,Single,8,0,11.0,1.0,1.0,0.0,137.8,0,68.9,0.04
50308,0,7.0,Phone,1,8.0,Debit Card,Male,2.9315348837209303,4,Mobile Phone,3,Married,4,0,12.0,5.0,5.0,7.0,127.68,0,21.28,0.62
50309,0,19.0,Phone,3,16.0,E wallet,Female,3.0,4,Fashion,2,Divorced,3,1,19.0,1.0,1.0,2.0,190.71,0,95.355,0.05
50310,0,4.0,Phone,1,15.0,Debit Card,Male,2.0,3,Fashion,4,Married,2,0,25.0,1.0,1.0,8.0,206.48000000000002,0,103.24000000000001,0.2
50311,1,0.0,Phone,1,21.0,Credit Card,Male,2.0,3,Fashion,3,Divorced,8,1,12.0,0.0,2.0,7.0,236.10000000000002,1,78.7,2.0
50312,1,0.0,Phone,1,16.0,Credit Card,Male,2.0,5,Mobile Phone,2,Married,8,0,13.0,0.0,1.0,3.0,134.08,0,67.04,1.0
50313,0,3.0,Phone,3,13.0,E wallet,Male,2.9315348837209303,3,Mobile Phone,4,Single,1,0,14.0,1.0,1.0,2.0,129.83,0,64.915,0.25
50314,0,8.0,Phone,1,22.0,Debit Card,Male,3.0,3,Fashion,3,Divorced,5,1,12.0,0.0,1.0,0.0,176.32,0,88.16,0.11
50315,1,0.0,Computer,1,26.0,Debit Card,Male,3.0,3,Fashion,3,Divorced,4,0,12.0,1.0,1.0,0.0,198.24,0,99.12,1.0
50316,1,0.0,Computer,2,29.0,UPI,Female,2.0,3,Fashion,5,Married,10,1,15.0,1.0,1.0,2.0,199.5,1,99.75,1.0
50317,0,10.189899366380917,Computer,1,11.0,UPI,Male,3.0,3,Mobile Phone,3,Divorced,5,0,17.0,2.0,2.0,0.0,120.93,0,40.31,0.18
50318,0,9.0,Computer,3,16.0,Credit Card,Male,2.0,3,Fashion,2,Single,2,0,14.0,1.0,9.0,7.0,199.8,0,19.98,0.9
50319,1,0.0,Computer,1,10.0,Cash on Delivery,Male,2.0,4,Mobile Phone,3,Single,6,0,16.0,1.0,1.0,2.0,138.94,0,69.47,1.0
50320,0,21.0,Phone,3,8.0,E wallet,Female,2.0,3,Laptop & Accessory,2,Divorced,3,0,14.0,4.0,6.0,7.0,140.51,0,20.072857142857142,0.27
50321,0,28.0,Phone,3,24.0,Debit Card,Female,2.0,3,Grocery,4,Single,4,0,23.0,1.0,7.0,7.0,268.35,0,33.54375,0.24
50322,0,14.0,Computer,3,16.0,Debit Card,Male,2.0,3,Laptop & Accessory,2,Single,8,0,14.0,0.0,1.0,10.0,162.3,0,81.15,0.07
50323,0,8.0,Phone,3,6.0,E wallet,Male,2.0,3,Laptop & Accessory,3,Divorced,10,0,11.0,3.0,6.0,9.0,147.17,0,21.024285714285714,0.67
50324,0,13.0,Phone,1,12.0,Debit Card,Female,3.0,3,Grocery,3,Single,8,0,15.0,4.0,2.0,13.0,232.37,0,77.45666666666666,0.14
50325,0,12.0,Computer,1,14.0,Debit Card,Female,2.0,3,Mobile Phone,3,Divorced,2,0,11.0,0.0,1.0,7.0,137.55,0,68.775,0.08
50326,0,4.0,Phone,3,8.0,Debit Card,Male,3.0,3,Laptop & Accessory,2,Single,5,1,13.0,1.0,1.0,5.0,165.82,0,82.91,0.2
50327,0,15.0,Phone,1,30.0,Credit Card,Male,2.0,3,Fashion,5,Divorced,2,1,21.0,4.0,5.0,8.0,174.06,0,29.01,0.31
50328,0,18.0,Phone,3,8.0,UPI,Male,3.0,3,Laptop & Accessory,4,Divorced,1,0,19.0,3.0,3.0,7.0,148.05,0,37.0125,0.16
50329,1,0.0,Computer,2,23.0,Debit Card,Female,2.9315348837209303,3,Mobile Phone,3,Married,1,1,11.0,0.0,1.0,0.0,127.41,1,63.705,1.0
50330,0,2.0,Phone,1,25.0,Cash on Delivery,Male,2.0,3,Laptop & Accessory,2,Married,5,0,12.0,0.0,1.0,2.0,142.62,0,71.31,0.33
50331,0,6.0,Phone,1,6.0,Credit Card,Female,3.0,2,Grocery,3,Married,5,0,19.0,1.0,1.0,5.0,261.84,0,130.92,0.14
50332,0,0.0,Phone,3,13.0,Debit Card,Male,2.0,4,Fashion,2,Married,10,0,21.0,1.0,1.0,3.0,215.57,0,107.785,1.0
50333,1,10.189899366380917,Computer,3,11.0,E wallet,Male,3.0,3,Mobile Phone,4,Single,2,1,14.0,1.0,1.0,0.0,118.78,0,59.39,0.09
50334,0,13.0,Computer,3,34.0,UPI,Male,2.0,5,Fashion,5,Married,4,0,15.0,1.0,1.0,3.0,209.32,0,104.66,0.07
50335,0,14.0,Computer,1,8.0,UPI,Female,3.0,4,Laptop & Accessory,3,Single,3,1,17.0,0.0,1.0,7.0,168.11,0,84.055,0.07
50336,0,0.0,Phone,3,35.0,Credit Card,Male,2.0,3,Laptop & Accessory,3,Married,6,0,12.0,1.0,1.0,0.0,143.06,0,71.53,1.0
50337,0,8.0,Phone,3,6.0,Credit Card,Female,3.0,3,Laptop & Accessory,3,Single,2,0,16.0,0.0,1.0,3.0,148.59,0,74.295,0.11
50338,0,7.0,Phone,3,27.0,Debit Card,Male,3.0,2,Laptop & Accessory,2,Single,2,0,12.0,5.0,5.0,7.0,153.37,0,25.561666666666667,0.62
50339,1,0.0,Phone,1,14.0,Cash on Delivery,Male,3.0,5,Mobile Phone,2,Single,2,1,18.0,1.0,1.0,0.0,123.4,1,61.7,1.0
50340,0,10.0,Phone,1,6.0,Cash on Delivery,Female,2.0,3,Fashion,2,Single,5,0,17.0,1.0,1.0,2.0,174.91,0,87.455,0.09
50341,0,19.0,Computer,1,24.0,Credit Card,Female,2.0,3,Fashion,3,Divorced,6,0,11.0,1.0,1.0,2.0,205.27,0,102.635,0.05
50342,0,14.0,Phone,3,8.0,Debit Card,Female,3.0,3,Grocery,5,Divorced,8,0,16.0,1.0,11.0,8.0,265.95,0,22.162499999999998,0.73
50343,0,10.0,Computer,3,15.0,Credit Card,Male,3.0,3,Fashion,4,Married,2,0,13.0,6.0,7.0,7.0,188.34,0,23.5425,0.64
50344,0,25.0,Phone,1,12.0,Cash on Delivery,Male,3.0,3,Laptop & Accessory,5,Married,4,1,12.0,2.0,6.0,9.0,155.77,0,22.252857142857145,0.23
50345,1,0.0,Computer,3,17.0,UPI,Male,2.0,2,Laptop & Accessory,3,Divorced,9,0,12.0,1.0,1.0,2.0,147.07,0,73.535,1.0
50346,0,0.0,Computer,3,14.0,Credit Card,Male,2.0,3,Mobile Phone,2,Divorced,1,0,13.0,0.0,2.0,1.0,124.0,0,41.333333333333336,2.0
50347,0,11.0,Phone,1,16.0,Credit Card,Female,3.0,3,Laptop & Accessory,3,Divorced,4,0,19.0,1.0,1.0,0.0,198.24,0,99.12,0.08
50348,0,10.0,Phone,1,6.0,Debit Card,Female,3.0,3,Laptop & Accessory,4,Divorced,7,0,12.0,3.0,4.0,3.0,164.47,0,32.894,0.36
50349,0,22.0,Phone,1,24.0,Debit Card,Male,2.0,4,Others,3,Married,2,1,15.707921714818266,0.0,1.0,9.0,295.02,0,147.51,0.04
50350,0,0.0,Phone,1,29.0,Credit Card,Male,2.9315348837209303,2,Mobile Phone,2,Divorced,2,1,11.0,0.0,1.0,4.0,127.25,1,63.625,1.0
50351,0,0.0,Phone,3,34.0,E wallet,Male,3.0,3,Laptop & Accessory,4,Divorced,2,0,20.0,1.0,1.0,4.0,162.72,0,81.36,1.0
50352,0,10.189899366380917,Phone,1,23.0,UPI,Male,3.0,4,Mobile Phone,4,Divorced,2,0,21.0,1.0,1.0,0.0,121.27000000000001,0,60.635000000000005,0.09
50353,0,23.0,Computer,2,9.0,Credit Card,Male,2.0,3,Others,4,Divorced,2,0,11.0,1.0,10.0,7.0,282.0,0,25.636363636363637,0.42
50354,0,10.189899366380917,Phone,3,19.0,Credit Card,Male,2.0,3,Mobile Phone,3,Divorced,2,0,11.0,1.0,1.0,6.0,120.96000000000001,0,60.480000000000004,0.09
50355,1,0.0,Computer,1,13.0,Debit Card,Female,2.9315348837209303,3,Mobile Phone,3,Divorced,2,1,16.0,0.0,1.0,2.0,128.86,1,64.43,1.0
50356,1,10.189899366380917,Computer,3,18.0,Debit Card,Male,3.0,4,Mobile Phone,5,Divorced,2,0,18.0,1.0,1.0,0.0,120.33000000000001,0,60.165000000000006,0.09
50357,0,7.0,Phone,1,6.0,Debit Card,Male,2.0,4,Mobile Phone,2,Divorced,2,1,13.0,0.0,1.0,3.0,136.22,0,68.11,0.12
50358,1,0.0,Phone,3,19.0,Credit Card,Male,2.0,3,Laptop & Accessory,5,Married,3,0,17.0,0.0,1.0,2.0,142.33,0,71.165,1.0
50359,0,8.0,Phone,1,31.0,UPI,Male,2.0,4,Laptop & Accessory,2,Single,5,0,14.0,0.0,1.0,2.0,136.81,0,68.405,0.11
50360,0,4.0,Phone,3,12.0,Credit Card,Male,3.0,2,Laptop & Accessory,2,Married,5,0,22.0,3.0,5.0,7.0,154.6,0,25.766666666666666,1.0
50361,0,10.189899366380917,Phone,1,12.0,Credit Card,Female,3.0,4,Mobile Phone,3,Married,1,0,12.0,1.0,1.0,3.0,121.87,0,60.935,0.09
50362,0,10.0,Phone,3,8.0,E wallet,Male,3.0,3,Laptop & Accessory,3,Divorced,5,1,11.0,0.0,1.0,0.0,196.02,0,98.01,0.09
50363,0,0.0,Phone,1,6.0,Debit Card,Female,2.9315348837209303,4,Mobile Phone,4,Single,2,0,13.0,1.0,1.0,0.0,128.36,0,64.18,1.0
50364,0,15.0,Phone,1,8.0,Debit Card,Female,2.0,3,Laptop & Accessory,2,Divorced,2,0,13.0,2.0,2.0,2.0,140.89,0,46.96333333333333,0.12
50365,0,16.0,Phone,1,12.0,UPI,Male,2.0,4,Grocery,2,Married,5,1,14.0,1.0,1.0,0.0,266.27,0,133.135,0.06
50366,0,11.0,Phone,1,14.0,Debit Card,Female,2.0,3,Mobile Phone,5,Single,4,0,17.0,1.0,1.0,0.0,126.19,0,63.095,0.08
50367,0,16.0,Computer,1,15.0,Credit Card,Male,3.0,3,Laptop & Accessory,3,Married,4,1,13.0,2.0,4.0,7.0,156.79,0,31.357999999999997,0.24
50368,0,21.0,Phone,1,6.0,Debit Card,Female,2.0,4,Grocery,5,Divorced,8,0,11.0,0.0,2.0,2.0,254.01999999999998,0,84.67333333333333,0.09
50369,0,17.0,Phone,2,6.0,Debit Card,Female,2.0,4,Laptop & Accessory,3,Single,5,0,11.0,1.0,1.0,2.0,159.85,0,79.925,0.06
50370,0,7.0,Phone,3,14.0,Cash on Delivery,Female,2.0,3,Mobile Phone,3,Married,2,1,18.0,1.0,1.0,6.0,125.78999999999999,0,62.894999999999996,0.12
50371,1,0.0,Phone,3,8.0,E wallet,Male,2.9315348837209303,3,Mobile Phone,5,Married,1,0,11.0,0.0,1.0,2.0,130.41,0,65.205,1.0
50372,0,0.0,Phone,3,28.0,Cash on Delivery,Male,2.0,3,Mobile Phone,3,Single,2,0,11.0,1.0,1.0,2.0,134.47,0,67.235,1.0
50373,0,17.0,Phone,1,9.0,UPI,Male,2.0,3,Others,2,Divorced,5,1,15.707921714818266,1.0,1.0,1.0,295.13,0,147.565,0.06
50374,0,0.0,Phone,1,12.0,Credit Card,Male,2.9315348837209303,3,Mobile Phone,3,Divorced,1,0,20.0,2.0,2.0,2.0,127.72999999999999,0,42.57666666666666,2.0
50375,0,6.0,Phone,3,14.0,E wallet,Male,2.0,3,Laptop & Accessory,3,Married,1,0,12.0,1.0,1.0,2.0,171.04,0,85.52,0.14
50376,0,5.0,Phone,1,15.0,Debit Card,Female,3.0,3,Laptop & Accessory,2,Divorced,2,1,12.0,1.0,1.0,5.0,163.22,0,81.61,0.17
50377,0,10.189899366380917,Computer,1,9.0,Credit Card,Female,3.0,3,Mobile Phone,3,Married,2,0,20.0,1.0,1.0,0.0,120.83000000000001,0,60.415000000000006,0.09
50378,0,26.0,Phone,3,6.0,Credit Card,Female,2.0,3,Laptop & Accessory,5,Single,8,0,20.0,6.0,8.0,10.0,183.81,0,20.423333333333332,0.3
50379,0,7.0,Phone,1,6.0,Debit Card,Male,2.9315348837209303,3,Mobile Phone,2,Divorced,2,0,12.0,6.0,8.0,8.0,126.91,0,14.101111111111111,1.0
50380,1,8.0,Computer,3,32.0,Debit Card,Female,3.0,3,Laptop & Accessory,5,Divorced,3,0,14.0,0.0,1.0,0.0,142.86,0,71.43,0.11
50381,0,0.0,Phone,1,12.0,Debit Card,Female,3.0,3,Mobile Phone,2,Divorced,2,1,13.0,0.0,1.0,2.0,126.59,1,63.295,1.0
50382,0,10.0,Phone,1,9.0,UPI,Male,2.0,3,Fashion,3,Divorced,2,0,15.0,6.0,7.0,8.0,194.34,0,24.2925,0.64
50383,0,2.0,Phone,3,9.0,Credit Card,Female,3.0,3,Laptop & Accessory,3,Divorced,2,0,14.0,0.0,1.0,2.0,155.61,0,77.805,0.33
50384,0,8.0,Phone,1,12.0,Debit Card,Male,2.0,5,Laptop & Accessory,2,Single,2,0,13.0,11.0,11.0,8.0,166.46,0,13.871666666666668,1.22
50385,0,6.0,Computer,1,12.0,Debit Card,Male,1.0,3,Laptop & Accessory,2,Married,4,0,23.0,4.0,4.0,7.0,177.25,0,35.45,0.57
50386,0,27.0,Phone,2,25.0,Credit Card,Male,2.0,3,Fashion,4,Divorced,3,0,15.0,3.0,7.0,1.0,207.25,0,25.90625,0.25
50387,0,9.0,Phone,1,15.0,Credit Card,Male,2.0,4,Laptop & Accessory,4,Married,3,1,11.0,1.0,1.0,2.0,188.47,0,94.235,0.1
50388,0,10.189899366380917,Phone,1,9.0,Credit Card,Male,2.0,4,Mobile Phone,2,Single,1,0,13.0,0.0,1.0,1.0,120.44999999999999,0,60.224999999999994,0.09
50389,1,0.0,Phone,1,16.0,Credit Card,Male,2.0,3,Mobile Phone,3,Single,2,1,11.0,0.0,1.0,1.0,110.09,1,55.045,1.0
50390,1,0.0,Computer,1,9.0,Debit Card,Male,3.0,3,Mobile Phone,5,Single,2,1,11.0,9.0,9.0,7.0,133.48,1,13.347999999999999,9.0
50391,0,10.189899366380917,Computer,1,9.0,Debit Card,Male,2.0,4,Mobile Phone,3,Divorced,2,0,18.0,1.0,1.0,0.0,112.81,0,56.405,0.09
50392,0,0.0,Phone,1,10.0,Credit Card,Male,2.9315348837209303,2,Mobile Phone,5,Divorced,3,0,16.0,0.0,1.0,2.0,128.19,0,64.095,1.0
50393,0,0.0,Phone,3,14.0,Debit Card,Male,2.0,2,Laptop & Accessory,4,Divorced,1,0,22.0,0.0,1.0,2.0,148.51,0,74.255,1.0
50394,0,11.0,Phone,3,13.0,E wallet,Female,2.0,4,Laptop & Accessory,2,Single,1,0,20.0,1.0,1.0,5.0,140.28,0,70.14,0.08
50395,0,2.0,Computer,1,6.0,Debit Card,Male,2.9315348837209303,5,Mobile Phone,2,Married,2,0,18.0,2.0,2.0,8.0,127.19999999999999,0,42.4,0.67
50396,0,21.0,Phone,3,8.0,E wallet,Male,2.0,2,Laptop & Accessory,4,Divorced,4,0,12.0,2.0,2.0,2.0,181.2,0,60.4,0.09
50397,0,0.0,Computer,3,9.0,Credit Card,Female,3.0,2,Laptop & Accessory,2,Married,2,1,20.0,1.0,1.0,4.0,146.47,1,73.235,1.0
50398,0,10.0,Phone,1,16.0,Debit Card,Male,3.0,2,Mobile Phone,2,Single,4,0,17.0,1.0,1.0,0.0,146.8,0,73.4,0.09
50399,0,23.0,Phone,1,34.0,Credit Card,Male,3.0,2,Mobile Phone,3,Divorced,2,1,11.0,3.0,3.0,8.0,132.21,0,33.0525,0.12
50400,0,7.0,Phone,1,15.0,Credit Card,Female,2.0,4,Fashion,4,Single,2,0,14.0,4.0,7.0,7.0,186.21,0,23.27625,0.88
50401,1,0.0,Phone,3,9.0,Debit Card,Female,3.0,3,Laptop & Accessory,3,Single,10,0,14.0,1.0,2.0,0.0,145.77,0,48.59,2.0
50402,0,12.0,Phone,1,8.0,Cash on Delivery,Female,3.0,4,Laptop & Accessory,3,Single,2,0,11.0,2.0,11.0,10.0,145.53,0,12.1275,0.85
50403,0,5.0,Phone,3,16.0,E wallet,Male,2.0,3,Laptop & Accessory,2,Single,2,0,12.0,0.0,1.0,8.0,153.96,0,76.98,0.17
50404,1,13.0,Computer,3,14.0,Cash on Delivery,Male,2.0,3,Laptop & Accessory,3,Divorced,4,1,14.0,1.0,1.0,3.0,167.96,0,83.98,0.07
50405,0,11.0,Phone,1,6.0,Debit Card,Female,2.0,2,Laptop & Accessory,2,Single,1,0,13.0,1.0,1.0,8.0,176.25,0,88.125,0.08
50406,0,0.0,Phone,1,6.0,Debit Card,Female,3.0,3,Fashion,5,Divorced,2,0,11.0,1.0,1.0,7.0,174.12,0,87.06,1.0
50407,0,5.0,Phone,1,9.0,Debit Card,Female,2.0,3,Fashion,2,Single,4,0,15.0,3.0,7.0,3.0,211.58999999999997,0,26.448749999999997,1.17
50408,0,20.0,Phone,3,20.0,E wallet,Male,2.0,3,Laptop & Accessory,5,Single,3,0,12.0,0.0,1.0,7.0,149.6,0,74.8,0.05
50409,0,13.0,Computer,3,11.0,Debit Card,Male,2.0,4,Fashion,5,Divorced,6,1,21.0,0.0,1.0,12.0,204.75,0,102.375,0.07
50410,0,26.0,Phone,1,13.0,Debit Card,Male,2.0,2,Grocery,3,Divorced,4,0,19.0,0.0,2.0,3.0,248.14,0,82.71333333333332,0.07
50411,0,14.0,Phone,2,16.0,UPI,Male,3.0,4,Others,2,Married,4,0,15.0,1.0,12.0,6.0,291.41,0,22.416153846153847,0.8
50412,0,30.0,Phone,3,22.0,E wallet,Male,2.0,3,Laptop & Accessory,5,Single,9,0,14.0,1.0,2.0,2.0,154.05,0,51.35,0.06
50413,0,0.0,Computer,1,16.0,Debit Card,Male,2.0,3,Fashion,5,Married,2,0,21.0,1.0,1.0,7.0,187.93,0,93.965,1.0
50414,0,14.0,Phone,2,6.0,UPI,Male,2.0,4,Others,3,Divorced,2,0,12.0,1.0,2.0,10.0,291.89,0,97.29666666666667,0.13
50415,0,23.0,Phone,3,14.0,E wallet,Male,2.0,3,Mobile Phone,4,Divorced,8,0,15.0,1.0,2.0,2.0,138.75,0,46.25,0.08
50416,1,10.189899366380917,Phone,1,6.0,Debit Card,Female,3.0,5,Mobile Phone,4,Single,8,1,13.0,1.0,3.0,7.0,122.16,0,30.54,0.27
50417,0,9.0,Computer,1,14.0,Debit Card,Female,3.0,2,Fashion,5,Divorced,10,0,14.0,0.0,1.0,3.0,217.13,0,108.565,0.1
50418,0,11.0,Phone,1,6.0,Debit Card,Female,2.0,3,Fashion,3,Single,5,1,14.0,0.0,1.0,0.0,178.61,0,89.305,0.08
50419,0,17.0,Computer,1,30.0,Credit Card,Male,2.0,5,Mobile Phone,3,Single,3,0,14.0,0.0,1.0,4.0,137.08,0,68.54,0.06
50420,0,20.0,Computer,3,9.0,Credit Card,Female,2.0,3,Grocery,3,Married,10,1,12.0,7.0,2.0,13.0,237.7,0,79.23333333333333,0.1
50421,0,3.0,Phone,3,33.0,E wallet,Male,2.0,3,Laptop & Accessory,2,Married,8,0,23.0,4.0,7.0,7.0,153.04,0,19.13,1.75
50422,0,2.0,Phone,3,14.0,Debit Card,Male,2.0,3,Mobile Phone,3,Single,2,0,11.0,0.0,1.0,0.0,126.41999999999999,0,63.209999999999994,0.33
50423,1,5.0,Computer,1,25.0,Credit Card,Male,2.9315348837209303,2,Mobile Phone,3,Married,7,1,12.0,2.0,2.0,2.0,127.59,0,42.53,0.33
50424,0,16.0,Computer,3,21.0,Debit Card,Male,2.0,4,Laptop & Accessory,2,Divorced,4,0,18.0,0.0,2.0,2.0,168.04,0,56.01333333333333,0.12
50425,0,7.0,Phone,1,14.0,Credit Card,Female,3.0,3,Laptop & Accessory,3,Single,4,0,11.0,1.0,4.0,3.0,161.42,0,32.284,0.5
50426,0,0.0,Phone,1,14.0,Credit Card,Male,2.0,3,Mobile Phone,5,Divorced,2,0,14.0,0.0,1.0,2.0,125.0,0,62.5,1.0
50427,0,12.0,Phone,2,9.0,UPI,Female,2.0,2,Laptop & Accessory,4,Divorced,10,0,15.0,3.0,3.0,6.0,163.89,0,40.9725,0.23
50428,0,29.0,Phone,1,15.0,Credit Card,Male,2.0,3,Grocery,2,Divorced,8,0,11.0,0.0,1.0,3.0,211.02999999999997,0,105.51499999999999,0.03
50429,0,13.0,Phone,1,14.0,Credit Card,Female,2.0,4,Mobile Phone,2,Single,1,1,20.0,2.0,2.0,3.0,123.41999999999999,0,41.13999999999999,0.14
50430,0,0.0,Phone,1,13.0,Credit Card,Female,2.0,4,Laptop & Accessory,5,Single,9,0,19.0,1.0,1.0,7.0,168.11,0,84.055,1.0
50431,0,10.189899366380917,Phone,3,16.0,E wallet,Male,2.0,3,Mobile Phone,4,Married,2,0,14.0,0.0,2.0,2.0,122.97,0,40.99,0.18
50432,0,26.0,Phone,1,14.0,Debit Card,Male,2.0,3,Laptop & Accessory,2,Single,3,0,17.0,1.0,2.0,2.0,124.5,0,41.5,0.07
50433,0,8.0,Computer,1,8.0,Debit Card,Female,3.0,3,Laptop & Accessory,5,Married,3,0,11.0,0.0,1.0,0.0,150.93,0,75.465,0.11
50434,0,5.0,Computer,1,30.0,Debit Card,Male,3.0,3,Laptop & Accessory,2,Divorced,2,0,15.0,2.0,4.0,7.0,153.09,0,30.618000000000002,0.67
50435,0,11.0,Phone,1,8.0,Credit Card,Male,2.9315348837209303,3,Mobile Phone,3,Divorced,7,1,13.0,0.0,1.0,1.0,130.57,0,65.285,0.08
50436,0,7.0,Phone,1,14.0,Debit Card,Female,2.0,3,Laptop & Accessory,5,Married,4,0,14.0,1.0,1.0,0.0,151.21,0,75.605,0.12
50437,0,25.0,Phone,3,9.0,E wallet,Male,2.0,4,Grocery,5,Divorced,2,0,11.0,1.0,1.0,16.0,268.56,0,134.28,0.04
50438,1,0.0,Phone,1,6.0,UPI,Male,2.9315348837209303,3,Mobile Phone,2,Single,2,1,13.0,5.0,7.0,8.0,126.86000000000001,1,15.857500000000002,7.0
50439,0,0.0,Phone,3,32.0,Credit Card,Female,2.0,3,Laptop & Accessory,2,Single,2,0,23.0,0.0,1.0,4.0,161.8,0,80.9,1.0
50440,0,18.0,Phone,3,8.0,Cash on Delivery,Male,2.0,5,Laptop & Accessory,3,Single,1,0,13.0,0.0,3.0,1.0,166.32,0,41.58,0.16
50441,0,0.0,Phone,1,16.0,Credit Card,Male,3.0,2,Mobile Phone,3,Single,2,0,18.0,1.0,1.0,2.0,135.05,0,67.525,1.0
50442,1,10.0,Computer,3,33.0,Debit Card,Female,3.0,1,Laptop & Accessory,3,Single,5,1,12.0,1.0,1.0,3.0,163.97,0,81.985,0.09
50443,0,7.0,Phone,3,8.0,UPI,Male,2.0,3,Laptop & Accessory,2,Single,2,0,22.0,0.0,1.0,4.0,162.74,0,81.37,0.12
50444,1,18.0,Phone,1,8.0,Credit Card,Male,3.0,3,Others,5,Divorced,6,1,15.707921714818266,1.0,1.0,4.0,298.59,0,149.295,0.05
50445,0,9.0,Computer,3,14.0,Debit Card,Male,3.0,4,Fashion,5,Single,2,0,15.0,0.0,1.0,9.0,175.87,0,87.935,0.1
50446,0,25.0,Computer,1,25.0,Credit Card,Male,2.0,3,Mobile Phone,2,Divorced,1,0,18.0,1.0,1.0,2.0,142.58,0,71.29,0.04
50447,0,0.0,Computer,1,6.0,Debit Card,Female,3.0,5,Mobile Phone,2,Married,4,0,14.0,2.0,2.0,0.0,143.64,0,47.879999999999995,2.0
50448,0,2.0,Phone,1,33.0,Credit Card,Female,3.0,3,Laptop & Accessory,3,Divorced,5,0,12.0,1.0,1.0,1.0,143.35,0,71.675,0.33
50449,1,0.0,Phone,3,14.0,Cash on Delivery,Male,2.0,4,Laptop & Accessory,5,Single,7,0,17.0,1.0,1.0,2.0,153.26,0,76.63,1.0
50450,0,7.0,Phone,1,6.0,Debit Card,Female,3.0,1,Mobile Phone,2,Single,3,0,16.0,0.0,1.0,3.0,132.8,0,66.4,0.12
50451,0,27.0,Phone,1,25.0,Credit Card,Female,3.0,3,Laptop & Accessory,5,Married,10,1,11.0,0.0,1.0,4.0,154.85,0,77.425,0.04
50452,0,2.0,Computer,3,5.0,E wallet,Male,2.0,3,Laptop & Accessory,2,Divorced,1,0,19.0,0.0,1.0,1.0,143.42,0,71.71,0.33
50453,0,10.0,Phone,1,16.0,Debit Card,Female,2.9315348837209303,3,Mobile Phone,5,Married,1,1,13.0,3.0,4.0,3.0,127.82,0,25.564,0.36
50454,0,11.0,Computer,1,8.0,Debit Card,Female,3.0,1,Laptop & Accessory,5,Single,7,1,12.0,4.0,4.0,12.0,159.8,0,31.96,0.33
50455,0,7.0,Phone,1,8.0,Credit Card,Female,2.0,4,Mobile Phone,5,Single,2,0,11.0,1.0,1.0,3.0,143.81,0,71.905,0.12
50456,0,8.0,Phone,3,14.0,Debit Card,Female,3.0,3,Mobile Phone,2,Divorced,2,0,16.0,0.0,1.0,2.0,125.72,0,62.86,0.11
50457,0,3.0,Phone,1,6.0,Debit Card,Male,2.0,5,Mobile Phone,3,Divorced,4,0,21.0,1.0,1.0,2.0,138.33,0,69.165,0.25
50458,0,13.0,Computer,1,8.0,Credit Card,Female,2.0,1,Laptop & Accessory,4,Divorced,2,0,24.0,0.0,3.0,7.0,142.44,0,35.61,0.21
50459,0,7.0,Phone,3,14.0,Debit Card,Female,3.0,3,Laptop & Accessory,5,Divorced,6,0,17.0,1.0,1.0,2.0,165.0,0,82.5,0.12
50460,0,15.0,Computer,1,14.0,Debit Card,Male,3.0,3,Others,2,Married,2,0,13.0,1.0,14.0,9.0,284.3,0,18.953333333333333,0.88
50461,1,10.189899366380917,Phone,1,12.0,Debit Card,Male,3.0,1,Mobile Phone,5,Divorced,2,1,21.0,1.0,1.0,0.0,116.00999999999999,0,58.004999999999995,0.09
50462,0,0.0,Computer,1,15.0,Debit Card,Male,2.9315348837209303,4,Mobile Phone,4,Married,2,0,11.0,1.0,1.0,0.0,126.94,0,63.47,1.0
50463,0,25.0,Phone,1,17.0,Debit Card,Female,2.9315348837209303,3,Laptop & Accessory,3,Divorced,9,0,20.0,1.0,1.0,4.0,131.49,0,65.745,0.04
50464,0,23.0,Phone,1,8.0,Credit Card,Male,3.0,3,Grocery,3,Divorced,6,0,16.0,1.0,1.0,3.0,276.39,0,138.195,0.04
50465,1,0.0,Phone,1,14.0,Debit Card,Female,2.0,4,Mobile Phone,5,Divorced,2,1,11.0,0.0,1.0,0.0,123.19,1,61.595,1.0
50466,0,6.0,Phone,1,13.0,Credit Card,Male,2.0,3,Fashion,3,Divorced,1,0,11.0,0.0,3.0,3.0,216.91000000000003,0,54.227500000000006,0.43
50467,1,0.0,Phone,3,22.0,E wallet,Female,3.0,3,Laptop & Accessory,5,Single,6,0,15.0,1.0,1.0,2.0,153.24,0,76.62,1.0
50468,0,20.0,Phone,1,8.0,UPI,Female,2.0,3,Grocery,2,Divorced,2,1,11.0,1.0,3.0,0.0,267.52,0,66.88,0.14
50469,0,9.0,Phone,1,6.0,UPI,Female,2.0,3,Laptop & Accessory,4,Divorced,1,0,15.0,0.0,1.0,5.0,152.28,0,76.14,0.1
50470,0,2.0,Phone,1,29.0,Debit Card,Male,2.9315348837209303,1,Mobile Phone,3,Divorced,2,0,24.0,1.0,1.0,7.0,127.0,0,63.5,0.33
50471,1,20.0,Phone,1,8.0,Debit Card,Male,2.0,3,Others,4,Single,8,1,15.707921714818266,5.0,13.0,8.0,292.46,0,20.889999999999997,0.62
50472,0,8.0,Phone,1,14.0,Debit Card,Female,2.0,1,Mobile Phone,3,Single,4,0,13.0,0.0,2.0,2.0,125.06,0,41.68666666666667,0.22
50473,0,15.0,Phone,1,6.0,Debit Card,Female,2.0,4,Laptop & Accessory,2,Divorced,10,1,13.0,0.0,1.0,2.0,160.62,0,80.31,0.06
50474,1,0.0,Phone,1,8.0,Credit Card,Male,2.0,3,Mobile Phone,3,Single,7,0,17.0,0.0,2.0,1.0,143.82,0,47.94,2.0
50475,0,10.189899366380917,Phone,2,19.0,UPI,Male,2.0,3,Mobile Phone,4,Divorced,4,0,13.0,1.0,1.0,4.0,121.43,0,60.715,0.09
50476,0,5.0,Phone,1,10.0,Debit Card,Female,3.0,4,Laptop & Accessory,3,Divorced,2,0,12.0,1.0,6.0,8.0,161.62,0,23.08857142857143,1.0
50477,0,13.0,Computer,1,22.0,Credit Card,Male,2.0,4,Laptop & Accessory,3,Single,7,0,14.0,1.0,1.0,0.0,150.94,0,75.47,0.07
50478,0,3.0,Phone,1,8.0,Credit Card,Female,2.0,4,Laptop & Accessory,2,Single,6,1,24.0,1.0,1.0,0.0,168.77,1,84.385,0.25
50479,0,10.189899366380917,Phone,1,8.0,Debit Card,Female,3.0,4,Mobile Phone,3,Single,2,0,14.0,1.0,1.0,0.0,122.74000000000001,0,61.370000000000005,0.09
50480,0,15.0,Phone,1,35.0,Debit Card,Male,3.0,3,Laptop & Accessory,4,Divorced,2,0,13.0,2.0,7.0,8.0,144.34,0,18.0425,0.44
50481,0,11.0,Computer,1,18.0,Debit Card,Male,2.0,4,Laptop & Accessory,5,Married,3,0,15.0,1.0,1.0,2.0,162.88,0,81.44,0.08
50482,0,7.0,Computer,1,14.0,Debit Card,Female,3.0,4,Mobile Phone,2,Single,2,0,16.0,1.0,1.0,3.0,125.53,0,62.765,0.12
50483,1,12.0,Phone,3,17.0,E wallet,Female,2.0,3,Fashion,2,Divorced,2,0,18.0,0.0,7.0,7.0,176.54,0,22.0675,0.54
50484,1,18.0,Phone,3,8.0,Credit Card,Male,2.0,3,Laptop & Accessory,2,Single,5,0,16.0,0.0,7.0,3.0,151.6,0,18.95,0.37
50485,0,16.0,Phone,1,20.0,Debit Card,Male,3.0,3,Grocery,5,Divorced,7,0,24.0,1.0,1.0,0.0,271.59,0,135.795,0.06
50486,0,0.0,Phone,1,11.0,Cash on Delivery,Male,2.0,4,Fashion,2,Married,2,1,16.0,0.0,1.0,3.0,228.07999999999998,1,114.03999999999999,1.0
50487,0,8.0,Phone,1,13.0,UPI,Male,2.0,3,Fashion,3,Single,4,0,21.0,0.0,1.0,6.0,202.21,0,101.105,0.11
50488,0,1.0,Phone,3,8.0,E wallet,Female,2.0,3,Laptop & Accessory,4,Divorced,2,1,20.0,7.0,7.0,5.0,147.79,1,18.47375,3.5
50489,0,7.0,Phone,2,9.0,UPI,Male,2.0,3,Mobile Phone,2,Divorced,1,0,19.0,1.0,1.0,2.0,137.37,0,68.685,0.12
50490,1,0.0,Computer,1,14.0,Credit Card,Female,2.0,4,Mobile Phone,3,Divorced,2,1,14.0,0.0,1.0,7.0,123.66,1,61.83,1.0
50491,0,10.189899366380917,Computer,1,9.0,Credit Card,Male,2.0,3,Mobile Phone,2,Divorced,2,0,11.0,1.0,1.0,0.0,117.06,0,58.53,0.09
50492,0,24.0,Phone,3,32.0,E wallet,Female,3.0,3,Grocery,3,Divorced,3,0,14.0,1.0,4.0,17.0,263.07,0,52.614,0.16
50493,0,17.0,Phone,1,10.0,Credit Card,Male,2.0,3,Laptop & Accessory,4,Single,10,0,12.0,1.0,2.0,3.0,159.33,0,53.11000000000001,0.11
50494,0,0.0,Phone,1,8.0,Credit Card,Male,3.0,1,Mobile Phone,5,Single,8,0,13.0,1.0,1.0,1.0,134.24,0,67.12,1.0
50495,0,6.0,Phone,3,6.0,Credit Card,Male,2.0,1,Laptop & Accessory,5,Married,2,0,22.0,0.0,1.0,8.0,140.37,0,70.185,0.14
50496,0,8.0,Phone,1,14.0,Credit Card,Female,2.0,4,Mobile Phone,5,Single,2,0,11.0,1.0,1.0,1.0,125.59,0,62.795,0.11
50497,0,9.0,Phone,3,6.0,Debit Card,Male,2.0,3,Laptop & Accessory,2,Divorced,2,1,14.0,2.0,4.0,11.0,162.01,0,32.402,0.4
50498,0,5.0,Phone,3,19.0,Debit Card,Male,3.0,3,Laptop & Accessory,2,Married,3,0,11.0,0.0,1.0,3.0,144.03,0,72.015,0.17
50499,0,3.0,Computer,1,11.0,Debit Card,Male,3.0,4,Mobile Phone,2,Married,10,0,12.0,0.0,1.0,3.0,137.61,0,68.805,0.25
50500,0,26.0,Phone,3,13.0,E wallet,Female,3.0,4,Fashion,2,Divorced,8,1,18.0,0.0,1.0,3.0,209.33999999999997,0,104.66999999999999,0.04
50501,0,18.0,Phone,3,15.0,E wallet,Male,3.0,3,Fashion,5,Married,5,1,12.0,1.0,1.0,2.0,207.61,0,103.805,0.05
50502,0,5.0,Phone,1,14.0,Credit Card,Female,3.0,1,Laptop & Accessory,3,Divorced,6,0,12.0,1.0,1.0,3.0,151.75,0,75.875,0.17
50503,0,25.0,Computer,1,31.0,Credit Card,Female,2.0,4,Grocery,2,Divorced,4,0,22.0,0.0,2.0,0.0,238.26,0,79.42,0.08
50504,0,10.0,Phone,3,22.0,E wallet,Male,3.0,4,Laptop & Accessory,3,Married,5,0,19.0,1.0,1.0,0.0,163.34,0,81.67,0.09
50505,0,1.0,Phone,2,14.0,Credit Card,Male,3.0,4,Mobile Phone,2,Married,2,0,13.0,0.0,1.0,4.0,149.36,0,74.68,0.5
50506,0,0.0,Phone,1,6.0,Debit Card,Male,2.0,4,Laptop & Accessory,2,Divorced,7,0,22.0,2.0,2.0,2.0,147.75,0,49.25,2.0
50507,0,17.0,Phone,1,14.0,Debit Card,Male,2.9315348837209303,1,Mobile Phone,2,Divorced,3,1,24.0,1.0,1.0,2.0,128.18,0,64.09,0.06
50508,0,15.0,Computer,1,14.0,Credit Card,Male,2.0,3,Mobile Phone,2,Single,6,1,14.0,0.0,2.0,2.0,125.15,0,41.71666666666667,0.12
50509,0,9.0,Phone,2,14.0,Debit Card,Male,3.0,4,Mobile Phone,5,Divorced,1,0,21.0,1.0,1.0,3.0,123.41999999999999,0,61.709999999999994,0.1
50510,0,0.0,Phone,3,9.0,UPI,Male,3.0,3,Laptop & Accessory,5,Divorced,2,1,18.0,1.0,1.0,3.0,141.94,1,70.97,1.0
50511,0,8.0,Phone,1,15.0,Debit Card,Female,3.0,4,Fashion,3,Divorced,2,1,20.0,2.0,5.0,15.0,206.85000000000002,0,34.475,0.56
50512,1,10.189899366380917,Computer,1,31.0,Debit Card,Female,3.0,3,Mobile Phone,4,Married,2,1,19.0,0.0,7.0,8.0,120.22,0,15.0275,0.63
50513,0,5.0,Computer,1,6.0,Debit Card,Male,3.0,3,Mobile Phone,2,Married,1,0,12.0,0.0,1.0,2.0,123.13999999999999,0,61.56999999999999,0.17
50514,0,0.0,Phone,3,10.0,E wallet,Male,2.0,4,Laptop & Accessory,5,Divorced,2,0,12.0,1.0,1.0,3.0,142.56,0,71.28,1.0
50515,0,22.0,Phone,1,6.0,Cash on Delivery,Female,2.0,3,Mobile Phone,5,Divorced,3,0,16.0,1.0,1.0,2.0,135.8,0,67.9,0.04
50516,0,0.0,Computer,1,10.0,Debit Card,Male,2.9315348837209303,4,Mobile Phone,2,Divorced,1,0,17.0,0.0,3.0,4.0,131.62,0,32.905,3.0
50517,0,5.0,Computer,3,11.0,Debit Card,Male,2.0,3,Laptop & Accessory,4,Divorced,2,0,14.0,2.0,5.0,3.0,165.24,0,27.540000000000003,0.83
50518,0,11.0,Phone,3,15.0,E wallet,Male,2.9315348837209303,4,Mobile Phone,4,Divorced,1,0,19.0,0.0,1.0,2.0,128.99,0,64.495,0.08
50519,0,15.0,Phone,1,9.0,Debit Card,Female,3.0,1,Laptop & Accessory,2,Divorced,3,1,13.0,0.0,1.0,3.0,152.31,0,76.155,0.06
50520,0,4.0,Phone,1,14.0,Debit Card,Male,2.0,3,Mobile Phone,2,Divorced,4,1,19.0,1.0,1.0,2.0,123.56,0,61.78,0.2
50521,1,0.0,Phone,3,6.0,Credit Card,Female,2.9315348837209303,4,Mobile Phone,3,Married,7,1,19.0,0.0,1.0,2.0,128.0,1,64.0,1.0
50522,0,26.0,Phone,3,14.0,E wallet,Male,3.0,3,Grocery,2,Divorced,6,0,14.0,0.0,2.0,3.0,218.36,0,72.78666666666668,0.07
50523,0,8.0,Phone,1,31.0,Cash on Delivery,Male,3.0,4,Fashion,4,Divorced,4,0,16.0,3.0,4.0,8.0,209.02999999999997,0,41.806,0.44
50524,0,10.0,Computer,3,27.0,Credit Card,Female,2.9315348837209303,3,Mobile Phone,2,Divorced,6,0,15.0,1.0,1.0,0.0,129.73,0,64.865,0.09
50525,0,26.0,Phone,1,29.0,Debit Card,Female,3.0,3,Grocery,2,Single,7,0,18.0,2.0,2.0,8.0,242.75,0,80.91666666666667,0.07
50526,0,16.0,Computer,1,6.0,Debit Card,Female,2.0,3,Laptop & Accessory,2,Divorced,5,0,13.0,1.0,2.0,2.0,155.62,0,51.873333333333335,0.12
50527,0,20.0,Phone,3,8.0,E wallet,Female,2.0,3,Laptop & Accessory,2,Divorced,1,1,22.0,5.0,7.0,7.0,145.37,0,18.17125,0.33
50528,0,10.0,Computer,3,25.0,Credit Card,Male,2.0,3,Fashion,4,Single,2,1,13.0,0.0,1.0,9.0,176.42,0,88.21,0.09
50529,0,23.0,Computer,1,8.0,Debit Card,Male,3.0,3,Grocery,5,Married,2,0,11.0,1.0,14.0,7.0,279.24,0,18.616,0.58
50530,0,12.0,Phone,2,8.0,Debit Card,Female,2.0,4,Laptop & Accessory,2,Divorced,9,0,11.0,0.0,1.0,4.0,152.04,0,76.02,0.08
50531,0,10.189899366380917,Phone,2,9.0,UPI,Male,2.0,3,Mobile Phone,4,Married,4,1,11.0,0.0,1.0,3.0,122.77000000000001,0,61.385000000000005,0.09
50532,1,0.0,Phone,1,31.0,Debit Card,Male,2.9315348837209303,3,Mobile Phone,2,Single,2,1,24.0,1.0,1.0,1.0,127.94999999999999,1,63.974999999999994,1.0
50533,0,2.0,Phone,1,14.0,Credit Card,Female,3.0,4,Mobile Phone,2,Married,7,0,14.0,1.0,1.0,3.0,125.32,0,62.66,0.33
50534,0,17.0,Phone,1,14.0,Debit Card,Male,3.0,3,Mobile Phone,5,Divorced,2,1,13.0,2.0,7.0,1.0,125.59,0,15.69875,0.39
50535,0,1.0,Phone,3,11.0,Credit Card,Male,3.0,3,Laptop & Accessory,2,Single,2,0,14.0,1.0,1.0,2.0,149.08,0,74.54,0.5
50536,1,20.0,Computer,1,14.0,Debit Card,Male,2.0,4,Mobile Phone,2,Married,10,1,14.0,0.0,1.0,0.0,123.80000000000001,0,61.900000000000006,0.05
50537,0,16.0,Phone,1,14.0,Debit Card,Female,2.0,3,Laptop & Accessory,4,Married,5,0,21.0,1.0,1.0,0.0,147.65,0,73.825,0.06
50538,1,10.189899366380917,Phone,3,8.0,Credit Card,Female,2.0,4,Mobile Phone,3,Single,2,0,13.0,0.0,1.0,2.0,120.44,0,60.22,0.09
50539,1,0.0,Phone,1,24.0,UPI,Female,2.9315348837209303,3,Mobile Phone,2,Single,2,0,19.0,1.0,1.0,0.0,126.93,0,63.465,1.0
50540,0,9.0,Phone,1,20.0,Debit Card,Male,3.0,3,Laptop & Accessory,2,Divorced,1,1,17.0,4.0,4.0,11.0,165.86,0,33.172000000000004,0.4
50541,0,20.0,Phone,3,8.0,Debit Card,Female,3.0,4,Mobile Phone,2,Single,2,1,18.0,1.0,1.0,2.0,132.94,0,66.47,0.05
50542,1,0.0,Phone,1,9.0,Debit Card,Female,2.0,3,Laptop & Accessory,3,Divorced,1,1,19.0,1.0,1.0,2.0,141.71,1,70.855,1.0
50543,1,4.0,Phone,1,8.0,Debit Card,Female,2.9315348837209303,5,Mobile Phone,2,Married,5,1,13.0,0.0,1.0,0.0,127.78,0,63.89,0.2
50544,0,1.0,Phone,1,14.0,Credit Card,Female,3.0,3,Mobile Phone,3,Married,6,0,18.0,2.0,2.0,2.0,123.77000000000001,0,41.25666666666667,1.0
50545,1,2.0,Phone,1,14.0,Credit Card,Male,3.0,3,Mobile Phone,5,Divorced,8,1,21.0,1.0,2.0,2.0,124.03999999999999,1,41.346666666666664,0.67
50546,0,0.0,Phone,1,14.0,Debit Card,Female,3.0,3,Mobile Phone,3,Single,2,0,19.0,1.0,1.0,0.0,123.18,0,61.59,1.0
50547,0,10.189899366380917,Phone,1,16.0,Debit Card,Male,2.0,3,Mobile Phone,4,Married,2,0,14.0,1.0,1.0,0.0,120.08000000000001,0,60.040000000000006,0.09
50548,0,15.0,Phone,3,20.0,Credit Card,Female,3.0,4,Laptop & Accessory,3,Single,8,0,17.0,0.0,1.0,3.0,162.44,0,81.22,0.06
50549,0,6.0,Phone,1,6.0,UPI,Male,2.9315348837209303,4,Mobile Phone,5,Single,4,1,11.0,0.0,1.0,2.0,127.99000000000001,0,63.995000000000005,0.14
50550,0,30.0,Phone,1,11.0,Cash on Delivery,Female,2.0,4,Fashion,4,Married,3,1,13.0,1.0,1.0,4.0,205.52,0,102.76,0.03
50551,0,4.0,Phone,3,14.0,Debit Card,Male,2.0,4,Mobile Phone,3,Divorced,4,0,15.0,3.0,5.0,2.0,123.28999999999999,0,20.548333333333332,1.0
50552,0,8.0,Phone,1,27.0,Debit Card,Female,2.0,3,Laptop & Accessory,2,Divorced,2,1,25.0,0.0,1.0,7.0,140.14,0,70.07,0.11
50553,0,22.0,Phone,1,14.0,UPI,Female,2.0,3,Fashion,4,Divorced,5,0,11.0,0.0,1.0,7.0,174.03,0,87.015,0.04
50554,0,10.189899366380917,Phone,1,26.0,Credit Card,Male,2.0,3,Mobile Phone,3,Divorced,5,0,17.0,0.0,1.0,0.0,122.59,0,61.295,0.09
50555,0,4.0,Computer,3,26.0,E wallet,Female,2.0,3,Laptop & Accessory,3,Divorced,2,0,13.0,1.0,1.0,0.0,169.32,0,84.66,0.2
50556,0,9.0,Phone,1,13.0,UPI,Male,3.0,3,Mobile Phone,2,Single,3,0,18.0,0.0,1.0,1.0,146.78,0,73.39,0.1
50557,0,11.0,Phone,1,6.0,Cash on Delivery,Female,3.0,3,Fashion,5,Divorced,2,0,13.0,3.0,2.0,11.0,235.82,0,78.60666666666667,0.17
50558,0,5.0,Computer,1,14.0,Debit Card,Female,3.0,4,Mobile Phone,4,Divorced,7,0,20.0,1.0,1.0,2.0,123.32,0,61.66,0.17
50559,1,0.0,Phone,3,14.0,E wallet,Male,2.0,4,Mobile Phone,4,Divorced,2,1,18.0,0.0,1.0,0.0,124.13,1,62.065,1.0
50560,0,13.0,Phone,3,16.0,E wallet,Male,3.0,4,Fashion,4,Married,3,0,12.0,1.0,1.0,0.0,197.05,0,98.525,0.07
50561,0,0.0,Computer,3,6.0,Credit Card,Male,2.0,4,Laptop & Accessory,5,Single,2,0,12.0,1.0,1.0,7.0,142.94,0,71.47,1.0
50562,0,14.0,Phone,1,12.0,Credit Card,Male,2.0,3,Mobile Phone,5,Single,3,1,13.0,1.0,2.0,17.0,147.21,0,49.07,0.13
50563,0,9.0,Phone,1,14.0,Credit Card,Male,3.0,3,Mobile Phone,3,Single,5,0,21.0,2.0,3.0,9.0,125.19,0,31.2975,0.3
50564,1,10.189899366380917,Phone,3,27.0,UPI,Male,2.0,4,Mobile Phone,4,Single,2,1,13.0,0.0,1.0,0.0,121.21000000000001,0,60.605000000000004,0.09
50565,1,0.0,Phone,1,10.0,Cash on Delivery,Male,2.9315348837209303,3,Mobile Phone,5,Single,2,0,19.0,1.0,1.0,0.0,129.73,0,64.865,1.0
50566,0,4.0,Phone,1,18.0,Credit Card,Female,2.0,3,Laptop & Accessory,2,Divorced,1,1,11.0,0.0,8.0,5.0,158.55,0,17.616666666666667,1.6
50567,0,13.0,Computer,1,15.0,Credit Card,Male,2.0,3,Mobile Phone,4,Married,9,1,14.0,0.0,1.0,0.0,136.17,0,68.085,0.07
50568,0,5.0,Phone,1,9.0,Credit Card,Female,3.0,3,Laptop & Accessory,5,Divorced,2,0,12.0,6.0,6.0,3.0,167.25,0,23.892857142857142,1.0
50569,1,0.0,Phone,3,9.0,Debit Card,Male,2.0,4,Fashion,2,Divorced,2,1,11.0,3.0,3.0,7.0,203.25,1,50.8125,3.0
50570,0,6.0,Phone,1,6.0,Debit Card,Female,2.0,4,Laptop & Accessory,2,Single,1,0,14.0,0.0,1.0,4.0,169.49,0,84.745,0.14
50571,1,0.0,Phone,3,6.0,Debit Card,Male,2.0,4,Fashion,3,Divorced,6,0,11.0,1.0,11.0,7.0,206.08999999999997,0,17.174166666666665,11.0
50572,0,18.0,Computer,1,10.0,Debit Card,Male,2.0,3,Laptop & Accessory,4,Divorced,2,0,12.0,1.0,1.0,8.0,144.47,0,72.235,0.05
50573,0,10.189899366380917,Computer,3,26.0,Cash on Delivery,Female,2.0,3,Mobile Phone,2,Divorced,2,0,15.0,0.0,1.0,2.0,121.57,0,60.785,0.09
50574,0,8.0,Phone,3,24.0,Credit Card,Female,2.0,3,Laptop & Accessory,3,Divorced,2,0,16.0,1.0,1.0,0.0,146.01,0,73.005,0.11
50575,0,25.0,Phone,1,6.0,Debit Card,Male,3.0,3,Grocery,2,Divorced,3,0,15.0,1.0,7.0,8.0,270.99,0,33.87375,0.27
50576,1,20.0,Phone,1,14.0,Cash on Delivery,Male,2.0,3,Mobile Phone,3,Single,5,0,24.0,1.0,1.0,0.0,124.78999999999999,0,62.394999999999996,0.05
50577,0,26.0,Phone,3,8.0,Credit Card,Male,2.0,3,Grocery,3,Married,7,0,13.0,2.0,2.0,2.0,248.51999999999998,0,82.83999999999999,0.07
50578,0,3.0,Phone,3,14.0,UPI,Male,3.0,3,Fashion,3,Married,6,0,11.0,4.0,7.0,7.0,172.64,0,21.58,1.75
50579,0,11.0,Computer,3,16.0,Cash on Delivery,Female,2.0,3,Laptop & Accessory,2,Single,2,1,13.0,0.0,1.0,3.0,156.66,0,78.33,0.08
50580,0,8.0,Phone,3,9.0,Debit Card,Male,3.0,3,Fashion,2,Married,7,0,13.0,0.0,1.0,8.0,178.23,0,89.115,0.11
50581,0,12.0,Phone,3,8.0,Debit Card,Male,2.0,1,Fashion,3,Single,1,0,18.0,1.0,1.0,7.0,178.8,0,89.4,0.08
50582,1,3.0,Computer,3,30.0,Debit Card,Female,3.0,1,Grocery,4,Single,5,1,16.0,1.0,2.0,0.0,231.94,1,77.31333333333333,0.5
50583,0,20.0,Computer,1,22.0,Credit Card,Male,3.0,1,Laptop & Accessory,3,Married,2,1,19.0,0.0,2.0,7.0,150.67,0,50.22333333333333,0.1
50584,0,9.0,Computer,3,14.0,Cash on Delivery,Male,2.0,3,Laptop & Accessory,2,Married,5,0,13.0,1.0,1.0,7.0,150.79,0,75.395,0.1
50585,1,0.0,Computer,1,14.0,Credit Card,Male,2.0,4,Mobile Phone,5,Single,1,1,22.0,1.0,1.0,2.0,123.21000000000001,1,61.605000000000004,1.0
50586,0,6.0,Computer,3,23.0,Debit Card,Male,2.0,3,Grocery,3,Single,2,0,11.0,1.0,6.0,0.0,274.44,0,39.205714285714286,0.86
50587,1,0.0,Phone,1,14.0,Debit Card,Female,3.0,4,Mobile Phone,5,Single,7,1,20.0,1.0,1.0,0.0,124.03999999999999,1,62.019999999999996,1.0
50588,0,6.0,Phone,1,19.0,Debit Card,Female,2.0,3,Mobile Phone,2,Single,4,0,18.0,1.0,1.0,2.0,134.52,0,67.26,0.14
50589,0,10.189899366380917,Phone,1,6.0,Credit Card,Female,3.0,3,Mobile Phone,2,Married,4,0,14.0,0.0,1.0,2.0,122.69999999999999,0,61.349999999999994,0.09
50590,0,23.0,Phone,1,6.0,Credit Card,Male,3.0,3,Grocery,2,Married,10,0,22.0,1.0,1.0,3.0,273.99,0,136.995,0.04
50591,0,6.0,Computer,1,6.0,UPI,Female,2.0,1,Laptop & Accessory,4,Divorced,2,1,13.0,0.0,1.0,2.0,154.88,0,77.44,0.14
50592,0,14.0,Computer,1,15.0,Credit Card,Male,3.0,3,Others,3,Married,3,0,15.707921714818266,1.0,1.0,11.0,294.19,0,147.095,0.07
50593,0,0.0,Phone,1,22.0,Cash on Delivery,Female,2.9315348837209303,3,Mobile Phone,4,Divorced,10,0,14.0,2.0,2.0,2.0,128.11,0,42.70333333333334,2.0
50594,0,18.0,Computer,1,29.0,Debit Card,Male,2.0,3,Laptop & Accessory,5,Divorced,2,1,15.0,1.0,1.0,8.0,136.33,0,68.165,0.05
50595,0,20.0,Phone,3,10.0,Debit Card,Female,2.0,3,Laptop & Accessory,2,Single,2,1,17.0,1.0,1.0,7.0,141.63,0,70.815,0.05
50596,1,10.189899366380917,Phone,1,28.0,Debit Card,Female,2.0,3,Mobile Phone,3,Divorced,5,1,11.0,0.0,1.0,1.0,121.32,0,60.66,0.09
50597,0,23.0,Phone,1,30.0,Debit Card,Male,3.0,3,Grocery,3,Divorced,4,1,18.0,0.0,2.0,5.0,239.73000000000002,0,79.91000000000001,0.08
50598,0,11.0,Computer,1,16.0,Credit Card,Male,2.9315348837209303,3,Mobile Phone,3,Divorced,1,0,17.0,0.0,1.0,2.0,126.84,0,63.42,0.08
50599,0,19.0,Phone,1,13.0,Credit Card,Male,3.0,3,Fashion,3,Married,7,0,13.0,0.0,1.0,7.0,208.45,0,104.225,0.05
50600,0,0.0,Phone,1,23.0,Credit Card,Female,2.0,4,Laptop & Accessory,3,Married,2,0,15.0,2.0,3.0,2.0,143.77,0,35.9425,3.0
50601,1,0.0,Phone,1,20.0,UPI,Male,2.0,4,Mobile Phone,4,Married,2,1,24.0,1.0,1.0,2.0,137.43,1,68.715,1.0
50602,0,4.0,Computer,1,6.0,Debit Card,Female,3.0,3,Laptop & Accessory,5,Divorced,2,0,12.0,1.0,1.0,3.0,141.48,0,70.74,0.2
50603,0,0.0,Computer,1,11.0,Debit Card,Male,3.0,3,Mobile Phone,2,Single,2,0,15.0,1.0,1.0,0.0,110.50999999999999,0,55.254999999999995,1.0
50604,0,27.0,Phone,1,23.0,Cash on Delivery,Female,2.0,3,Fashion,3,Divorced,9,0,11.0,1.0,1.0,8.0,207.39,0,103.695,0.04
50605,0,8.0,Phone,1,31.0,Credit Card,Female,2.0,3,Fashion,3,Married,2,1,11.0,2.0,10.0,1.0,203.88,0,18.534545454545455,1.11
50606,0,3.0,Phone,1,14.0,Debit Card,Female,3.0,1,Fashion,5,Divorced,1,1,12.0,0.0,1.0,3.0,214.16000000000003,1,107.08000000000001,0.25
50607,1,0.0,Phone,1,14.0,Credit Card,Female,3.0,4,Mobile Phone,5,Single,2,1,15.0,0.0,1.0,0.0,126.0,1,63.0,1.0
50608,1,0.0,Computer,1,14.0,Credit Card,Female,2.0,3,Mobile Phone,4,Single,1,0,17.0,0.0,1.0,2.0,124.22,0,62.11,1.0
50609,0,0.0,Phone,1,8.0,Credit Card,Male,2.0,1,Laptop & Accessory,2,Divorced,2,0,12.0,1.0,1.0,3.0,154.72,0,77.36,1.0
50610,0,0.0,Phone,1,14.0,Debit Card,Male,3.0,5,Mobile Phone,5,Divorced,2,0,15.0,1.0,1.0,1.0,124.50999999999999,0,62.254999999999995,1.0
50611,0,21.0,Phone,1,12.0,Debit Card,Male,3.0,4,Laptop & Accessory,3,Single,3,0,13.0,0.0,2.0,2.0,142.4,0,47.46666666666667,0.09
50612,0,21.0,Phone,1,10.0,Debit Card,Male,3.0,4,Fashion,3,Single,8,0,14.0,1.0,4.0,3.0,209.99,0,41.998000000000005,0.18
50613,0,14.0,Phone,1,13.0,Credit Card,Female,2.0,3,Laptop & Accessory,3,Single,7,0,14.0,1.0,2.0,1.0,150.03,0,50.01,0.13
50614,0,12.0,Phone,1,6.0,Debit Card,Female,3.0,4,Grocery,2,Divorced,2,0,16.0,0.0,11.0,3.0,227.42000000000002,0,18.951666666666668,0.85
50615,0,0.0,Phone,1,8.0,Debit Card,Female,2.0,3,Laptop & Accessory,2,Divorced,1,0,18.0,0.0,2.0,2.0,142.27,0,47.42333333333334,2.0
50616,0,8.0,Phone,1,16.0,UPI,Male,2.0,3,Mobile Phone,2,Married,2,0,20.0,1.0,1.0,2.0,139.17,0,69.585,0.11
50617,0,15.0,Phone,3,11.0,E wallet,Male,2.0,3,Others,3,Divorced,7,0,13.0,1.0,1.0,0.0,283.03,0,141.515,0.06
50618,0,23.0,Phone,1,14.0,Debit Card,Male,3.0,3,Mobile Phone,2,Divorced,5,0,18.0,1.0,1.0,0.0,123.80000000000001,0,61.900000000000006,0.04
50619,0,30.0,Phone,1,8.0,Debit Card,Female,3.0,4,Grocery,2,Single,4,1,13.0,0.0,2.0,3.0,237.26,0,79.08666666666666,0.06
50620,1,0.0,Phone,1,17.0,Credit Card,Female,3.0,5,Laptop & Accessory,4,Divorced,6,0,15.0,1.0,1.0,0.0,147.77,0,73.885,1.0
50621,0,28.0,Computer,1,24.0,Credit Card,Male,3.0,3,Laptop & Accessory,4,Divorced,4,1,14.0,6.0,6.0,7.0,163.85,0,23.407142857142855,0.21
50622,0,14.0,Computer,1,13.0,Debit Card,Female,2.0,5,Others,3,Married,2,0,15.707921714818266,1.0,5.0,10.0,299.73,0,49.955000000000005,0.33
50623,0,11.0,Phone,3,9.0,Debit Card,Male,2.0,3,Laptop & Accessory,2,Single,9,1,12.0,1.0,1.0,0.0,168.61,0,84.305,0.08
50624,1,0.0,Computer,3,35.0,Credit Card,Male,3.0,5,Laptop & Accessory,5,Single,9,0,18.0,0.0,2.0,2.0,149.69,0,49.89666666666667,2.0
50625,1,15.0,Phone,3,8.0,E wallet,Female,2.0,5,Others,2,Divorced,2,0,15.707921714818266,5.0,6.0,9.0,298.45,0,42.635714285714286,0.38
50626,0,17.0,Phone,3,34.0,Credit Card,Female,2.0,1,Grocery,2,Divorced,4,1,18.0,1.0,2.0,11.0,233.2,0,77.73333333333333,0.11
50627,0,23.0,Computer,3,6.0,Debit Card,Female,3.0,3,Laptop & Accessory,3,Divorced,1,0,12.0,1.0,1.0,13.0,163.47,0,81.735,0.04
50628,1,0.0,Phone,1,22.0,Debit Card,Female,2.9315348837209303,1,Mobile Phone,5,Single,2,0,16.0,15.0,15.0,14.0,127.43,0,7.964375,15.0
50629,0,12.0,Computer,1,28.0,Credit Card,Female,2.0,3,Fashion,5,Single,2,1,13.0,1.0,2.0,8.0,208.8,0,69.60000000000001,0.15
50630,0,6.0,Computer,3,14.0,Debit Card,Female,2.0,4,Mobile Phone,2,Single,1,0,19.0,2.0,2.0,2.0,123.41999999999999,0,41.13999999999999,0.29
50631,0,18.0,Phone,3,17.0,Debit Card,Female,2.0,3,Grocery,2,Divorced,4,0,13.0,1.0,1.0,1.0,276.5,0,138.25,0.05
50632,0,5.0,Computer,1,35.0,Credit Card,Female,3.0,3,Mobile Phone,3,Single,10,0,12.0,5.0,7.0,7.0,140.25,0,17.53125,1.17
50633,0,7.0,Phone,3,6.0,E wallet,Male,3.0,1,Laptop & Accessory,2,Married,1,0,11.0,1.0,1.0,9.0,197.25,0,98.625,0.12
50634,0,30.0,Phone,3,6.0,Cash on Delivery,Male,3.0,3,Fashion,2,Divorced,4,1,14.0,0.0,1.0,3.0,219.04000000000002,0,109.52000000000001,0.03
50635,0,10.189899366380917,Phone,2,30.0,Credit Card,Male,2.0,3,Mobile Phone,4,Single,2,0,16.0,0.0,1.0,4.0,121.77000000000001,0,60.885000000000005,0.09
50636,0,26.0,Computer,3,8.0,E wallet,Female,2.0,4,Fashion,4,Divorced,3,0,12.0,0.0,6.0,12.0,175.25,0,25.035714285714285,0.22
50637,1,0.0,Phone,1,21.0,UPI,Male,2.0,3,Laptop & Accessory,3,Married,8,0,14.0,0.0,1.0,0.0,148.34,0,74.17,1.0
50638,1,10.189899366380917,Computer,1,8.0,Debit Card,Male,2.0,3,Mobile Phone,5,Divorced,7,1,14.0,1.0,1.0,2.0,120.41999999999999,0,60.209999999999994,0.09
50639,0,10.189899366380917,Phone,3,16.0,Debit Card,Female,2.0,3,Mobile Phone,3,Divorced,2,1,19.0,0.0,1.0,0.0,122.19999999999999,0,61.099999999999994,0.09
50640,0,1.0,Phone,3,16.0,Credit Card,Male,3.0,3,Mobile Phone,4,Divorced,2,0,22.0,1.0,1.0,0.0,110.52000000000001,0,55.260000000000005,0.5
50641,0,11.0,Computer,1,9.0,UPI,Male,2.9315348837209303,3,Mobile Phone,3,Divorced,4,0,16.0,2.0,2.0,2.0,128.21,0,42.73666666666667,0.17
50642,0,23.0,Phone,1,8.0,Credit Card,Male,3.0,3,Others,3,Divorced,3,1,15.707921714818266,7.0,7.0,7.0,292.37,0,36.54625,0.29
50643,0,10.0,Phone,1,9.0,UPI,Female,2.0,3,Laptop & Accessory,4,Single,4,0,15.0,1.0,1.0,1.0,141.07,0,70.535,0.09
50644,0,13.0,Phone,3,32.0,E wallet,Male,3.0,3,Laptop & Accessory,5,Divorced,2,0,14.0,5.0,7.0,5.0,183.96,0,22.995,0.5
50645,0,10.189899366380917,Computer,1,6.0,Credit Card,Female,3.0,4,Mobile Phone,3,Married,2,0,13.0,1.0,1.0,3.0,120.07,0,60.035,0.09
50646,0,19.0,Phone,1,6.0,Credit Card,Male,2.0,3,Others,2,Married,10,0,15.707921714818266,1.0,2.0,2.0,296.27,0,98.75666666666666,0.1
50647,0,27.0,Phone,3,8.0,Debit Card,Female,2.0,4,Fashion,3,Divorced,7,0,11.0,6.0,7.0,0.0,206.86,0,25.8575,0.25
50648,0,29.0,Computer,1,15.0,Credit Card,Female,2.9315348837209303,3,Mobile Phone,3,Divorced,3,0,19.0,0.0,1.0,3.0,129.42,0,64.71,0.03
50649,0,9.0,Phone,1,18.0,Credit Card,Female,2.0,4,Fashion,2,Single,1,0,11.0,5.0,7.0,8.0,188.58,0,23.5725,0.7
50650,0,28.0,Computer,1,8.0,Credit Card,Male,2.0,4,Grocery,5,Single,8,0,15.0,1.0,6.0,2.0,267.56,0,38.222857142857144,0.21
50651,0,16.0,Phone,3,31.0,Credit Card,Male,3.0,4,Fashion,2,Married,6,0,13.0,1.0,2.0,0.0,234.0,0,78.0,0.12
50652,1,0.0,Computer,3,14.0,E wallet,Female,2.0,3,Mobile Phone,2,Single,2,1,14.0,0.0,1.0,2.0,123.22999999999999,1,61.614999999999995,1.0
50653,1,10.189899366380917,Phone,1,16.0,Debit Card,Female,2.0,4,Mobile Phone,5,Single,2,0,13.0,1.0,1.0,0.0,114.16,0,57.08,0.09
50654,0,19.0,Phone,1,14.0,Debit Card,Female,3.0,4,Laptop & Accessory,5,Married,9,1,23.0,1.0,1.0,7.0,146.15,0,73.075,0.05
50655,1,14.0,Phone,1,14.0,Debit Card,Male,2.0,3,Mobile Phone,3,Divorced,10,1,12.0,1.0,2.0,7.0,124.61000000000001,0,41.53666666666667,0.13
50656,1,0.0,Computer,1,30.0,Cash on Delivery,Male,3.0,4,Fashion,5,Single,2,0,12.0,0.0,1.0,9.0,187.22,0,93.61,1.0
50657,0,0.0,Phone,1,6.0,Credit Card,Male,2.0,4,Mobile Phone,5,Divorced,2,0,16.0,0.0,1.0,3.0,139.55,0,69.775,1.0
50658,0,3.0,Phone,1,26.0,UPI,Male,2.0,3,Laptop & Accessory,5,Divorced,1,0,15.0,1.0,1.0,2.0,199.57,0,99.785,0.25
50659,0,14.0,Phone,1,13.0,Cash on Delivery,Female,2.0,1,Mobile Phone,3,Divorced,2,0,13.0,1.0,1.0,8.0,133.76,0,66.88,0.07
50660,0,11.0,Phone,1,23.0,Debit Card,Female,3.0,4,Fashion,3,Divorced,1,0,18.0,0.0,1.0,9.0,188.23,0,94.115,0.08
50661,0,13.0,Phone,1,26.0,Cash on Delivery,Male,3.0,3,Fashion,2,Divorced,5,0,20.0,4.0,11.0,1.0,203.22,0,16.935,0.79
50662,0,0.0,Computer,1,14.0,Debit Card,Male,2.0,5,Mobile Phone,3,Divorced,2,0,19.0,1.0,1.0,2.0,146.21,0,73.105,1.0
50663,0,28.0,Computer,1,8.0,Debit Card,Male,3.0,3,Fashion,4,Divorced,4,0,18.0,1.0,1.0,3.0,209.76,0,104.88,0.03
50664,0,1.0,Phone,1,16.0,UPI,Female,2.0,3,Laptop & Accessory,3,Single,4,0,13.0,1.0,1.0,7.0,136.6,0,68.3,0.5
50665,1,7.0,Phone,2,6.0,Credit Card,Male,3.0,4,Fashion,5,Divorced,10,0,14.0,2.0,3.0,6.0,204.82,0,51.205,0.38
50666,0,6.0,Phone,1,11.0,Debit Card,Male,2.0,4,Fashion,2,Married,5,0,15.0,0.0,1.0,2.0,171.19,0,85.595,0.14
50667,1,0.0,Phone,3,10.0,Cash on Delivery,Male,2.0,3,Fashion,5,Single,1,1,22.0,3.0,4.0,7.0,195.82,1,39.164,4.0
50668,1,0.0,Computer,1,35.0,Credit Card,Female,2.0,4,Laptop & Accessory,3,Single,2,0,22.0,3.0,3.0,8.0,145.08,0,36.27,3.0
50669,0,10.189899366380917,Phone,1,21.0,Debit Card,Male,2.0,3,Mobile Phone,3,Married,2,0,16.0,2.0,2.0,2.0,122.07,0,40.69,0.18
50670,0,7.0,Computer,1,9.0,Debit Card,Male,2.0,3,Laptop & Accessory,2,Single,1,0,17.0,1.0,1.0,4.0,177.56,0,88.78,0.12
50671,0,10.0,Phone,3,16.0,Debit Card,Female,2.0,4,Laptop & Accessory,2,Married,3,1,14.0,0.0,1.0,0.0,166.94,0,83.47,0.09
50672,1,0.0,Phone,1,10.0,Cash on Delivery,Male,2.0,3,Mobile Phone,2,Divorced,2,1,15.0,5.0,5.0,6.0,136.91,1,22.81833333333333,5.0
50673,1,0.0,Phone,1,14.0,Credit Card,Male,2.0,3,Mobile Phone,3,Married,2,0,20.0,1.0,1.0,0.0,123.77000000000001,0,61.885000000000005,1.0
50674,1,10.189899366380917,Phone,1,31.0,Credit Card,Male,2.0,4,Mobile Phone,4,Single,5,1,20.0,0.0,2.0,2.0,123.13,0,41.04333333333333,0.18
50675,0,15.0,Phone,1,8.0,Credit Card,Male,2.0,3,Grocery,5,Divorced,1,0,17.0,1.0,13.0,7.0,276.65,0,19.760714285714283,0.81
50676,1,0.0,Computer,1,14.0,Credit Card,Male,2.0,4,Mobile Phone,4,Married,2,0,15.0,0.0,1.0,0.0,125.96000000000001,0,62.980000000000004,1.0
50677,1,13.0,Computer,3,6.0,UPI,Male,2.0,3,Laptop & Accessory,3,Single,4,1,14.0,0.0,1.0,0.0,147.28,0,73.64,0.07
50678,0,6.0,Computer,3,13.0,Debit Card,Female,1.0,3,Laptop & Accessory,4,Divorced,1,0,17.0,1.0,1.0,2.0,143.02,0,71.51,0.14
50679,0,7.0,Computer,1,9.0,Debit Card,Male,2.9315348837209303,4,Mobile Phone,2,Divorced,4,0,17.0,1.0,1.0,0.0,129.79,0,64.895,0.12
50680,0,21.0,Computer,1,6.0,Credit Card,Male,2.0,1,Grocery,2,Single,3,0,22.0,1.0,2.0,1.0,268.85,0,89.61666666666667,0.09
50681,0,18.0,Computer,3,15.0,Debit Card,Female,3.0,4,Laptop & Accessory,3,Divorced,2,0,13.0,0.0,4.0,12.0,155.93,0,31.186,0.21
50682,0,25.0,Phone,1,13.0,Debit Card,Male,2.0,3,Fashion,4,Single,8,0,19.0,3.0,4.0,0.0,204.45,0,40.89,0.15
50683,0,11.0,Phone,3,16.0,E wallet,Male,3.0,4,Fashion,3,Married,1,1,14.0,2.0,2.0,7.0,187.4,0,62.46666666666667,0.17
50684,0,2.0,Phone,1,14.0,Debit Card,Female,3.0,3,Mobile Phone,2,Married,5,0,22.0,0.0,1.0,7.0,125.13999999999999,0,62.56999999999999,0.33
50685,0,1.0,Phone,1,9.0,Credit Card,Female,3.0,3,Fashion,4,Married,1,0,17.0,0.0,1.0,7.0,176.55,0,88.275,0.5
50686,0,19.0,Phone,3,9.0,E wallet,Male,2.0,3,Grocery,3,Divorced,4,0,12.0,1.0,4.0,9.0,274.65,0,54.92999999999999,0.2
50687,0,11.0,Phone,3,8.0,E wallet,Male,2.0,3,Fashion,4,Single,8,0,16.0,1.0,1.0,0.0,173.51,0,86.755,0.08
50688,0,16.0,Computer,1,33.0,Debit Card,Female,2.0,3,Fashion,5,Divorced,9,0,11.0,0.0,1.0,1.0,208.2,0,104.1,0.06
50689,1,2.0,Computer,1,8.0,Debit Card,Male,2.0,3,Grocery,2,Married,8,0,11.0,7.0,11.0,3.0,221.69,0,18.474166666666665,3.67
50690,0,13.0,Phone,1,20.0,Credit Card,Male,2.0,4,Others,3,Single,2,0,15.707921714818266,4.0,4.0,9.0,296.26,0,59.251999999999995,0.29
50691,0,10.189899366380917,Phone,1,6.0,Cash on Delivery,Female,3.0,4,Mobile Phone,4,Single,2,1,11.0,0.0,2.0,2.0,120.69999999999999,0,40.23333333333333,0.18
50692,0,12.0,Computer,1,15.0,Debit Card,Male,3.0,3,Laptop & Accessory,4,Single,21,0,15.0,1.0,1.0,3.0,167.82,0,83.91,0.08
50693,0,9.0,Computer,1,24.0,Debit Card,Male,3.0,3,Laptop & Accessory,2,Single,3,0,20.0,1.0,1.0,9.0,177.79,0,88.895,0.1
50694,0,4.0,Computer,3,26.0,Debit Card,Male,2.9315348837209303,1,Mobile Phone,2,Divorced,1,0,12.0,1.0,2.0,2.0,127.91,0,42.63666666666666,0.4
50695,0,1.0,Phone,1,8.0,Debit Card,Male,3.0,4,Mobile Phone,4,Divorced,1,0,17.0,0.0,1.0,4.0,132.01,0,66.005,0.5
50696,0,8.0,Computer,3,17.0,E wallet,Male,2.0,3,Laptop & Accessory,2,Married,2,0,11.0,0.0,1.0,2.0,149.68,0,74.84,0.11
50697,0,22.0,Phone,3,14.0,Cash on Delivery,Male,2.0,4,Grocery,4,Divorced,7,0,17.0,1.0,2.0,3.0,231.2,0,77.06666666666666,0.09
50698,0,7.0,Computer,1,8.0,Debit Card,Male,3.0,3,Laptop & Accessory,3,Single,3,0,11.0,1.0,1.0,2.0,140.33,0,70.165,0.12
50699,0,2.0,Computer,1,16.0,Debit Card,Female,3.0,3,Mobile Phone,4,Married,1,0,14.0,1.0,1.0,1.0,132.91,0,66.455,0.33
50700,0,15.0,Phone,1,35.0,Credit Card,Male,2.0,5,Laptop & Accessory,2,Single,5,0,19.0,1.0,1.0,0.0,142.72,0,71.36,0.06
50701,0,2.0,Phone,1,14.0,Credit Card,Male,3.0,4,Laptop & Accessory,2,Divorced,2,1,13.0,0.0,1.0,2.0,150.56,1,75.28,0.33
50702,0,11.0,Phone,2,6.0,UPI,Male,2.9315348837209303,1,Mobile Phone,3,Divorced,2,0,13.0,1.0,5.0,0.0,128.44,0,21.406666666666666,0.42
50703,0,4.0,Computer,1,12.0,Debit Card,Male,2.9315348837209303,4,Mobile Phone,3,Married,2,1,14.0,1.0,1.0,2.0,127.03,0,63.515,0.2
50704,1,10.189899366380917,Computer,1,14.0,Credit Card,Male,3.0,3,Mobile Phone,3,Single,2,0,12.0,0.0,1.0,0.0,119.03999999999999,0,59.519999999999996,0.09
50705,1,0.0,Phone,3,15.0,E wallet,Female,3.0,3,Laptop & Accessory,5,Single,1,1,17.0,0.0,1.0,3.0,182.24,1,91.12,1.0
50706,0,14.0,Phone,1,18.0,Debit Card,Male,2.0,3,Mobile Phone,2,Divorced,4,1,11.0,1.0,1.0,0.0,147.66,0,73.83,0.07
50707,1,0.0,Computer,1,14.0,Credit Card,Male,3.0,3,Mobile Phone,3,Divorced,2,0,12.0,2.0,2.0,2.0,126.1,0,42.03333333333333,2.0
50708,0,10.0,Phone,1,31.0,Credit Card,Female,2.0,4,Laptop & Accessory,2,Married,8,0,13.0,0.0,1.0,3.0,157.31,0,78.655,0.09
50709,0,0.0,Phone,1,14.0,Debit Card,Male,2.0,4,Mobile Phone,3,Divorced,2,0,13.0,2.0,2.0,2.0,125.38999999999999,0,41.79666666666666,2.0
50710,0,7.0,Phone,3,15.0,Debit Card,Female,3.0,3,Laptop & Accessory,3,Divorced,2,0,20.0,1.0,1.0,3.0,157.14,0,78.57,0.12
50711,0,8.0,Phone,2,14.0,Cash on Delivery,Male,3.0,3,Mobile Phone,3,Single,2,0,17.0,0.0,1.0,4.0,143.23,0,71.615,0.11
50712,1,0.0,Phone,3,29.0,Debit Card,Female,2.0,4,Fashion,5,Divorced,2,0,13.0,0.0,3.0,10.0,173.36,0,43.34,3.0
50713,0,13.0,Computer,1,15.0,Credit Card,Female,2.0,3,Fashion,3,Single,10,0,17.0,0.0,2.0,13.0,234.99,0,78.33,0.14
50714,1,5.0,Computer,3,18.0,Debit Card,Male,2.0,3,Grocery,5,Single,1,1,12.0,7.0,2.0,14.0,237.57999999999998,0,79.19333333333333,0.33
50715,0,15.0,Phone,3,10.0,E wallet,Male,2.0,3,Laptop & Accessory,5,Single,8,0,13.0,1.0,1.0,5.0,151.55,0,75.775,0.06
50716,0,10.189899366380917,Phone,1,6.0,Credit Card,Male,2.0,4,Mobile Phone,3,Divorced,7,0,12.0,1.0,1.0,7.0,122.58000000000001,0,61.290000000000006,0.09
50717,0,0.0,Phone,1,30.0,Credit Card,Male,2.0,3,Mobile Phone,4,Single,9,0,22.0,1.0,1.0,2.0,135.97,0,67.985,1.0
50718,1,0.0,Phone,1,14.0,Debit Card,Female,3.0,3,Mobile Phone,2,Divorced,2,1,11.0,1.0,1.0,0.0,125.15,1,62.575,1.0
50719,0,0.0,Phone,1,9.0,Credit Card,Male,2.0,1,Mobile Phone,2,Divorced,2,0,22.0,1.0,1.0,7.0,144.2,0,72.1,1.0
50720,0,3.0,Phone,3,16.0,E wallet,Male,3.0,4,Laptop & Accessory,3,Divorced,2,0,18.0,1.0,1.0,4.0,165.78,0,82.89,0.25
50721,0,13.0,Computer,1,32.0,Credit Card,Female,3.0,4,Laptop & Accessory,2,Divorced,4,1,13.0,1.0,1.0,0.0,144.22,0,72.11,0.07
50722,0,8.0,Phone,1,8.0,Debit Card,Male,2.0,4,Fashion,4,Married,3,0,18.0,6.0,6.0,4.0,202.74,0,28.962857142857143,0.67
50723,0,7.0,Computer,1,6.0,Credit Card,Male,3.0,4,Laptop & Accessory,5,Single,1,0,20.0,1.0,4.0,9.0,153.43,0,30.686,0.5
50724,0,8.0,Computer,1,14.0,UPI,Male,2.0,4,Mobile Phone,2,Divorced,2,0,13.0,2.0,2.0,2.0,123.75999999999999,0,41.25333333333333,0.22
50725,1,6.0,Phone,3,15.0,E wallet,Female,2.0,5,Laptop & Accessory,3,Single,9,0,13.0,1.0,1.0,3.0,153.46,0,76.73,0.14
50726,0,5.0,Computer,3,8.0,Debit Card,Female,2.9315348837209303,3,Mobile Phone,5,Married,2,0,12.0,0.0,1.0,0.0,128.27,0,64.135,0.17
50727,0,29.0,Phone,1,10.0,Cash on Delivery,Female,3.0,3,Others,5,Married,5,0,15.707921714818266,0.0,4.0,2.0,299.43,0,59.886,0.13
50728,0,2.0,Phone,1,12.0,Credit Card,Female,2.9315348837209303,3,Mobile Phone,2,Divorced,2,0,13.0,0.0,1.0,8.0,131.31,0,65.655,0.33
50729,0,0.0,Phone,1,14.0,Debit Card,Male,2.0,3,Mobile Phone,5,Single,2,0,25.0,0.0,1.0,0.0,125.52000000000001,0,62.760000000000005,1.0
50730,0,18.0,Phone,1,13.0,Credit Card,Female,2.0,3,Mobile Phone,3,Divorced,5,1,19.0,1.0,1.0,2.0,144.77,0,72.385,0.05
50731,0,10.0,Phone,1,6.0,Debit Card,Female,2.0,4,Laptop & Accessory,2,Divorced,2,0,13.0,3.0,3.0,11.0,164.74,0,41.185,0.27
50732,0,0.0,Phone,1,9.0,Debit Card,Male,2.9315348837209303,4,Mobile Phone,3,Single,2,0,12.0,0.0,1.0,2.0,130.33,0,65.165,1.0
50733,1,7.0,Phone,1,16.0,Debit Card,Male,2.9315348837209303,3,Mobile Phone,3,Single,2,1,11.0,1.0,1.0,2.0,129.36,0,64.68,0.12
50734,0,26.0,Phone,1,13.0,Credit Card,Female,2.0,3,Others,3,Married,4,0,18.0,1.0,4.0,7.0,286.06,0,57.212,0.15
50735,0,10.189899366380917,Phone,1,21.0,Debit Card,Female,3.0,5,Mobile Phone,2,Divorced,1,1,18.0,1.0,1.0,3.0,121.68,0,60.84,0.09
50736,1,0.0,Computer,1,9.0,Debit Card,Male,2.9315348837209303,4,Mobile Phone,2,Divorced,1,1,11.0,0.0,1.0,0.0,128.53,1,64.265,1.0
50737,0,19.0,Phone,3,8.0,E wallet,Female,3.0,3,Grocery,5,Divorced,9,0,23.0,1.0,15.0,9.0,270.48,0,16.905,0.75
50738,0,10.189899366380917,Computer,1,23.0,Debit Card,Male,3.0,5,Mobile Phone,3,Single,3,0,13.0,1.0,1.0,0.0,122.9,0,61.45,0.09
50739,0,6.0,Phone,2,8.0,UPI,Male,2.0,3,Mobile Phone,3,Divorced,2,0,13.0,0.0,1.0,4.0,136.0,0,68.0,0.14
50740,1,10.189899366380917,Computer,1,11.0,Debit Card,Male,3.0,4,Mobile Phone,5,Married,7,0,17.0,1.0,1.0,0.0,121.07,0,60.535,0.09
50741,0,3.0,Phone,3,35.0,Debit Card,Male,3.0,3,Laptop & Accessory,5,Married,9,0,19.0,1.0,1.0,3.0,141.15,0,70.575,0.25
50742,0,13.0,Computer,3,8.0,Credit Card,Male,3.0,3,Laptop & Accessory,4,Divorced,6,0,12.0,1.0,1.0,0.0,143.27,0,71.635,0.07
50743,0,23.0,Computer,1,8.0,Credit Card,Female,1.0,3,Grocery,5,Divorced,3,0,22.0,1.0,2.0,2.0,278.56,0,92.85333333333334,0.08
50744,0,1.0,Phone,1,25.0,Credit Card,Male,3.0,4,Mobile Phone,5,Divorced,2,0,12.0,1.0,3.0,3.0,131.96,0,32.99,1.5
50745,0,19.0,Phone,1,21.0,Debit Card,Male,2.0,3,Others,4,Divorced,6,0,11.0,1.0,1.0,3.0,290.81,0,145.405,0.05
50746,0,8.0,Phone,3,23.0,Debit Card,Male,3.0,3,Laptop & Accessory,5,Divorced,4,1,15.0,1.0,1.0,7.0,189.66,0,94.83,0.11
50747,1,10.189899366380917,Phone,1,23.0,Debit Card,Female,3.0,3,Mobile Phone,4,Divorced,2,0,13.0,0.0,1.0,0.0,122.1,0,61.05,0.09
50748,0,6.0,Computer,3,31.0,Credit Card,Female,2.0,3,Laptop & Accessory,3,Divorced,2,0,12.0,0.0,1.0,1.0,145.39,0,72.695,0.14
50749,0,9.0,Phone,1,12.0,Debit Card,Male,2.9315348837209303,5,Mobile Phone,3,Married,2,0,14.0,0.0,1.0,7.0,127.41,0,63.705,0.1
50750,0,3.0,Phone,1,13.0,Debit Card,Male,2.0,3,Laptop & Accessory,3,Married,2,0,13.0,8.0,8.0,9.0,134.91,0,14.99,2.0
50751,0,17.0,Phone,1,35.0,UPI,Male,2.0,3,Laptop & Accessory,2,Single,2,0,25.0,1.0,1.0,17.0,145.41,0,72.705,0.06
50752,0,0.0,Phone,3,27.0,E wallet,Male,2.9315348837209303,1,Mobile Phone,2,Single,2,0,17.0,0.0,2.0,2.0,126.78,0,42.26,2.0
50753,0,19.0,Phone,1,8.0,Cash on Delivery,Male,2.0,3,Laptop & Accessory,2,Married,3,0,11.0,1.0,1.0,4.0,173.79,0,86.895,0.05
50754,0,15.0,Computer,2,8.0,Credit Card,Male,3.0,1,Laptop & Accessory,5,Divorced,8,0,16.0,0.0,1.0,3.0,162.72,0,81.36,0.06
50755,0,30.0,Phone,3,13.0,E wallet,Male,2.0,1,Laptop & Accessory,2,Married,1,1,18.0,0.0,1.0,9.0,152.2,0,76.1,0.03
50756,0,5.0,Computer,1,19.0,UPI,Female,2.9315348837209303,4,Mobile Phone,4,Divorced,2,0,20.0,0.0,2.0,2.0,127.43,0,42.47666666666667,0.33
50757,0,5.0,Computer,1,8.0,Debit Card,Female,2.0,3,Laptop & Accessory,3,Single,5,1,14.0,1.0,1.0,7.0,149.98,0,74.99,0.17
50758,0,9.0,Phone,1,6.0,Cash on Delivery,Female,3.0,5,Fashion,5,Married,3,1,21.0,5.0,7.0,7.0,202.52,0,25.315,0.7
50759,0,6.0,Phone,1,15.0,Credit Card,Male,2.9315348837209303,3,Mobile Phone,2,Divorced,1,0,13.0,1.0,4.0,10.0,127.81,0,25.562,0.57
50760,0,13.0,Phone,3,16.0,Cash on Delivery,Female,2.0,4,Laptop & Accessory,4,Married,8,0,12.0,1.0,1.0,3.0,168.52,0,84.26,0.07
50761,0,0.0,Phone,3,16.0,Debit Card,Male,2.0,3,Laptop & Accessory,2,Single,1,0,14.0,0.0,1.0,1.0,149.5,0,74.75,1.0
50762,0,3.0,Phone,1,6.0,Credit Card,Male,3.0,3,Mobile Phone,4,Divorced,1,1,21.0,1.0,5.0,7.0,135.79,1,22.631666666666664,1.25
50763,0,15.0,Computer,1,32.0,Credit Card,Female,2.0,3,Fashion,5,Divorced,4,1,17.0,0.0,2.0,0.0,231.91000000000003,0,77.30333333333334,0.12
50764,0,8.0,Computer,3,14.0,E wallet,Female,3.0,4,Fashion,2,Divorced,5,1,11.0,2.0,4.0,12.0,203.77,0,40.754000000000005,0.44
50765,0,10.189899366380917,Phone,1,20.0,Debit Card,Male,2.0,3,Mobile Phone,5,Divorced,2,1,14.0,2.0,6.0,8.0,122.35,0,17.478571428571428,0.54
50766,0,27.0,Computer,1,6.0,Debit Card,Female,2.0,3,Fashion,3,Married,8,0,17.0,1.0,1.0,4.0,205.02,0,102.51,0.04
50767,0,10.189899366380917,Phone,1,8.0,Debit Card,Female,3.0,1,Mobile Phone,2,Divorced,2,0,13.0,6.0,7.0,7.0,120.11000000000001,0,15.013750000000002,0.63
50768,1,10.189899366380917,Computer,1,16.0,Credit Card,Female,3.0,4,Mobile Phone,4,Single,2,1,25.0,1.0,1.0,0.0,118.59,0,59.295,0.09
50769,0,2.0,Phone,1,6.0,Debit Card,Female,3.0,3,Mobile Phone,2,Married,2,0,15.0,0.0,1.0,2.0,137.6,0,68.8,0.33
50770,0,27.0,Phone,1,9.0,Debit Card,Male,2.0,3,Grocery,2,Divorced,4,0,14.0,1.0,1.0,9.0,277.79,0,138.895,0.04
50771,0,4.0,Phone,1,17.0,Credit Card,Male,3.0,3,Laptop & Accessory,5,Divorced,2,1,12.0,0.0,1.0,1.0,168.33,0,84.165,0.2
50772,0,4.0,Phone,1,30.0,Credit Card,Female,3.0,4,Laptop & Accessory,5,Single,2,0,19.0,0.0,1.0,8.0,168.12,0,84.06,0.2
50773,0,30.0,Phone,3,9.0,Debit Card,Female,2.0,4,Laptop & Accessory,2,Single,6,0,17.0,0.0,1.0,5.0,151.71,0,75.855,0.03
50774,0,16.0,Phone,1,9.0,Debit Card,Male,3.0,5,Others,2,Divorced,4,0,15.707921714818266,1.0,1.0,7.0,297.4,0,148.7,0.06
50775,0,22.0,Phone,1,10.0,Credit Card,Male,2.0,4,Others,3,Divorced,3,0,13.0,1.0,1.0,0.0,287.11,0,143.555,0.04
50776,0,9.0,Computer,1,9.0,Cash on Delivery,Male,2.0,3,Mobile Phone,4,Divorced,2,0,12.0,1.0,1.0,7.0,136.92,0,68.46,0.1
50777,0,21.0,Phone,1,14.0,Cash on Delivery,Male,3.0,1,Mobile Phone,4,Single,6,0,11.0,0.0,1.0,0.0,125.59,0,62.795,0.05
50778,0,0.0,Phone,1,14.0,Debit Card,Male,3.0,3,Mobile Phone,3,Married,2,0,11.0,1.0,1.0,3.0,125.16999999999999,0,62.584999999999994,1.0
50779,0,2.0,Phone,1,13.0,Debit Card,Male,2.0,3,Laptop & Accessory,2,Married,2,1,11.0,0.0,1.0,0.0,166.23,1,83.115,0.33
50780,0,21.0,Phone,1,6.0,Debit Card,Male,3.0,4,Others,2,Single,7,0,12.0,1.0,1.0,0.0,282.65,0,141.325,0.05
50781,0,2.0,Phone,1,6.0,Debit Card,Female,2.0,4,Grocery,2,Married,4,0,14.0,1.0,1.0,7.0,261.24,0,130.62,0.33
50782,0,7.0,Phone,1,14.0,Cash on Delivery,Female,2.0,1,Mobile Phone,3,Divorced,1,0,17.0,1.0,1.0,0.0,125.85,0,62.925,0.12
50783,0,17.0,Phone,3,11.0,E wallet,Male,2.0,3,Others,4,Divorced,8,0,11.0,1.0,3.0,10.0,282.13,0,70.5325,0.17
50784,0,6.0,Phone,3,16.0,E wallet,Male,2.0,1,Fashion,3,Married,1,1,14.0,1.0,1.0,8.0,183.8,0,91.9,0.14
50785,0,0.0,Phone,1,31.0,Debit Card,Female,2.9315348837209303,1,Mobile Phone,2,Single,2,1,12.0,1.0,1.0,1.0,129.94,1,64.97,1.0
50786,0,10.189899366380917,Phone,1,6.0,Debit Card,Male,2.0,3,Mobile Phone,3,Divorced,2,0,22.0,0.0,1.0,1.0,112.22999999999999,0,56.114999999999995,0.09
50787,1,0.0,Computer,3,30.0,Debit Card,Male,3.0,5,Mobile Phone,2,Single,2,1,14.0,1.0,1.0,0.0,111.18,1,55.59,1.0
50788,0,0.0,Phone,1,10.0,Debit Card,Male,2.9315348837209303,3,Mobile Phone,2,Single,2,1,20.0,0.0,2.0,2.0,128.75,1,42.916666666666664,2.0
50789,1,8.0,Phone,3,8.0,E wallet,Female,3.0,5,Others,4,Single,3,1,16.0,1.0,1.0,11.0,288.24,0,144.12,0.11
50790,0,28.0,Computer,1,14.0,Credit Card,Male,2.0,4,Grocery,4,Married,2,1,15.0,3.0,2.0,0.0,235.76999999999998,0,78.58999999999999,0.07
50791,1,0.0,Computer,1,14.0,Debit Card,Female,2.0,4,Mobile Phone,3,Single,2,0,20.0,2.0,2.0,2.0,126.25,0,42.083333333333336,2.0
50792,0,19.0,Phone,3,10.0,E wallet,Female,2.0,4,Others,4,Divorced,3,0,14.0,1.0,1.0,8.0,287.89,0,143.945,0.05
50793,0,7.0,Phone,3,8.0,E wallet,Female,2.0,3,Laptop & Accessory,5,Single,1,1,12.0,1.0,1.0,2.0,145.38,0,72.69,0.12
50794,0,24.0,Computer,3,15.0,Debit Card,Male,2.0,3,Others,4,Married,5,1,15.707921714818266,2.0,11.0,10.0,298.47,0,24.872500000000002,0.44
50795,0,30.0,Phone,1,24.0,Credit Card,Male,3.0,3,Fashion,2,Single,7,0,12.0,1.0,5.0,4.0,205.12,0,34.18666666666667,0.16
50796,0,7.0,Computer,1,25.0,Credit Card,Female,2.0,3,Laptop & Accessory,4,Married,5,0,13.0,3.0,5.0,10.0,144.44,0,24.073333333333334,0.62
50797,0,10.189899366380917,Computer,1,6.0,Credit Card,Male,2.0,3,Mobile Phone,3,Single,1,1,11.0,0.0,1.0,2.0,121.53999999999999,0,60.769999999999996,0.09
50798,0,17.0,Phone,1,10.0,Debit Card,Male,3.0,1,Others,5,Married,2,0,14.0,1.0,14.0,13.0,291.9,0,19.459999999999997,0.78
50799,0,7.0,Computer,2,17.0,Debit Card,Male,2.0,4,Laptop & Accessory,4,Divorced,5,0,11.0,0.0,1.0,8.0,144.9,0,72.45,0.12
50800,0,8.0,Phone,1,12.0,Debit Card,Male,3.0,3,Mobile Phone,3,Divorced,1,1,14.0,1.0,2.0,2.0,135.06,0,45.02,0.22
50801,0,15.0,Phone,1,14.0,Credit Card,Female,3.0,1,Laptop & Accessory,4,Divorced,7,1,16.0,0.0,1.0,0.0,123.72,0,61.86,0.06
50802,0,16.0,Phone,3,10.0,E wallet,Female,2.0,4,Fashion,2,Single,4,0,14.0,10.0,15.0,17.0,202.31,0,12.644375,0.88
50803,0,9.0,Phone,1,8.0,Debit Card,Female,2.0,3,Laptop & Accessory,4,Single,10,1,11.0,4.0,5.0,12.0,154.1,0,25.683333333333334,0.5
50804,1,7.0,Phone,1,21.0,Credit Card,Female,3.0,3,Fashion,2,Divorced,2,0,11.0,0.0,1.0,5.0,179.78,0,89.89,0.12
50805,0,1.0,Computer,1,8.0,Debit Card,Male,2.0,4,Mobile Phone,2,Divorced,2,1,12.0,2.0,2.0,2.0,138.67,1,46.22333333333333,1.0
50806,0,24.0,Computer,1,12.0,Credit Card,Female,2.9315348837209303,4,Mobile Phone,3,Single,1,0,14.0,7.0,7.0,7.0,128.38,0,16.0475,0.28
50807,0,3.0,Computer,1,15.0,Credit Card,Female,3.0,3,Laptop & Accessory,3,Single,8,1,18.0,1.0,1.0,7.0,146.95,1,73.475,0.25
50808,1,0.0,Phone,1,13.0,Cash on Delivery,Female,2.0,3,Mobile Phone,3,Married,4,1,13.0,1.0,7.0,7.0,133.39,1,16.67375,7.0
50809,0,10.189899366380917,Phone,1,6.0,Cash on Delivery,Male,2.0,3,Mobile Phone,5,Single,3,0,11.0,0.0,1.0,2.0,120.80000000000001,0,60.400000000000006,0.09
50810,0,10.189899366380917,Phone,1,6.0,Credit Card,Female,2.0,3,Mobile Phone,4,Single,2,0,18.0,1.0,2.0,1.0,120.96000000000001,0,40.32,0.18
50811,0,5.0,Phone,3,14.0,Credit Card,Male,2.0,1,Laptop & Accessory,2,Divorced,2,0,15.0,0.0,1.0,8.0,162.09,0,81.045,0.17
50812,0,18.0,Computer,1,31.0,Credit Card,Female,2.0,3,Others,4,Single,4,0,22.0,1.0,1.0,0.0,280.61,0,140.305,0.05
50813,0,12.0,Phone,1,19.0,Credit Card,Female,3.0,4,Grocery,4,Married,7,1,13.0,1.0,15.0,2.0,271.23,0,16.951875,1.15
50814,0,30.0,Phone,1,14.0,Debit Card,Male,2.0,3,Mobile Phone,3,Married,2,0,12.0,2.0,2.0,2.0,123.72,0,41.24,0.06
50815,1,0.0,Phone,1,13.0,Debit Card,Male,3.0,3,Laptop & Accessory,3,Divorced,2,0,18.0,1.0,1.0,1.0,148.83,0,74.415,1.0
50816,1,2.0,Phone,1,29.0,Credit Card,Male,3.0,3,Mobile Phone,5,Single,1,0,13.0,0.0,1.0,3.0,139.04,0,69.52,0.33
50817,0,3.0,Phone,1,12.0,Cash on Delivery,Female,2.0,4,Laptop & Accessory,2,Divorced,1,0,12.0,5.0,6.0,7.0,146.27,0,20.895714285714288,1.5
50818,0,9.0,Phone,1,16.0,Cash on Delivery,Female,3.0,3,Fashion,3,Divorced,4,0,12.0,0.0,1.0,7.0,170.94,0,85.47,0.1
50819,0,19.0,Phone,2,6.0,Debit Card,Female,2.0,3,Mobile Phone,5,Single,7,0,12.0,3.0,5.0,7.0,134.23,0,22.371666666666666,0.25
50820,0,1.0,Computer,1,6.0,Debit Card,Female,2.0,5,Laptop & Accessory,2,Divorced,1,0,11.0,7.0,7.0,5.0,166.74,0,20.8425,3.5
50821,0,23.0,Phone,1,34.0,Debit Card,Female,2.0,3,Grocery,5,Divorced,5,1,11.0,1.0,1.0,2.0,268.8,0,134.4,0.04
50822,1,3.0,Phone,3,31.0,E wallet,Male,2.0,4,Fashion,4,Single,3,1,12.0,0.0,1.0,0.0,190.94,1,95.47,0.25
50823,1,15.0,Phone,3,11.0,Debit Card,Male,3.0,3,Fashion,4,Single,10,1,19.0,5.0,7.0,7.0,184.46,0,23.0575,0.44
50824,0,3.0,Phone,1,23.0,Credit Card,Female,3.0,3,Fashion,5,Divorced,2,1,23.0,0.0,1.0,3.0,219.16000000000003,1,109.58000000000001,0.25
50825,0,12.0,Phone,1,24.0,Debit Card,Male,2.0,3,Laptop & Accessory,3,Single,1,0,11.0,0.0,1.0,7.0,145.34,0,72.67,0.08
50826,0,4.0,Computer,3,8.0,Debit Card,Female,2.0,3,Fashion,3,Married,2,1,19.0,3.0,9.0,6.0,198.52,0,19.852,1.8
50827,0,14.0,Computer,3,16.0,Credit Card,Male,2.0,5,Laptop & Accessory,4,Single,2,0,13.0,3.0,11.0,9.0,161.51,0,13.459166666666667,0.73
50828,1,10.189899366380917,Computer,3,6.0,Debit Card,Female,2.0,3,Mobile Phone,4,Single,2,1,11.0,1.0,2.0,2.0,123.02000000000001,0,41.00666666666667,0.18
50829,1,7.0,Phone,1,14.0,Debit Card,Male,2.0,3,Mobile Phone,5,Divorced,5,0,12.0,1.0,1.0,2.0,123.62,0,61.81,0.12
50830,0,15.0,Computer,1,8.0,Debit Card,Male,2.0,3,Grocery,3,Divorced,1,1,13.0,1.0,2.0,10.0,278.61,0,92.87,0.12
50831,0,28.0,Phone,1,8.0,Credit Card,Female,2.0,5,Others,3,Divorced,5,0,14.0,1.0,9.0,11.0,291.87,0,29.187,0.31
50832,0,29.0,Phone,2,14.0,Debit Card,Male,2.0,3,Others,4,Single,7,0,15.707921714818266,1.0,7.0,7.0,297.17,0,37.14625,0.23
50833,0,13.0,Computer,1,22.0,Debit Card,Male,3.0,3,Mobile Phone,3,Married,10,0,16.0,1.0,1.0,0.0,135.44,0,67.72,0.07
50834,0,7.0,Phone,1,15.0,Debit Card,Male,2.0,3,Fashion,2,Married,1,0,11.0,1.0,1.0,6.0,185.0,0,92.5,0.12
50835,0,13.0,Phone,1,8.0,Debit Card,Male,3.0,3,Laptop & Accessory,2,Single,2,0,13.0,3.0,8.0,8.0,146.61,0,16.290000000000003,0.57
50836,0,14.0,Computer,3,6.0,E wallet,Female,3.0,3,Laptop & Accessory,5,Married,1,0,17.0,0.0,1.0,7.0,141.03,0,70.515,0.07
50837,0,8.0,Computer,1,10.0,Debit Card,Male,2.0,3,Laptop & Accessory,3,Single,2,1,11.0,1.0,1.0,1.0,142.49,0,71.245,0.11
50838,0,24.0,Phone,2,11.0,Debit Card,Male,2.0,3,Grocery,4,Married,2,1,11.0,1.0,2.0,10.0,240.26,0,80.08666666666666,0.08
50839,0,11.0,Phone,3,8.0,Debit Card,Female,2.0,3,Laptop & Accessory,5,Married,4,0,15.0,0.0,1.0,7.0,168.93,0,84.465,0.08
50840,0,7.0,Phone,3,21.0,Credit Card,Female,3.0,3,Laptop & Accessory,5,Single,2,0,12.0,1.0,9.0,6.0,161.25,0,16.125,1.12
50841,0,0.0,Phone,1,25.0,Credit Card,Male,3.0,3,Mobile Phone,2,Divorced,4,0,11.0,1.0,1.0,2.0,136.69,0,68.345,1.0
50842,1,20.0,Phone,1,13.0,Credit Card,Female,2.0,4,Fashion,5,Divorced,8,1,14.0,4.0,5.0,9.0,200.08,0,33.34666666666667,0.24
50843,0,13.0,Phone,1,14.0,Debit Card,Male,2.0,3,Mobile Phone,4,Divorced,4,0,22.0,1.0,1.0,3.0,123.87,0,61.935,0.07
50844,0,9.0,Computer,3,13.0,E wallet,Female,2.0,1,Laptop & Accessory,5,Divorced,3,0,16.0,5.0,6.0,13.0,146.39,0,20.912857142857142,0.6
50845,0,21.0,Phone,1,10.0,Debit Card,Male,2.0,3,Fashion,2,Single,2,0,11.0,1.0,1.0,8.0,178.98,0,89.49,0.05
50846,0,0.0,Phone,3,14.0,Credit Card,Female,3.0,1,Mobile Phone,2,Divorced,9,0,14.0,1.0,1.0,0.0,125.34,0,62.67,1.0
50847,0,24.0,Phone,1,17.0,Cash on Delivery,Female,2.0,4,Grocery,4,Single,4,0,16.0,0.0,1.0,3.0,231.42000000000002,0,115.71000000000001,0.04
50848,0,10.189899366380917,Computer,1,6.0,Debit Card,Female,3.0,3,Mobile Phone,2,Single,2,0,15.0,1.0,1.0,0.0,116.11000000000001,0,58.05500000000001,0.09
50849,0,8.0,Phone,1,6.0,Credit Card,Female,2.0,4,Laptop & Accessory,2,Divorced,1,0,12.0,1.0,1.0,0.0,153.63,0,76.815,0.11
50850,0,0.0,Computer,3,8.0,Debit Card,Male,2.0,5,Laptop & Accessory,2,Single,4,0,20.0,1.0,1.0,0.0,150.71,0,75.355,1.0
50851,1,18.0,Phone,3,19.0,E wallet,Male,2.0,1,Grocery,3,Single,7,1,17.0,2.0,2.0,8.0,236.95,0,78.98333333333333,0.11
50852,0,29.0,Phone,1,29.0,Debit Card,Male,3.0,3,Grocery,4,Divorced,5,1,12.0,11.0,2.0,9.0,234.01999999999998,0,78.00666666666666,0.07
50853,0,10.189899366380917,Computer,1,32.0,Cash on Delivery,Female,3.0,4,Mobile Phone,3,Married,2,0,20.0,1.0,1.0,0.0,120.28999999999999,0,60.144999999999996,0.09
50854,0,13.0,Phone,1,8.0,Credit Card,Female,2.0,1,Laptop & Accessory,3,Married,6,0,20.0,5.0,11.0,8.0,163.77,0,13.6475,0.79
50855,0,7.0,Phone,1,35.0,Credit Card,Male,2.0,3,Laptop & Accessory,3,Divorced,5,0,13.0,0.0,7.0,7.0,154.29,0,19.28625,0.88
50856,1,0.0,Computer,3,8.0,Debit Card,Female,2.9315348837209303,4,Mobile Phone,2,Single,8,0,14.0,0.0,1.0,0.0,127.85,0,63.925,1.0
50857,1,0.0,Computer,3,24.0,E wallet,Female,3.0,3,Laptop & Accessory,3,Divorced,1,1,18.0,3.0,3.0,2.0,146.14,1,36.535,3.0
50858,0,11.0,Computer,1,14.0,Debit Card,Male,2.0,1,Mobile Phone,3,Married,2,0,11.0,0.0,1.0,3.0,126.1,0,63.05,0.08
50859,0,7.0,Phone,1,8.0,Cash on Delivery,Female,3.0,3,Laptop & Accessory,2,Single,2,0,11.0,1.0,4.0,11.0,166.87,0,33.374,0.5
50860,0,1.0,Phone,3,32.0,Debit Card,Male,2.0,4,Laptop & Accessory,5,Divorced,2,0,11.0,1.0,1.0,4.0,147.24,0,73.62,0.5
50861,1,0.0,Phone,1,28.0,Credit Card,Male,3.0,3,Laptop & Accessory,3,Divorced,2,1,15.0,3.0,6.0,7.0,161.79,1,23.11285714285714,6.0
50862,0,12.0,Phone,3,27.0,Debit Card,Male,2.0,4,Laptop & Accessory,2,Divorced,4,1,12.0,0.0,1.0,4.0,161.2,0,80.6,0.08
50863,0,24.0,Computer,3,8.0,E wallet,Male,2.0,3,Fashion,4,Divorced,3,0,11.0,0.0,3.0,2.0,205.96,0,51.49,0.12
50864,0,14.0,Computer,1,28.0,Debit Card,Female,3.0,3,Laptop & Accessory,2,Married,4,1,14.0,0.0,3.0,3.0,154.67,0,38.6675,0.2
50865,0,10.0,Phone,1,10.0,Debit Card,Male,2.9315348837209303,3,Mobile Phone,3,Divorced,8,1,15.0,1.0,1.0,3.0,129.96,0,64.98,0.09
50866,0,6.0,Computer,3,11.0,Debit Card,Male,3.0,3,Laptop & Accessory,2,Divorced,7,0,13.0,1.0,1.0,2.0,199.98,0,99.99,0.14
50867,0,5.0,Phone,3,8.0,E wallet,Male,2.0,3,Laptop & Accessory,4,Divorced,1,1,13.0,0.0,1.0,2.0,140.78,0,70.39,0.17
50868,0,12.0,Computer,1,31.0,Debit Card,Male,3.0,3,Fashion,3,Divorced,4,0,21.0,0.0,1.0,5.0,209.2,0,104.6,0.08
50869,0,0.0,Phone,3,24.0,Debit Card,Male,3.0,1,Laptop & Accessory,3,Divorced,3,0,11.0,0.0,1.0,2.0,162.32,0,81.16,1.0
50870,0,25.0,Computer,1,34.0,Credit Card,Female,2.0,1,Grocery,3,Divorced,3,1,11.0,0.0,2.0,2.0,232.47000000000003,0,77.49000000000001,0.08
50871,0,16.0,Phone,1,12.0,Credit Card,Female,3.0,4,Laptop & Accessory,3,Single,2,1,14.0,1.0,1.0,8.0,140.81,0,70.405,0.06
50872,0,0.0,Phone,3,16.0,E wallet,Female,3.0,4,Laptop & Accessory,2,Divorced,2,1,11.0,2.0,4.0,4.0,157.69,1,31.538,4.0
50873,1,0.0,Phone,1,14.0,Debit Card,Female,2.0,3,Mobile Phone,3,Single,2,1,13.0,3.0,7.0,7.0,123.94,1,15.4925,7.0
50874,0,0.0,Phone,1,8.0,Credit Card,Male,2.0,4,Mobile Phone,2,Single,1,0,12.0,0.0,1.0,1.0,139.04,0,69.52,1.0
50875,0,15.0,Phone,2,16.0,UPI,Female,2.0,3,Grocery,5,Divorced,1,0,14.0,1.0,1.0,9.0,267.99,0,133.995,0.06
50876,0,25.0,Phone,1,14.0,UPI,Female,2.9315348837209303,3,Mobile Phone,5,Divorced,10,0,13.0,1.0,1.0,4.0,129.5,0,64.75,0.04
50877,0,10.0,Phone,1,17.0,Credit Card,Female,3.0,3,Mobile Phone,3,Single,5,0,18.0,0.0,1.0,2.0,136.29,0,68.145,0.09
50878,0,8.0,Computer,1,24.0,Debit Card,Male,2.0,3,Fashion,2,Single,3,0,11.0,0.0,2.0,2.0,193.62,0,64.54,0.22
50879,0,0.0,Phone,1,6.0,Cash on Delivery,Male,2.0,3,Mobile Phone,2,Divorced,5,0,11.0,1.0,1.0,2.0,132.29,0,66.145,1.0
50880,0,0.0,Phone,1,13.0,UPI,Male,3.0,1,Mobile Phone,5,Single,1,0,12.0,1.0,1.0,7.0,135.78,0,67.89,1.0
50881,0,2.0,Phone,2,23.0,UPI,Male,2.0,4,Fashion,5,Single,2,0,13.0,0.0,1.0,9.0,179.88,0,89.94,0.33
50882,1,0.0,Computer,1,34.0,Debit Card,Male,3.0,4,Laptop & Accessory,5,Single,4,0,20.0,0.0,1.0,3.0,142.84,0,71.42,1.0
50883,1,0.0,Computer,1,20.0,UPI,Female,2.0,3,Fashion,2,Single,1,1,12.0,2.0,7.0,7.0,175.53,1,21.94125,7.0
50884,0,27.0,Phone,1,6.0,Credit Card,Female,2.0,3,Grocery,2,Single,7,0,19.0,1.0,12.0,7.0,273.28,0,21.02153846153846,0.43
50885,0,30.0,Phone,1,6.0,Credit Card,Female,3.0,3,Others,5,Divorced,4,1,15.707921714818266,1.0,1.0,5.0,297.01,0,148.505,0.03
50886,0,28.0,Phone,1,6.0,Credit Card,Male,2.0,1,Grocery,2,Married,3,0,13.0,1.0,2.0,0.0,247.32,0,82.44,0.07
50887,0,9.0,Phone,3,9.0,E wallet,Female,2.0,3,Laptop & Accessory,4,Single,4,1,16.0,0.0,1.0,1.0,192.78,0,96.39,0.1
50888,1,10.189899366380917,Computer,3,6.0,Debit Card,Female,2.0,5,Mobile Phone,3,Single,2,0,12.0,1.0,1.0,0.0,113.59,0,56.795,0.09
50889,0,3.0,Phone,3,13.0,E wallet,Female,3.0,3,Laptop & Accessory,5,Married,8,0,14.0,1.0,1.0,2.0,147.79,0,73.895,0.25
50890,0,4.0,Phone,1,14.0,Debit Card,Female,3.0,3,Grocery,4,Single,4,0,11.0,1.0,1.0,0.0,264.22,0,132.11,0.2
50891,0,7.0,Computer,1,6.0,UPI,Male,2.9315348837209303,3,Mobile Phone,5,Married,6,0,14.0,1.0,1.0,3.0,129.96,0,64.98,0.12
50892,1,10.189899366380917,Phone,1,14.0,Debit Card,Female,2.0,4,Mobile Phone,4,Single,2,0,12.0,0.0,1.0,0.0,112.61000000000001,0,56.30500000000001,0.09
50893,0,10.189899366380917,Phone,1,17.0,Debit Card,Male,3.0,3,Mobile Phone,5,Divorced,1,0,14.0,1.0,1.0,4.0,120.99000000000001,0,60.495000000000005,0.09
50894,0,9.0,Phone,1,10.0,Debit Card,Male,2.0,4,Laptop & Accessory,2,Single,2,0,16.0,1.0,1.0,8.0,158.1,0,79.05,0.1
50895,0,9.0,Phone,3,22.0,E wallet,Female,3.0,4,Laptop & Accessory,5,Divorced,5,0,13.0,1.0,1.0,2.0,156.47,0,78.235,0.1
50896,0,20.0,Phone,1,6.0,Cash on Delivery,Male,3.0,3,Mobile Phone,2,Divorced,8,0,12.0,1.0,1.0,2.0,134.2,0,67.1,0.05
50897,1,0.0,Phone,3,15.0,Debit Card,Male,3.0,4,Mobile Phone,5,Divorced,4,0,12.0,1.0,2.0,2.0,144.0,0,48.0,2.0
50898,0,10.0,Computer,1,11.0,Cash on Delivery,Male,2.0,1,Mobile Phone,3,Single,1,0,14.0,1.0,1.0,3.0,135.0,0,67.5,0.09
50899,0,10.189899366380917,Phone,1,6.0,Debit Card,Female,2.0,3,Mobile Phone,5,Divorced,3,0,22.0,1.0,1.0,0.0,120.66,0,60.33,0.09
50900,0,20.0,Phone,1,8.0,Credit Card,Female,2.0,3,Grocery,3,Divorced,4,0,19.0,1.0,5.0,6.0,271.69,0,45.281666666666666,0.24
50901,0,0.0,Phone,3,10.0,Credit Card,Female,2.0,3,Laptop & Accessory,3,Divorced,2,1,12.0,1.0,1.0,3.0,141.62,1,70.81,1.0
50902,0,5.0,Phone,3,13.0,E wallet,Male,3.0,3,Laptop & Accessory,2,Divorced,5,0,12.0,1.0,1.0,3.0,192.04,0,96.02,0.17
50903,0,7.0,Phone,1,6.0,Debit Card,Female,2.0,4,Mobile Phone,4,Divorced,6,0,17.0,1.0,1.0,2.0,132.94,0,66.47,0.12
50904,0,10.189899366380917,Phone,1,11.0,Credit Card,Male,2.0,1,Mobile Phone,3,Divorced,3,1,12.0,1.0,1.0,3.0,121.27000000000001,0,60.635000000000005,0.09
50905,0,13.0,Computer,1,15.0,UPI,Male,2.0,3,Laptop & Accessory,3,Married,4,0,11.0,1.0,1.0,7.0,139.75,0,69.875,0.07
50906,0,4.0,Phone,3,14.0,Debit Card,Male,2.0,3,Fashion,2,Married,2,0,18.0,2.0,9.0,9.0,207.93,0,20.793,1.8
50907,1,9.0,Phone,3,15.0,E wallet,Male,2.0,3,Fashion,1,Married,5,0,11.0,0.0,4.0,3.0,200.96,0,40.192,0.4
50908,1,2.0,Computer,1,8.0,Debit Card,Female,2.0,4,Mobile Phone,5,Single,3,1,23.0,0.0,1.0,0.0,136.46,1,68.23,0.33
50909,1,0.0,Computer,1,6.0,Debit Card,Female,3.0,1,Fashion,4,Single,2,0,11.0,3.0,4.0,7.0,174.46,0,34.892,4.0
50910,0,18.0,Phone,1,26.0,Credit Card,Male,3.0,5,Fashion,5,Married,3,1,18.0,0.0,1.0,7.0,208.51,0,104.255,0.05
50911,0,10.189899366380917,Phone,2,14.0,Credit Card,Female,3.0,1,Mobile Phone,4,Single,10,0,18.0,0.0,1.0,2.0,121.09,0,60.545,0.09
50912,1,0.0,Computer,1,8.0,Debit Card,Male,3.0,3,Mobile Phone,1,Divorced,7,1,13.0,2.0,2.0,2.0,137.22,1,45.74,2.0
50913,0,18.0,Phone,1,35.0,Cash on Delivery,Male,2.0,3,Fashion,1,Divorced,5,1,18.0,1.0,1.0,2.0,193.8,0,96.9,0.05
50914,0,21.0,Phone,3,13.0,E wallet,Male,3.0,3,Laptop & Accessory,5,Married,5,0,11.0,1.0,2.0,2.0,154.86,0,51.620000000000005,0.09
50915,1,0.0,Phone,2,15.0,Cash on Delivery,Female,2.9315348837209303,3,Mobile Phone,3,Divorced,2,0,15.0,1.0,2.0,2.0,127.41999999999999,0,42.47333333333333,2.0
50916,0,13.0,Computer,1,14.0,Credit Card,Male,2.0,4,Fashion,4,Married,3,0,11.0,1.0,2.0,8.0,237.57,0,79.19,0.14
50917,0,1.0,Phone,3,11.0,Credit Card,Male,2.0,3,Laptop & Accessory,5,Single,1,0,18.0,1.0,1.0,3.0,184.63,0,92.315,0.5
50918,0,17.0,Computer,1,11.0,Debit Card,Male,2.9315348837209303,4,Mobile Phone,3,Single,4,0,14.0,0.0,1.0,3.0,131.62,0,65.81,0.06
50919,0,26.0,Phone,1,8.0,Credit Card,Male,2.0,1,Grocery,4,Single,5,0,12.0,1.0,8.0,8.0,265.98,0,29.553333333333335,0.3
50920,0,22.0,Phone,1,11.0,Cash on Delivery,Male,3.0,3,Laptop & Accessory,3,Divorced,3,0,14.0,0.0,1.0,2.0,166.51,0,83.255,0.04
50921,0,13.0,Phone,1,14.0,Credit Card,Male,3.0,3,Mobile Phone,3,Married,3,0,14.0,0.0,1.0,2.0,123.44999999999999,0,61.724999999999994,0.07
50922,0,17.0,Phone,1,26.0,Debit Card,Male,2.0,3,Mobile Phone,4,Single,2,0,13.0,1.0,1.0,3.0,134.2,0,67.1,0.06
50923,0,6.0,Computer,3,13.0,Credit Card,Male,2.0,3,Laptop & Accessory,5,Divorced,1,0,14.0,0.0,1.0,3.0,143.73,0,71.865,0.14
50924,0,7.0,Phone,3,9.0,UPI,Male,2.0,5,Laptop & Accessory,5,Single,4,0,18.0,2.0,3.0,12.0,147.59,0,36.8975,0.38
50925,0,3.0,Phone,3,22.0,Debit Card,Male,3.0,3,Laptop & Accessory,3,Divorced,9,0,15.0,0.0,2.0,2.0,153.01,0,51.00333333333333,0.5
50926,0,15.0,Computer,1,15.0,Credit Card,Female,3.0,3,Mobile Phone,1,Single,2,0,13.0,4.0,5.0,8.0,136.73,0,22.78833333333333,0.31
50927,0,17.0,Computer,3,6.0,E wallet,Female,3.0,3,Laptop & Accessory,3,Divorced,8,0,12.0,1.0,1.0,0.0,147.68,0,73.84,0.06
50928,0,10.189899366380917,Computer,1,13.0,Cash on Delivery,Male,3.0,3,Mobile Phone,3,Married,2,0,13.0,0.0,1.0,0.0,112.74000000000001,0,56.370000000000005,0.09
50929,0,50.0,Phone,1,6.0,Debit Card,Male,3.0,1,Laptop & Accessory,3,Divorced,1,0,24.0,1.0,2.0,8.0,149.0,0,49.666666666666664,0.04
50930,0,22.0,Phone,1,13.0,Debit Card,Male,2.0,3,Fashion,4,Married,4,0,14.0,0.0,1.0,7.0,204.66,0,102.33,0.04
50931,0,7.0,Computer,1,21.0,Credit Card,Male,3.0,3,Grocery,5,Married,8,0,14.0,1.0,6.0,9.0,270.07,0,38.58142857142857,0.75
50932,1,0.0,Computer,3,6.0,Cash on Delivery,Male,2.9315348837209303,3,Mobile Phone,3,Divorced,4,0,15.0,1.0,1.0,2.0,129.09,0,64.545,1.0
50933,1,0.0,Computer,3,19.0,Cash on Delivery,Female,2.0,3,Laptop & Accessory,4,Single,6,0,11.0,0.0,1.0,0.0,157.65,0,78.825,1.0
50934,1,0.0,Phone,3,30.0,Credit Card,Female,2.0,4,Laptop & Accessory,4,Single,1,1,23.0,2.0,10.0,10.0,145.99,1,13.271818181818183,10.0
50935,0,8.0,Phone,3,14.0,Debit Card,Male,3.0,3,Mobile Phone,3,Divorced,2,0,13.0,1.0,1.0,0.0,124.03999999999999,0,62.019999999999996,0.11
50936,1,0.0,Computer,1,15.0,Credit Card,Male,2.0,3,Mobile Phone,5,Single,3,1,11.0,0.0,1.0,0.0,131.72,1,65.86,1.0
50937,0,10.189899366380917,Computer,3,19.0,Debit Card,Female,3.0,3,Mobile Phone,4,Divorced,2,0,13.0,0.0,1.0,0.0,120.33000000000001,0,60.165000000000006,0.09
50938,0,17.0,Computer,1,8.0,Credit Card,Male,2.0,3,Fashion,3,Single,6,1,18.0,0.0,2.0,2.0,202.09,0,67.36333333333333,0.11
50939,0,2.0,Phone,3,25.0,Debit Card,Male,3.0,4,Laptop & Accessory,3,Married,2,0,14.0,1.0,1.0,4.0,186.2,0,93.1,0.33
50940,0,10.189899366380917,Phone,2,6.0,Debit Card,Male,2.0,3,Mobile Phone,3,Married,1,0,21.0,0.0,1.0,3.0,120.63999999999999,0,60.31999999999999,0.09
50941,0,28.0,Phone,1,10.0,Debit Card,Male,1.0,3,Laptop & Accessory,3,Divorced,1,1,16.0,0.0,1.0,2.0,140.35,0,70.175,0.03
50942,0,6.0,Phone,1,10.0,Credit Card,Female,2.0,4,Mobile Phone,4,Divorced,9,0,11.0,0.0,1.0,2.0,138.38,0,69.19,0.14
50943,0,20.0,Phone,3,20.0,Credit Card,Female,3.0,3,Laptop & Accessory,3,Divorced,4,1,17.0,1.0,1.0,2.0,145.91,0,72.955,0.05
50944,1,0.0,Computer,1,14.0,Credit Card,Male,2.0,4,Mobile Phone,5,Single,8,0,11.0,0.0,1.0,0.0,125.61000000000001,0,62.80500000000001,1.0
50945,0,10.189899366380917,Phone,1,6.0,Debit Card,Male,3.0,4,Mobile Phone,3,Married,2,0,14.0,0.0,1.0,0.0,115.63,0,57.815,0.09
50946,0,1.0,Computer,3,13.0,Debit Card,Male,2.0,3,Laptop & Accessory,5,Single,1,0,14.0,1.0,1.0,3.0,148.98,0,74.49,0.5
50947,0,22.0,Phone,1,9.0,Credit Card,Female,2.0,4,Laptop & Accessory,5,Divorced,5,0,25.0,1.0,1.0,2.0,147.89,0,73.945,0.04
50948,0,2.0,Computer,1,8.0,Debit Card,Female,3.0,3,Mobile Phone,4,Divorced,1,0,13.0,0.0,1.0,2.0,131.8,0,65.9,0.33
50949,0,1.0,Phone,1,35.0,Debit Card,Male,3.0,5,Laptop & Accessory,4,Divorced,2,0,14.0,1.0,1.0,7.0,165.49,0,82.745,0.5
50950,0,6.0,Phone,1,14.0,Debit Card,Male,3.0,3,Laptop & Accessory,3,Single,3,1,17.0,0.0,1.0,0.0,163.88,0,81.94,0.14
50951,0,5.0,Phone,1,16.0,Credit Card,Male,0.0,3,Fashion,1,Single,3,0,25.0,0.0,1.0,3.0,212.44,0,106.22,0.17
50952,0,27.0,Computer,1,17.0,Credit Card,Female,2.0,3,Grocery,1,Married,4,0,20.0,1.0,2.0,12.0,260.32,0,86.77333333333333,0.07
50953,1,0.0,Phone,1,14.0,Cash on Delivery,Male,3.0,4,Mobile Phone,5,Single,7,0,13.0,0.0,1.0,7.0,123.62,0,61.81,1.0
50954,0,17.0,Phone,1,34.0,Debit Card,Male,2.0,3,Grocery,5,Divorced,4,0,13.0,1.0,14.0,17.0,263.28,0,17.552,0.78
50955,0,12.0,Phone,1,12.0,Debit Card,Female,2.0,3,Fashion,4,Single,5,0,18.0,0.0,2.0,2.0,183.76,0,61.25333333333333,0.15
50956,0,19.0,Phone,3,9.0,Debit Card,Female,2.0,3,Grocery,4,Divorced,9,0,12.0,1.0,5.0,1.0,266.06,0,44.343333333333334,0.25
50957,0,8.0,Phone,1,22.0,Debit Card,Female,3.0,4,Fashion,4,Single,2,0,19.0,1.0,3.0,3.0,186.06,0,46.515,0.33
50958,0,10.189899366380917,Phone,1,26.0,Debit Card,Male,3.0,3,Laptop & Accessory,3,Single,1,0,14.0,1.0,1.0,2.0,122.72,0,61.36,0.09
50959,1,10.189899366380917,Phone,1,15.0,Debit Card,Male,2.0,3,Mobile Phone,5,Single,4,0,14.0,1.0,1.0,0.0,120.18,0,60.09,0.09
50960,0,7.0,Phone,3,6.0,Cash on Delivery,Male,3.0,4,Fashion,3,Divorced,2,1,14.0,7.0,8.0,6.0,170.83,0,18.98111111111111,1.0
50961,1,0.0,Computer,1,9.0,Debit Card,Female,2.0,3,Mobile Phone,3,Single,2,0,12.0,6.0,7.0,7.0,140.84,0,17.605,7.0
50962,0,23.0,Computer,1,28.0,Credit Card,Male,2.0,5,Grocery,1,Single,2,1,13.0,13.0,2.0,9.0,244.11,0,81.37,0.08
50963,0,10.189899366380917,Phone,3,13.0,Cash on Delivery,Male,2.0,3,Mobile Phone,3,Married,1,1,25.0,0.0,5.0,7.0,123.08000000000001,0,20.513333333333335,0.45
50964,0,15.0,Phone,1,8.0,Credit Card,Male,3.0,4,Mobile Phone,4,Married,5,0,14.0,1.0,1.0,0.0,148.41,0,74.205,0.06
50965,0,10.0,Phone,1,19.0,Credit Card,Male,2.0,3,Laptop & Accessory,1,Married,2,0,17.0,0.0,3.0,7.0,142.85,0,35.7125,0.27
50966,0,2.0,Phone,1,14.0,UPI,Female,2.0,5,Laptop & Accessory,5,Married,4,0,13.0,0.0,1.0,7.0,197.15,0,98.575,0.33
50967,0,6.0,Phone,1,31.0,Debit Card,Male,2.0,4,Laptop & Accessory,4,Single,2,0,13.0,0.0,1.0,2.0,143.2,0,71.6,0.14
50968,0,10.189899366380917,Phone,1,34.0,Cash on Delivery,Male,3.0,3,Mobile Phone,1,Married,5,0,20.0,1.0,1.0,3.0,121.32,0,60.66,0.09
50969,0,15.0,Computer,1,8.0,Debit Card,Male,2.0,3,Fashion,1,Married,3,1,14.0,12.0,13.0,9.0,201.24,0,14.374285714285715,0.81
50970,0,13.0,Phone,3,15.0,Credit Card,Male,2.0,3,Laptop & Accessory,5,Married,1,0,12.0,2.0,7.0,1.0,154.73,0,19.34125,0.5
50971,0,6.0,Phone,1,34.0,Debit Card,Male,3.0,3,Laptop & Accessory,3,Married,2,1,12.0,1.0,5.0,7.0,152.07,0,25.345,0.71
50972,0,13.0,Phone,2,12.0,Credit Card,Male,2.0,3,Grocery,1,Single,2,1,21.0,1.0,7.0,7.0,264.37,0,33.04625,0.5
50973,0,10.189899366380917,Phone,1,27.0,Cash on Delivery,Male,2.0,4,Mobile Phone,5,Married,1,0,14.0,0.0,1.0,0.0,122.96000000000001,0,61.480000000000004,0.09
50974,0,13.0,Computer,1,14.0,Debit Card,Male,3.0,3,Laptop & Accessory,1,Married,4,1,18.0,2.0,2.0,2.0,140.69,0,46.89666666666667,0.14
50975,0,18.0,Phone,1,6.0,Cash on Delivery,Male,3.0,3,Fashion,4,Married,2,0,12.0,6.0,7.0,7.0,174.41,0,21.80125,0.37
50976,0,8.0,Phone,3,14.0,Debit Card,Female,3.0,4,Mobile Phone,3,Married,1,0,23.0,2.0,4.0,2.0,124.30000000000001,0,24.860000000000003,0.44
50977,0,5.0,Phone,1,11.0,Debit Card,Female,3.0,4,Laptop & Accessory,4,Married,4,0,12.0,1.0,2.0,5.0,158.78,0,52.92666666666667,0.33
50978,0,9.0,Phone,3,14.0,Debit Card,Male,3.0,3,Mobile Phone,1,Single,4,1,21.0,0.0,1.0,2.0,126.44,0,63.22,0.1
50979,0,21.0,Phone,3,22.0,Debit Card,Female,3.0,3,Laptop & Accessory,3,Married,9,0,14.0,1.0,7.0,7.0,164.39,0,20.54875,0.32
50980,0,2.0,Phone,1,14.0,Debit Card,Male,3.0,1,Mobile Phone,3,Married,7,0,18.0,1.0,1.0,0.0,124.50999999999999,0,62.254999999999995,0.33
50981,0,6.0,Phone,3,14.0,Debit Card,Male,2.0,3,Laptop & Accessory,5,Married,3,0,13.0,2.0,2.0,2.0,163.92,0,54.63999999999999,0.29
50982,1,0.0,Phone,3,6.0,Debit Card,Male,3.0,4,Laptop & Accessory,5,Married,2,0,11.0,3.0,6.0,7.0,197.14,0,28.162857142857142,6.0
50983,0,11.0,Computer,2,16.0,UPI,Male,3.0,3,Laptop & Accessory,3,Married,4,0,11.0,0.0,1.0,2.0,160.77,0,80.385,0.08
50984,0,8.0,Phone,1,14.0,Credit Card,Male,3.0,4,Mobile Phone,5,Single,2,0,19.0,0.0,1.0,2.0,124.5,0,62.25,0.11
50985,0,3.0,Phone,3,35.0,Cash on Delivery,Male,2.0,3,Fashion,4,Married,4,0,12.0,0.0,1.0,3.0,192.5,0,96.25,0.25
50986,1,10.189899366380917,Phone,1,8.0,Debit Card,Female,3.0,3,Mobile Phone,5,Married,2,1,12.0,1.0,1.0,0.0,120.74000000000001,0,60.370000000000005,0.09
50987,1,16.0,Phone,1,8.0,Cash on Delivery,Female,3.0,4,Fashion,1,Married,1,0,16.0,1.0,1.0,9.0,201.69,0,100.845,0.06
50988,1,1.0,Phone,1,8.0,Credit Card,Male,2.0,3,Laptop & Accessory,4,Married,5,0,11.0,0.0,1.0,4.0,148.55,0,74.275,0.5
50989,0,5.0,Computer,1,6.0,Cash on Delivery,Male,3.0,3,Laptop & Accessory,5,Married,5,0,14.0,1.0,1.0,2.0,140.87,0,70.435,0.17
50990,0,21.0,Phone,1,14.0,UPI,Female,3.0,3,Mobile Phone,5,Married,9,0,12.0,7.0,7.0,6.0,123.66999999999999,0,15.458749999999998,0.32
50991,0,7.0,Phone,1,13.0,Credit Card,Male,2.9315348837209303,3,Mobile Phone,1,Single,2,0,13.0,0.0,1.0,0.0,129.72,0,64.86,0.12
50992,0,28.0,Phone,3,32.0,E wallet,Male,2.0,4,Others,1,Married,2,0,15.707921714818266,2.0,2.0,13.0,295.86,0,98.62,0.07
50993,0,7.0,Phone,1,6.0,Debit Card,Male,2.0,3,Laptop & Accessory,1,Married,10,0,17.0,1.0,2.0,1.0,154.84,0,51.61333333333334,0.25
50994,0,10.189899366380917,Phone,1,9.0,Debit Card,Female,2.0,3,Mobile Phone,1,Married,2,0,21.0,1.0,1.0,0.0,120.61000000000001,0,60.30500000000001,0.09
50995,0,11.0,Phone,3,20.0,Debit Card,Male,3.0,3,Laptop & Accessory,4,Married,1,0,11.0,5.0,7.0,7.0,199.24,0,24.905,0.58
50996,0,11.0,Phone,3,22.0,Debit Card,Female,2.0,3,Laptop & Accessory,4,Single,3,0,12.0,0.0,1.0,2.0,141.98,0,70.99,0.08
50997,0,9.0,Phone,3,6.0,Debit Card,Female,3.0,3,Laptop & Accessory,3,Single,7,0,13.0,1.0,1.0,0.0,168.15,0,84.075,0.1
50998,0,2.0,Phone,1,9.0,Credit Card,Male,2.0,3,Mobile Phone,5,Single,2,1,18.0,0.0,1.0,5.0,147.23,1,73.615,0.33
50999,0,8.0,Phone,1,16.0,Credit Card,Female,2.0,3,Laptop & Accessory,3,Single,4,1,16.0,1.0,1.0,4.0,161.42,0,80.71,0.11
51000,0,12.0,Phone,3,12.0,Credit Card,Male,2.0,1,Fashion,3,Married,3,0,11.0,4.0,7.0,6.0,182.37,0,22.79625,0.54
51001,0,2.0,Computer,1,8.0,Debit Card,Male,2.0,3,Laptop & Accessory,1,Married,2,0,19.0,0.0,1.0,3.0,188.53,0,94.265,0.33
51002,0,23.0,Phone,3,5.0,E wallet,Male,2.0,3,Others,3,Married,5,1,15.707921714818266,0.0,1.0,0.0,293.31,0,146.655,0.04
51003,0,10.189899366380917,Phone,1,16.0,Cash on Delivery,Male,2.0,1,Mobile Phone,3,Married,3,0,16.0,2.0,2.0,2.0,120.72999999999999,0,40.24333333333333,0.18
51004,0,9.0,Computer,1,12.0,Debit Card,Male,3.0,1,Laptop & Accessory,5,Married,4,1,13.0,1.0,1.0,2.0,155.62,0,77.81,0.1
51005,0,15.0,Phone,1,15.0,UPI,Male,3.0,4,Others,1,Single,9,0,15.707921714818266,1.0,1.0,1.0,296.13,0,148.065,0.06
51006,0,8.0,Phone,1,34.0,Debit Card,Male,2.0,1,Laptop & Accessory,3,Married,2,0,17.0,5.0,6.0,8.0,134.07,0,19.15285714285714,0.67
51007,0,7.0,Computer,1,16.0,Cash on Delivery,Male,3.0,4,Laptop & Accessory,3,Married,2,0,14.0,2.0,7.0,7.0,150.63,0,18.82875,0.88
51008,0,13.0,Phone,3,20.0,Debit Card,Female,2.0,3,Laptop & Accessory,5,Married,2,0,15.0,0.0,1.0,2.0,146.39,0,73.195,0.07
51009,0,16.0,Phone,1,33.0,Cash on Delivery,Male,2.0,1,Mobile Phone,4,Married,6,0,12.0,1.0,1.0,2.0,148.76,0,74.38,0.06
51010,0,8.0,Phone,1,13.0,Debit Card,Male,2.9315348837209303,4,Mobile Phone,1,Married,2,0,18.0,1.0,1.0,1.0,126.9,0,63.45,0.11
51011,0,19.0,Phone,3,6.0,Debit Card,Male,2.0,1,Grocery,5,Single,2,0,15.0,1.0,1.0,12.0,275.67,0,137.835,0.05
51012,1,0.0,Phone,1,14.0,Credit Card,Male,2.0,3,Mobile Phone,4,Married,2,1,17.0,0.0,1.0,0.0,124.08000000000001,1,62.040000000000006,1.0
51013,0,0.0,Computer,1,32.0,UPI,Female,2.9315348837209303,4,Mobile Phone,3,Married,2,1,14.0,0.0,1.0,3.0,128.14,1,64.07,1.0
51014,0,23.0,Computer,1,26.0,Credit Card,Male,2.0,3,Grocery,3,Married,3,1,15.0,3.0,12.0,3.0,212.45,0,16.342307692307692,0.5
51015,0,5.0,Phone,1,11.0,UPI,Female,2.0,1,Mobile Phone,1,Married,4,0,17.0,1.0,1.0,2.0,133.12,0,66.56,0.17
51016,0,17.0,Phone,1,13.0,Credit Card,Female,2.0,3,Others,1,Married,1,1,14.0,1.0,1.0,10.0,290.49,0,145.245,0.06
51017,0,10.189899366380917,Phone,1,13.0,Credit Card,Male,2.0,4,Mobile Phone,4,Married,2,0,12.0,0.0,1.0,1.0,121.41,0,60.705,0.09
51018,0,18.0,Phone,1,11.0,Credit Card,Female,2.0,5,Laptop & Accessory,5,Single,2,1,14.0,1.0,1.0,4.0,157.69,0,78.845,0.05
51019,0,18.0,Computer,3,32.0,E wallet,Male,2.0,4,Laptop & Accessory,5,Married,2,0,15.0,0.0,4.0,5.0,143.85,0,28.77,0.21
51020,0,4.0,Computer,3,8.0,UPI,Male,2.0,3,Laptop & Accessory,5,Single,8,0,13.0,0.0,1.0,3.0,153.32,0,76.66,0.2
51021,0,9.0,Phone,1,18.0,Debit Card,Female,3.0,3,Laptop & Accessory,3,Married,10,1,12.0,0.0,1.0,1.0,146.63,0,73.315,0.1
51022,0,7.0,Computer,1,16.0,Debit Card,Male,2.0,1,Laptop & Accessory,1,Married,2,0,13.0,5.0,7.0,2.0,147.24,0,18.405,0.88
51023,0,22.0,Phone,1,31.0,Debit Card,Female,2.0,3,Mobile Phone,5,Married,2,0,14.0,0.0,1.0,4.0,132.11,0,66.055,0.04
51024,0,12.0,Phone,1,16.0,Credit Card,Male,3.0,3,Laptop & Accessory,5,Married,3,0,13.0,4.0,7.0,7.0,153.77,0,19.22125,0.54
51025,0,0.0,Phone,1,25.0,UPI,Male,3.0,4,Mobile Phone,5,Married,2,0,11.0,0.0,1.0,7.0,140.66,0,70.33,1.0
51026,0,8.0,Phone,1,24.0,Debit Card,Male,2.0,1,Laptop & Accessory,5,Married,2,0,11.0,0.0,1.0,10.0,152.08,0,76.04,0.11
51027,0,1.0,Phone,1,33.0,Credit Card,Female,2.0,5,Laptop & Accessory,5,Married,1,0,21.0,1.0,1.0,0.0,0.0,0,0.0,0.5
51028,0,0.0,Phone,1,11.0,Credit Card,Male,2.9315348837209303,3,Mobile Phone,1,Single,2,0,18.0,1.0,2.0,2.0,131.17,0,43.72333333333333,2.0
51029,1,10.189899366380917,Computer,3,9.0,Credit Card,Female,3.0,3,Mobile Phone,1,Single,2,1,12.0,0.0,1.0,0.0,115.69,0,57.845,0.09
51030,0,20.0,Phone,2,32.0,Debit Card,Female,3.0,3,Others,3,Married,4,0,15.707921714818266,1.0,1.0,0.0,296.58,0,148.29,0.05
51031,0,12.0,Phone,1,9.0,Credit Card,Male,2.9315348837209303,4,Laptop & Accessory,3,Married,1,0,15.0,0.0,1.0,7.0,130.69,0,65.345,0.08
51032,0,13.0,Phone,1,21.0,Debit Card,Female,3.0,4,Fashion,3,Married,2,0,13.0,1.0,14.0,12.0,204.35,0,13.623333333333333,1.0
51033,0,8.0,Computer,1,14.0,Debit Card,Female,2.0,3,Laptop & Accessory,3,Married,2,0,12.0,2.0,2.0,9.0,141.48,0,47.16,0.22
51034,0,10.0,Phone,1,25.0,Debit Card,Male,2.0,3,Laptop & Accessory,3,Married,4,0,17.0,0.0,1.0,2.0,157.68,0,78.84,0.09
51035,0,12.0,Computer,1,10.0,Credit Card,Female,2.0,3,Laptop & Accessory,3,Single,1,0,13.0,3.0,3.0,8.0,150.42,0,37.605,0.23
51036,0,18.0,Phone,1,8.0,UPI,Female,2.0,4,Laptop & Accessory,1,Married,2,0,19.0,2.0,3.0,9.0,157.7,0,39.425,0.16
51037,0,11.0,Phone,1,8.0,Credit Card,Female,2.0,4,Fashion,3,Married,4,1,19.0,1.0,1.0,2.0,177.56,0,88.78,0.08
51038,1,0.0,Phone,3,16.0,Credit Card,Male,2.0,4,Fashion,5,Married,10,0,17.0,4.0,6.0,0.0,203.06,0,29.00857142857143,6.0
51039,0,10.0,Phone,1,16.0,Credit Card,Female,3.0,3,Mobile Phone,4,Married,2,0,11.0,1.0,7.0,7.0,139.36,0,17.42,0.64
51040,0,13.0,Phone,1,22.0,Debit Card,Female,2.0,3,Fashion,1,Single,7,1,15.0,1.0,3.0,3.0,179.45,0,44.8625,0.21
51041,0,17.0,Computer,2,6.0,UPI,Male,2.0,3,Laptop & Accessory,1,Married,5,1,11.0,1.0,1.0,2.0,157.43,0,78.715,0.06
51042,0,21.0,Computer,1,10.0,Credit Card,Male,2.0,4,Grocery,1,Married,3,0,25.0,2.0,2.0,2.0,252.01999999999998,0,84.00666666666666,0.09
51043,1,0.0,Phone,3,21.0,Credit Card,Male,2.0,5,Laptop & Accessory,1,Married,7,1,14.0,1.0,2.0,2.0,154.4,1,51.46666666666667,2.0
51044,0,0.0,Computer,1,8.0,Cash on Delivery,Female,2.0,3,Mobile Phone,1,Single,2,1,13.0,1.0,1.0,3.0,137.6,1,68.8,1.0
51045,0,0.0,Phone,1,14.0,Credit Card,Female,2.0,1,Mobile Phone,3,Married,8,0,17.0,0.0,1.0,2.0,135.17,0,67.585,1.0
51046,0,0.0,Computer,1,14.0,Credit Card,Male,2.0,3,Mobile Phone,1,Single,3,0,13.0,0.0,1.0,2.0,125.80000000000001,0,62.900000000000006,1.0
51047,1,10.189899366380917,Phone,1,13.0,Debit Card,Male,3.0,3,Mobile Phone,5,Single,4,1,14.0,0.0,1.0,3.0,121.66,0,60.83,0.09
51048,0,2.0,Phone,3,16.0,Credit Card,Male,2.0,4,Laptop & Accessory,3,Single,10,0,11.0,1.0,1.0,4.0,158.69,0,79.345,0.33
51049,0,9.0,Phone,1,11.0,Debit Card,Female,2.0,3,Fashion,5,Married,5,0,12.0,1.0,1.0,2.0,180.08,0,90.04,0.1
51050,0,0.0,Computer,1,8.0,Debit Card,Male,3.0,1,Laptop & Accessory,3,Married,2,0,17.0,0.0,1.0,7.0,152.06,0,76.03,1.0
51051,0,12.0,Phone,1,18.0,Credit Card,Male,3.0,3,Laptop & Accessory,4,Married,5,0,21.0,1.0,1.0,0.0,152.95,0,76.475,0.08
51052,0,22.0,Phone,1,28.0,UPI,Female,3.0,3,Grocery,4,Married,4,0,16.0,1.0,1.0,2.0,264.13,0,132.065,0.04
51053,0,23.0,Phone,1,23.0,Debit Card,Female,2.0,4,Fashion,5,Married,6,0,15.0,1.0,2.0,11.0,232.69,0,77.56333333333333,0.08
51054,0,0.0,Phone,3,8.0,Credit Card,Female,2.9315348837209303,3,Mobile Phone,3,Single,2,0,19.0,0.0,2.0,2.0,127.83000000000001,0,42.61000000000001,2.0
51055,0,7.0,Phone,1,9.0,Debit Card,Female,3.0,3,Laptop & Accessory,4,Married,2,0,12.0,7.0,7.0,9.0,154.33,0,19.29125,0.88
51056,0,10.189899366380917,Phone,1,13.0,Debit Card,Male,3.0,3,Mobile Phone,4,Single,3,0,11.0,0.0,1.0,3.0,120.13,0,60.065,0.09
51057,0,22.0,Phone,1,12.0,Debit Card,Female,2.0,4,Grocery,3,Married,3,1,19.0,1.0,2.0,12.0,239.66000000000003,0,79.88666666666667,0.09
51058,0,9.0,Computer,1,6.0,Credit Card,Female,2.0,4,Laptop & Accessory,3,Married,1,0,15.0,1.0,1.0,2.0,143.74,0,71.87,0.1
51059,0,9.0,Phone,1,9.0,Debit Card,Male,3.0,1,Laptop & Accessory,5,Married,7,0,20.0,1.0,1.0,4.0,168.42,0,84.21,0.1
51060,0,27.0,Phone,1,28.0,Credit Card,Female,3.0,3,Grocery,3,Married,4,0,25.0,1.0,4.0,7.0,274.26,0,54.852,0.14
51061,0,16.0,Phone,1,21.0,Debit Card,Male,3.0,4,Grocery,3,Married,2,0,24.0,1.0,6.0,11.0,276.03,0,39.43285714285714,0.35
51062,1,0.0,Computer,3,18.0,UPI,Male,2.0,3,Laptop & Accessory,1,Single,4,1,24.0,3.0,6.0,7.0,145.81,1,20.830000000000002,6.0
51063,0,11.0,Computer,1,6.0,Debit Card,Male,2.0,3,Laptop & Accessory,1,Married,8,0,15.0,2.0,2.0,9.0,147.35,0,49.11666666666667,0.17
51064,0,2.0,Phone,3,11.0,Credit Card,Male,2.0,4,Laptop & Accessory,4,Married,2,1,13.0,0.0,1.0,9.0,141.87,1,70.935,0.33
51065,0,6.0,Phone,3,8.0,Credit Card,Male,3.0,3,Laptop & Accessory,1,Married,2,0,14.0,1.0,1.0,4.0,155.05,0,77.525,0.14
51066,0,5.0,Phone,1,8.0,Credit Card,Male,2.0,3,Laptop & Accessory,4,Married,1,0,13.0,0.0,1.0,6.0,154.7,0,77.35,0.17
51067,0,4.0,Phone,3,11.0,Debit Card,Female,3.0,3,Laptop & Accessory,1,Married,2,0,11.0,0.0,1.0,2.0,154.76,0,77.38,0.2
51068,0,22.0,Phone,1,14.0,Credit Card,Female,3.0,3,Mobile Phone,5,Married,5,1,16.0,1.0,2.0,2.0,125.87,0,41.95666666666667,0.09
51069,0,11.0,Computer,1,14.0,Credit Card,Female,2.0,4,Mobile Phone,4,Single,2,0,22.0,1.0,3.0,3.0,124.4,0,31.1,0.25
51070,0,20.0,Phone,3,8.0,Debit Card,Female,2.0,1,Grocery,4,Married,7,0,14.0,0.0,2.0,2.0,259.72,0,86.57333333333334,0.1
51071,0,22.0,Phone,1,6.0,Debit Card,Male,2.0,3,Grocery,3,Single,5,0,14.0,1.0,2.0,0.0,253.79000000000002,0,84.59666666666668,0.09
51072,0,14.0,Phone,3,29.0,Debit Card,Male,3.0,3,Fashion,3,Single,4,1,16.0,0.0,1.0,2.0,170.82,0,85.41,0.07
51073,0,0.0,Phone,3,15.0,Debit Card,Male,2.9315348837209303,3,Mobile Phone,5,Single,2,0,11.0,0.0,1.0,2.0,127.28,0,63.64,1.0
51074,0,6.0,Computer,3,22.0,Debit Card,Female,2.0,3,Laptop & Accessory,1,Married,2,1,25.0,0.0,1.0,2.0,153.68,0,76.84,0.14
51075,0,9.0,Phone,1,32.0,Debit Card,Male,3.0,3,Laptop & Accessory,3,Married,7,0,14.0,1.0,1.0,2.0,153.47,0,76.735,0.1
51076,0,17.0,Phone,2,6.0,Debit Card,Female,2.0,3,Mobile Phone,1,Married,5,1,18.0,2.0,2.0,2.0,131.95,0,43.98333333333333,0.11
51077,1,0.0,Phone,1,14.0,Credit Card,Male,3.0,4,Mobile Phone,3,Single,2,1,11.0,1.0,1.0,2.0,139.89,1,69.945,1.0
51078,0,11.0,Phone,1,10.0,Credit Card,Female,2.0,3,Mobile Phone,3,Married,8,0,19.0,0.0,1.0,0.0,133.06,0,66.53,0.08
51079,0,26.0,Phone,1,30.0,Credit Card,Male,2.0,1,Fashion,1,Married,4,0,15.0,0.0,1.0,2.0,170.05,0,85.025,0.04
51080,1,11.0,Computer,3,14.0,Credit Card,Female,3.0,3,Mobile Phone,3,Married,3,1,11.0,4.0,7.0,7.0,126.55000000000001,0,15.818750000000001,0.58
51081,1,10.189899366380917,Phone,1,8.0,Debit Card,Male,3.0,3,Mobile Phone,4,Single,2,0,12.0,1.0,1.0,0.0,113.93,0,56.965,0.09
51082,0,0.0,Computer,1,14.0,Credit Card,Male,3.0,3,Mobile Phone,1,Single,2,0,20.0,5.0,5.0,7.0,125.69999999999999,0,20.95,5.0
51083,0,28.0,Phone,1,28.0,Cash on Delivery,Male,3.0,4,Mobile Phone,4,Married,6,0,12.0,1.0,1.0,2.0,135.37,0,67.685,0.03
51084,0,7.0,Phone,1,11.0,Credit Card,Male,2.0,4,Laptop & Accessory,1,Married,2,0,14.0,4.0,4.0,13.0,139.86,0,27.972,0.5
51085,0,30.0,Phone,1,6.0,Credit Card,Male,3.0,5,Fashion,1,Married,4,0,20.0,0.0,1.0,0.0,208.82999999999998,0,104.41499999999999,0.03
51086,0,10.189899366380917,Phone,1,27.0,Credit Card,Male,3.0,1,Mobile Phone,4,Married,2,0,18.0,2.0,2.0,13.0,120.28,0,40.093333333333334,0.18
51087,0,10.0,Computer,3,6.0,Credit Card,Male,2.0,5,Laptop & Accessory,1,Married,2,0,14.0,0.0,1.0,3.0,195.25,0,97.625,0.09
51088,0,7.0,Phone,1,25.0,Debit Card,Female,2.9315348837209303,4,Mobile Phone,1,Married,2,0,12.0,3.0,8.0,7.0,129.29,0,14.365555555555554,1.0
51089,1,10.189899366380917,Phone,3,13.0,Debit Card,Male,2.0,3,Mobile Phone,1,Married,2,1,21.0,1.0,1.0,2.0,122.75,0,61.375,0.09
51090,0,17.0,Phone,1,8.0,Debit Card,Female,3.0,1,Fashion,1,Married,2,1,19.0,6.0,6.0,7.0,178.79,0,25.541428571428572,0.33
51091,0,8.0,Computer,1,8.0,Credit Card,Male,3.0,4,Mobile Phone,1,Single,1,1,14.0,1.0,1.0,4.0,149.3,0,74.65,0.11
51092,0,16.0,Phone,3,8.0,Credit Card,Male,3.0,3,Laptop & Accessory,1,Married,2,1,17.0,0.0,8.0,8.0,178.47,0,19.83,0.47
51093,0,0.0,Phone,1,15.0,Credit Card,Male,3.0,1,Mobile Phone,3,Married,2,0,16.0,0.0,1.0,4.0,144.01,0,72.005,1.0
51094,0,14.0,Phone,3,12.0,E wallet,Male,2.0,3,Fashion,3,Single,2,0,12.0,6.0,8.0,7.0,192.41,0,21.378888888888888,0.53
51095,0,2.0,Phone,1,15.0,Credit Card,Female,2.9315348837209303,3,Mobile Phone,3,Married,10,0,17.0,1.0,1.0,2.0,129.74,0,64.87,0.33
51096,0,9.0,Phone,3,8.0,Debit Card,Female,2.0,3,Laptop & Accessory,1,Single,4,0,15.0,3.0,6.0,7.0,145.02,0,20.717142857142857,0.6
51097,0,18.0,Computer,1,6.0,Debit Card,Male,3.0,4,Fashion,3,Married,4,0,23.0,3.0,14.0,4.0,207.48000000000002,0,13.832,0.74
51098,1,10.189899366380917,Phone,2,28.0,UPI,Male,2.0,5,Mobile Phone,3,Married,2,0,11.0,0.0,1.0,0.0,115.55000000000001,0,57.775000000000006,0.09
51099,1,10.0,Computer,3,15.0,Debit Card,Male,2.0,5,Grocery,3,Married,8,0,11.0,1.0,14.0,3.0,229.36,0,15.290666666666668,1.27
51100,0,10.189899366380917,Phone,1,23.0,Credit Card,Male,3.0,5,Mobile Phone,3,Married,2,0,15.0,0.0,1.0,2.0,123.05000000000001,0,61.525000000000006,0.09
51101,0,18.0,Phone,1,34.0,Cash on Delivery,Female,2.0,4,Grocery,4,Single,2,0,11.0,1.0,8.0,6.0,267.04,0,29.671111111111113,0.42
51102,0,5.0,Computer,1,16.0,Debit Card,Male,2.0,3,Mobile Phone,3,Married,7,0,13.0,0.0,1.0,3.0,134.33,0,67.165,0.17
51103,0,4.0,Phone,1,8.0,Debit Card,Male,3.0,3,Mobile Phone,3,Married,2,0,14.0,0.0,1.0,3.0,134.77,0,67.385,0.2
51104,0,14.0,Computer,2,10.0,UPI,Male,2.0,5,Laptop & Accessory,4,Married,7,0,19.0,0.0,1.0,2.0,164.3,0,82.15,0.07
51105,0,13.0,Phone,1,14.0,Debit Card,Female,3.0,3,Laptop & Accessory,5,Married,3,1,16.0,0.0,1.0,0.0,165.16,0,82.58,0.07
51106,0,0.0,Phone,1,35.0,Credit Card,Male,3.0,3,Mobile Phone,5,Married,2,0,13.0,1.0,1.0,2.0,139.07,0,69.535,1.0
51107,0,19.0,Phone,1,19.0,Debit Card,Male,2.0,3,Laptop & Accessory,4,Single,7,0,14.0,1.0,1.0,9.0,155.62,0,77.81,0.05
51108,0,8.0,Phone,1,33.0,Debit Card,Male,2.0,3,Laptop & Accessory,3,Married,3,0,16.0,0.0,1.0,7.0,168.83,0,84.415,0.11
51109,0,3.0,Phone,1,22.0,Debit Card,Male,2.9315348837209303,3,Mobile Phone,1,Married,2,0,12.0,0.0,1.0,8.0,128.62,0,64.31,0.25
51110,0,20.0,Computer,3,8.0,E wallet,Male,2.0,3,Laptop & Accessory,4,Married,8,0,11.0,0.0,1.0,0.0,149.78,0,74.89,0.05
51111,0,19.0,Phone,3,8.0,Debit Card,Male,3.0,3,Fashion,1,Married,5,1,12.0,0.0,1.0,3.0,203.68,0,101.84,0.05
51112,1,0.0,Phone,3,19.0,E wallet,Male,3.0,4,Laptop & Accessory,5,Married,6,1,13.0,2.0,2.0,2.0,161.34,1,53.78,2.0
51113,1,0.0,Phone,3,6.0,Debit Card,Male,2.0,5,Laptop & Accessory,4,Single,7,0,15.0,0.0,1.0,0.0,167.35,0,83.675,1.0
51114,0,0.0,Phone,1,10.0,Credit Card,Female,2.0,3,Mobile Phone,4,Single,2,0,13.0,1.0,1.0,2.0,132.95,0,66.475,1.0
51115,0,4.0,Computer,1,30.0,Cash on Delivery,Female,1.0,3,Laptop & Accessory,1,Single,3,0,20.0,1.0,1.0,4.0,152.38,0,76.19,0.2
51116,0,12.0,Computer,1,6.0,Debit Card,Male,3.0,3,Laptop & Accessory,1,Married,2,1,15.0,3.0,5.0,8.0,164.72,0,27.453333333333333,0.38
51117,0,5.0,Phone,3,25.0,Debit Card,Male,3.0,5,Fashion,3,Married,4,0,13.0,1.0,1.0,2.0,196.1,0,98.05,0.17
51118,0,13.0,Phone,3,13.0,Credit Card,Male,2.0,3,Others,4,Single,2,0,15.707921714818266,1.0,12.0,8.0,298.33,0,22.948461538461537,0.86
51119,0,18.0,Phone,2,10.0,Debit Card,Female,2.0,5,Fashion,3,Married,5,0,21.0,1.0,1.0,3.0,197.56,0,98.78,0.05
51120,0,3.0,Computer,1,8.0,Cash on Delivery,Female,3.0,4,Mobile Phone,5,Single,1,0,16.0,0.0,1.0,7.0,149.68,0,74.84,0.25
51121,0,10.189899366380917,Computer,2,16.0,Credit Card,Male,2.0,3,Mobile Phone,1,Married,1,0,14.0,1.0,2.0,1.0,121.44999999999999,0,40.48333333333333,0.18
51122,1,10.189899366380917,Computer,2,14.0,UPI,Female,3.0,4,Mobile Phone,1,Married,7,0,11.0,1.0,1.0,2.0,121.80000000000001,0,60.900000000000006,0.09
51123,0,4.0,Phone,3,11.0,Cash on Delivery,Male,2.0,3,Laptop & Accessory,3,Married,2,0,19.0,0.0,1.0,2.0,183.46,0,91.73,0.2
51124,0,0.0,Phone,1,14.0,Credit Card,Female,3.0,3,Mobile Phone,1,Single,2,0,11.0,1.0,1.0,4.0,134.45,0,67.225,1.0
51125,1,0.0,Phone,3,15.0,E wallet,Female,2.9315348837209303,5,Mobile Phone,4,Single,2,0,13.0,1.0,2.0,2.0,127.6,0,42.53333333333333,2.0
51126,0,2.0,Computer,1,6.0,Debit Card,Male,3.0,1,Laptop & Accessory,3,Single,9,1,12.0,0.0,1.0,2.0,162.94,1,81.47,0.33
51127,0,3.0,Phone,3,21.0,E wallet,Male,3.0,4,Fashion,5,Married,3,0,11.0,0.0,1.0,7.0,171.4,0,85.7,0.25
51128,0,7.0,Phone,1,8.0,Credit Card,Male,2.9315348837209303,1,Mobile Phone,1,Married,1,1,14.0,0.0,1.0,2.0,129.32,0,64.66,0.12
51129,0,6.0,Computer,3,8.0,E wallet,Female,3.0,3,Laptop & Accessory,4,Single,9,0,15.0,0.0,1.0,7.0,151.47,0,75.735,0.14
51130,0,22.0,Phone,3,17.0,E wallet,Female,3.0,3,Laptop & Accessory,1,Single,4,0,12.0,0.0,1.0,4.0,145.07,0,72.535,0.04
51131,1,0.0,Phone,3,22.0,Debit Card,Female,3.0,3,Fashion,5,Single,3,1,20.0,0.0,1.0,0.0,185.64,1,92.82,1.0
51132,0,11.0,Computer,1,14.0,Credit Card,Female,3.0,4,Mobile Phone,4,Married,5,0,14.0,0.0,1.0,5.0,124.68,0,62.34,0.08
51133,1,0.0,Phone,3,22.0,E wallet,Male,3.0,3,Fashion,3,Married,3,0,13.0,1.0,1.0,0.0,181.61,0,90.805,1.0
51134,0,10.189899366380917,Phone,1,10.0,Cash on Delivery,Female,3.0,4,Mobile Phone,5,Married,2,0,13.0,0.0,1.0,0.0,121.09,0,60.545,0.09
51135,0,0.0,Phone,1,22.0,Debit Card,Male,2.0,1,Laptop & Accessory,3,Married,4,0,16.0,1.0,1.0,7.0,152.94,0,76.47,1.0
51136,0,5.0,Computer,1,11.0,Cash on Delivery,Male,2.9315348837209303,3,Mobile Phone,4,Single,3,0,14.0,1.0,1.0,7.0,127.18,0,63.59,0.17
51137,0,11.0,Phone,1,24.0,Credit Card,Male,2.0,5,Laptop & Accessory,1,Married,4,1,16.0,0.0,1.0,0.0,158.11,0,79.055,0.08
51138,1,6.0,Computer,1,14.0,Cash on Delivery,Male,2.0,4,Mobile Phone,3,Married,10,1,16.0,1.0,1.0,0.0,124.37,0,62.185,0.14
51139,0,15.0,Phone,1,18.0,Credit Card,Male,2.9315348837209303,3,Mobile Phone,4,Married,9,0,22.0,1.0,1.0,4.0,127.66,0,63.83,0.06
51140,0,28.0,Phone,1,8.0,Credit Card,Male,2.0,4,Others,5,Married,9,0,12.0,1.0,1.0,0.0,290.38,0,145.19,0.03
51141,0,6.0,Computer,1,10.0,Cash on Delivery,Male,2.9315348837209303,3,Laptop & Accessory,4,Married,6,0,15.0,0.0,1.0,7.0,130.55,0,65.275,0.14
51142,0,10.189899366380917,Phone,1,15.0,Debit Card,Male,3.0,3,Mobile Phone,5,Married,2,0,20.0,1.0,1.0,4.0,122.88999999999999,0,61.44499999999999,0.09
51143,0,7.0,Computer,3,16.0,Debit Card,Male,2.0,3,Laptop & Accessory,3,Married,2,1,14.0,1.0,1.0,7.0,140.01,0,70.005,0.12
51144,0,26.0,Computer,1,6.0,Credit Card,Female,2.0,4,Grocery,3,Married,5,1,20.0,0.0,1.0,3.0,229.64999999999998,0,114.82499999999999,0.04
51145,0,16.0,Phone,2,8.0,Debit Card,Male,3.0,3,Mobile Phone,1,Single,1,0,13.0,0.0,1.0,8.0,135.39,0,67.695,0.06
51146,0,7.0,Phone,3,9.0,Debit Card,Female,2.0,5,Laptop & Accessory,1,Single,6,0,12.0,1.0,2.0,2.0,160.29,0,53.43,0.25
51147,1,0.0,Phone,3,13.0,E wallet,Male,2.9315348837209303,3,Mobile Phone,4,Single,2,0,13.0,1.0,1.0,0.0,126.78999999999999,0,63.394999999999996,1.0
51148,0,11.0,Phone,1,12.0,UPI,Female,2.0,4,Mobile Phone,3,Married,2,0,11.0,0.0,1.0,4.0,137.02,0,68.51,0.08
51149,1,0.0,Phone,1,14.0,Credit Card,Female,3.0,3,Mobile Phone,5,Married,2,1,17.0,0.0,1.0,0.0,123.97999999999999,1,61.989999999999995,1.0
51150,0,4.0,Phone,3,35.0,E wallet,Female,3.0,4,Laptop & Accessory,1,Married,2,0,14.0,2.0,5.0,7.0,154.68,0,25.78,1.0
51151,0,24.0,Phone,1,9.0,Cash on Delivery,Female,2.0,3,Fashion,3,Married,3,0,11.0,2.0,2.0,3.0,231.16000000000003,0,77.05333333333334,0.08
51152,0,10.0,Phone,3,15.0,E wallet,Male,2.0,4,Laptop & Accessory,4,Married,2,0,14.0,0.0,1.0,3.0,141.89,0,70.945,0.09
51153,0,19.0,Phone,1,8.0,Credit Card,Male,2.0,3,Others,1,Married,8,1,15.707921714818266,1.0,2.0,2.0,293.28,0,97.75999999999999,0.1
51154,0,9.0,Phone,1,16.0,Debit Card,Male,2.0,3,Fashion,5,Married,8,1,13.0,1.0,5.0,7.0,183.21,0,30.535,0.5
51155,1,7.0,Computer,1,14.0,Credit Card,Male,2.0,3,Mobile Phone,4,Married,2,1,12.0,1.0,2.0,3.0,123.41999999999999,0,41.13999999999999,0.25
51156,0,10.0,Phone,2,14.0,UPI,Male,2.0,3,Laptop & Accessory,4,Married,3,0,13.0,4.0,4.0,7.0,140.71,0,28.142000000000003,0.36
51157,1,0.0,Phone,3,33.0,Debit Card,Male,2.0,3,Laptop & Accessory,1,Single,2,1,18.0,0.0,7.0,7.0,158.13,1,19.76625,7.0
51158,0,6.0,Phone,1,14.0,Debit Card,Male,2.9315348837209303,1,Mobile Phone,5,Married,7,0,19.0,6.0,7.0,6.0,131.43,0,16.42875,1.0
51159,0,10.189899366380917,Phone,1,6.0,Debit Card,Male,2.0,3,Mobile Phone,1,Married,2,0,11.0,0.0,1.0,3.0,120.44,0,60.22,0.09
51160,0,12.0,Phone,1,16.0,Credit Card,Male,3.0,3,Fashion,3,Single,8,0,21.0,2.0,2.0,2.0,234.64,0,78.21333333333332,0.15
51161,0,19.0,Computer,3,32.0,Debit Card,Male,3.0,4,Laptop & Accessory,4,Single,9,0,15.0,2.0,2.0,2.0,179.91,0,59.97,0.1
51162,0,13.0,Phone,1,8.0,Debit Card,Female,2.0,3,Mobile Phone,5,Married,5,0,17.0,1.0,1.0,2.0,133.77,0,66.885,0.07
51163,0,15.0,Phone,1,19.0,Credit Card,Male,3.0,1,Laptop & Accessory,5,Married,6,0,18.0,1.0,1.0,0.0,155.38,0,77.69,0.06
51164,0,8.0,Computer,1,8.0,Credit Card,Male,2.0,3,Laptop & Accessory,1,Married,3,0,14.0,0.0,1.0,7.0,157.62,0,78.81,0.11
51165,0,11.0,Computer,2,14.0,UPI,Male,3.0,3,Mobile Phone,4,Married,6,0,13.0,3.0,3.0,8.0,125.91999999999999,0,31.479999999999997,0.25
51166,1,0.0,Computer,1,15.0,Debit Card,Male,3.0,3,Laptop & Accessory,5,Married,5,0,17.0,0.0,1.0,7.0,153.46,0,76.73,1.0
51167,1,0.0,Phone,1,16.0,Credit Card,Male,2.0,3,Laptop & Accessory,5,Single,2,0,15.0,0.0,1.0,8.0,142.13,0,71.065,1.0
51168,0,12.0,Computer,3,26.0,Debit Card,Male,2.0,3,Laptop & Accessory,1,Married,3,0,18.0,1.0,2.0,2.0,141.27,0,47.09,0.15
51169,0,16.0,Computer,1,14.0,Debit Card,Male,2.0,3,Mobile Phone,3,Single,5,0,13.0,0.0,1.0,2.0,124.38,0,62.19,0.06
51170,0,14.0,Phone,1,11.0,Debit Card,Male,2.0,1,Laptop & Accessory,4,Single,4,0,12.0,1.0,1.0,2.0,168.7,0,84.35,0.07
51171,0,14.0,Phone,3,10.0,E wallet,Female,2.0,3,Fashion,3,Married,1,1,13.0,0.0,13.0,5.0,204.47,0,14.605,0.87
51172,0,3.0,Phone,1,16.0,Credit Card,Female,3.0,3,Fashion,3,Single,10,0,14.0,0.0,1.0,2.0,196.67,0,98.335,0.25
51173,1,10.189899366380917,Phone,2,26.0,Credit Card,Female,3.0,3,Mobile Phone,4,Married,1,1,11.0,0.0,1.0,4.0,121.47999999999999,0,60.739999999999995,0.09
51174,1,9.0,Phone,1,27.0,Credit Card,Female,3.0,3,Laptop & Accessory,4,Married,5,0,22.0,1.0,3.0,7.0,189.26,0,47.315,0.3
51175,0,13.0,Phone,1,6.0,Debit Card,Female,2.0,3,Laptop & Accessory,1,Married,5,0,17.0,0.0,1.0,3.0,165.13,0,82.565,0.07
51176,0,7.0,Phone,3,14.0,Cash on Delivery,Male,3.0,1,Laptop & Accessory,3,Married,2,0,21.0,0.0,4.0,8.0,167.99,0,33.598,0.5
51177,0,30.0,Computer,3,8.0,Credit Card,Male,2.0,3,Grocery,4,Married,5,0,22.0,10.0,14.0,14.0,0.0,0,0.0,0.45
51178,0,8.0,Phone,1,29.0,Credit Card,Male,2.9315348837209303,5,Mobile Phone,3,Married,1,0,16.0,1.0,1.0,3.0,127.05000000000001,0,63.525000000000006,0.11
51179,0,20.0,Phone,1,10.0,Debit Card,Female,3.0,4,Fashion,4,Married,9,1,12.0,2.0,14.0,10.0,203.33,0,13.555333333333333,0.67
51180,0,13.0,Phone,1,18.0,Debit Card,Female,2.0,3,Laptop & Accessory,5,Married,3,0,12.0,7.0,7.0,7.0,144.48,0,18.06,0.5
51181,0,27.0,Phone,1,13.0,Credit Card,Female,3.0,3,Laptop & Accessory,1,Married,5,0,15.0,1.0,1.0,7.0,168.54,0,84.27,0.04
51182,0,4.0,Computer,3,13.0,E wallet,Female,3.0,3,Fashion,5,Married,3,0,14.0,2.0,2.0,2.0,196.37,0,65.45666666666666,0.4
51183,0,1.0,Phone,1,6.0,Credit Card,Female,3.0,3,Mobile Phone,5,Married,2,0,25.0,1.0,1.0,2.0,135.91,0,67.955,0.5
51184,0,11.0,Phone,3,8.0,E wallet,Female,3.0,5,Laptop & Accessory,1,Married,3,1,20.0,0.0,1.0,3.0,154.05,0,77.025,0.08
51185,0,0.0,Phone,3,16.0,Credit Card,Male,2.0,3,Laptop & Accessory,1,Single,2,0,13.0,0.0,1.0,2.0,146.84,0,73.42,1.0
51186,0,30.0,Computer,1,21.0,Debit Card,Male,2.0,3,Grocery,3,Married,3,1,14.0,1.0,2.0,2.0,257.87,0,85.95666666666666,0.06
51187,0,10.189899366380917,Computer,1,20.0,Credit Card,Female,2.0,3,Mobile Phone,3,Single,2,0,16.0,1.0,1.0,0.0,115.13999999999999,0,57.56999999999999,0.09
51188,1,0.0,Phone,2,24.0,UPI,Male,2.9315348837209303,1,Mobile Phone,5,Married,1,0,17.0,1.0,1.0,0.0,129.56,0,64.78,1.0
51189,1,0.0,Phone,2,14.0,UPI,Male,2.0,4,Mobile Phone,5,Married,5,1,15.0,1.0,2.0,0.0,123.35,1,41.11666666666667,2.0
51190,0,18.0,Computer,3,8.0,Debit Card,Female,3.0,3,Laptop & Accessory,3,Married,5,0,22.0,3.0,5.0,7.0,151.54,0,25.256666666666664,0.26
51191,0,9.0,Phone,1,8.0,UPI,Female,3.0,3,Laptop & Accessory,4,Married,5,1,22.0,0.0,1.0,0.0,169.62,0,84.81,0.1
51192,0,16.0,Computer,3,8.0,Debit Card,Male,3.0,3,Laptop & Accessory,1,Married,2,0,20.0,5.0,7.0,7.0,156.75,0,19.59375,0.41
51193,0,0.0,Computer,1,14.0,Debit Card,Female,2.0,3,Mobile Phone,1,Single,1,1,14.0,1.0,1.0,2.0,123.78999999999999,1,61.894999999999996,1.0
51194,0,2.0,Computer,1,26.0,Credit Card,Male,2.0,3,Mobile Phone,1,Married,2,0,13.0,1.0,3.0,10.0,138.12,0,34.53,1.0
51195,0,5.0,Computer,3,16.0,E wallet,Male,3.0,3,Laptop & Accessory,1,Single,9,0,13.0,1.0,1.0,0.0,146.48,0,73.24,0.17
51196,0,15.0,Computer,1,16.0,Cash on Delivery,Male,2.9315348837209303,3,Mobile Phone,3,Married,4,0,22.0,1.0,3.0,3.0,129.36,0,32.34,0.19
51197,0,10.189899366380917,Phone,1,15.0,Debit Card,Female,3.0,3,Mobile Phone,3,Single,5,0,12.0,1.0,2.0,0.0,121.05000000000001,0,40.35,0.18
51198,0,19.0,Phone,1,8.0,Debit Card,Male,2.0,3,Fashion,1,Married,4,0,14.0,1.0,4.0,7.0,185.78,0,37.156,0.2
51199,0,1.0,Computer,2,6.0,Debit Card,Male,2.9315348837209303,3,Mobile Phone,1,Married,2,0,15.0,0.0,2.0,2.0,127.06,0,42.35333333333333,1.0
51200,0,2.0,Phone,1,35.0,Debit Card,Male,3.0,5,Laptop & Accessory,3,Married,9,0,17.0,1.0,1.0,6.0,163.84,0,81.92,0.33
51201,0,15.0,Phone,1,14.0,Debit Card,Male,2.0,3,Mobile Phone,3,Single,5,0,13.0,1.0,1.0,0.0,139.68,0,69.84,0.06
51202,1,0.0,Phone,3,8.0,E wallet,Male,2.0,4,Laptop & Accessory,4,Single,8,1,12.0,2.0,2.0,2.0,199.07,1,66.35666666666667,2.0
51203,0,19.0,Phone,3,9.0,Cash on Delivery,Female,2.0,1,Grocery,5,Married,3,0,12.0,1.0,2.0,8.0,232.25,0,77.41666666666667,0.1
51204,0,0.0,Phone,3,29.0,Credit Card,Female,2.0,4,Laptop & Accessory,3,Married,2,0,21.0,4.0,5.0,8.0,135.4,0,22.566666666666666,5.0
51205,0,2.0,Phone,2,12.0,Credit Card,Male,2.9315348837209303,4,Mobile Phone,4,Married,2,0,11.0,1.0,1.0,0.0,128.04,0,64.02,0.33
51206,0,16.0,Phone,1,12.0,Credit Card,Female,2.0,4,Others,3,Married,8,0,15.707921714818266,3.0,6.0,14.0,293.92,0,41.98857142857143,0.35
51207,0,21.0,Phone,1,16.0,Debit Card,Male,3.0,4,Others,4,Married,5,0,15.707921714818266,3.0,12.0,9.0,296.65,0,22.819230769230767,0.55
51208,1,0.0,Computer,1,14.0,Debit Card,Male,3.0,4,Mobile Phone,1,Single,2,1,24.0,1.0,1.0,0.0,124.38999999999999,1,62.19499999999999,1.0
51209,1,9.0,Phone,3,16.0,Debit Card,Female,3.0,3,Fashion,4,Married,6,0,21.0,0.0,1.0,7.0,173.14,0,86.57,0.1
51210,0,0.0,Computer,1,21.0,Debit Card,Female,3.0,4,Mobile Phone,5,Married,1,0,19.0,7.0,7.0,3.0,147.74,0,18.4675,7.0
51211,0,12.0,Phone,1,25.0,UPI,Male,2.0,3,Laptop & Accessory,1,Married,9,0,14.0,1.0,2.0,2.0,139.02,0,46.34,0.15
51212,0,28.0,Phone,1,8.0,Cash on Delivery,Male,2.9315348837209303,4,Mobile Phone,1,Married,9,0,20.0,0.0,1.0,4.0,126.62,0,63.31,0.03
51213,0,1.0,Phone,3,9.0,Credit Card,Female,2.9315348837209303,3,Mobile Phone,4,Married,2,0,19.0,1.0,1.0,0.0,128.56,0,64.28,0.5
51214,1,0.0,Phone,3,15.0,Credit Card,Male,2.0,3,Mobile Phone,1,Single,2,0,13.0,0.0,1.0,0.0,110.81,0,55.405,1.0
51215,1,0.0,Phone,1,14.0,Debit Card,Male,3.0,3,Mobile Phone,4,Single,2,1,23.0,1.0,1.0,0.0,124.72,1,62.36,1.0
51216,0,9.0,Phone,3,16.0,Cash on Delivery,Female,3.0,4,Laptop & Accessory,3,Married,2,1,13.0,1.0,1.0,7.0,156.73,0,78.365,0.1
51217,0,4.0,Phone,1,26.0,Debit Card,Male,2.0,3,Laptop & Accessory,3,Married,2,0,11.0,0.0,1.0,2.0,141.97,0,70.985,0.2
51218,0,7.0,Phone,3,10.0,Debit Card,Male,3.0,3,Fashion,1,Married,3,1,13.0,0.0,1.0,0.0,197.13,0,98.565,0.12
51219,0,10.189899366380917,Phone,1,13.0,Debit Card,Male,2.0,3,Mobile Phone,5,Single,4,0,14.0,0.0,1.0,2.0,120.62,0,60.31,0.09
51220,0,10.0,Phone,1,13.0,Credit Card,Male,3.0,3,Laptop & Accessory,5,Married,6,1,22.0,0.0,1.0,4.0,142.84,0,71.42,0.09
51221,0,8.0,Phone,1,22.0,UPI,Female,2.0,4,Laptop & Accessory,4,Married,1,1,11.0,1.0,1.0,2.0,147.88,0,73.94,0.11
51222,0,18.0,Phone,1,31.0,Debit Card,Female,3.0,4,Laptop & Accessory,1,Married,1,0,13.0,0.0,3.0,8.0,159.06,0,39.765,0.16
51223,0,9.0,Computer,2,8.0,UPI,Male,3.0,4,Laptop & Accessory,1,Single,2,0,21.0,1.0,1.0,8.0,138.86,0,69.43,0.1
51224,0,13.0,Phone,1,6.0,Debit Card,Male,3.0,3,Grocery,5,Married,3,0,11.0,1.0,11.0,16.0,268.23,0,22.352500000000003,0.79
51225,0,0.0,Phone,1,6.0,Debit Card,Female,2.9315348837209303,4,Mobile Phone,3,Married,2,1,13.0,0.0,1.0,0.0,129.33,1,64.665,1.0
51226,0,0.0,Phone,3,8.0,Credit Card,Female,2.0,1,Laptop & Accessory,3,Single,1,0,14.0,0.0,1.0,7.0,165.0,0,82.5,1.0
51227,0,21.0,Computer,1,28.0,Credit Card,Female,2.0,3,Grocery,1,Married,4,0,11.0,1.0,4.0,7.0,271.74,0,54.348,0.18
51228,0,17.0,Phone,1,6.0,Debit Card,Male,3.0,1,Laptop & Accessory,5,Married,3,0,15.0,2.0,2.0,2.0,150.33,0,50.11000000000001,0.11
51229,1,10.189899366380917,Computer,1,22.0,Cash on Delivery,Male,2.0,5,Mobile Phone,5,Married,2,1,23.0,3.0,3.0,0.0,123.07,0,30.7675,0.27
51230,1,19.0,Phone,1,14.0,Debit Card,Male,3.0,3,Mobile Phone,1,Single,2,0,16.0,0.0,1.0,0.0,125.87,0,62.935,0.05
51231,0,9.0,Phone,3,23.0,E wallet,Male,2.0,4,Laptop & Accessory,4,Married,3,0,16.0,1.0,1.0,3.0,155.07,0,77.535,0.1
51232,0,14.0,Phone,3,14.0,E wallet,Female,2.0,3,Laptop & Accessory,4,Married,6,0,21.0,1.0,1.0,4.0,143.93,0,71.965,0.07
51233,0,15.0,Phone,1,12.0,Credit Card,Male,2.0,3,Fashion,5,Married,10,0,13.0,3.0,2.0,7.0,233.48000000000002,0,77.82666666666667,0.12
51234,0,4.0,Phone,3,16.0,Credit Card,Female,2.0,3,Laptop & Accessory,1,Married,3,1,11.0,0.0,1.0,4.0,165.83,0,82.915,0.2
51235,0,7.0,Phone,3,9.0,Credit Card,Female,3.0,4,Laptop & Accessory,1,Married,4,1,12.0,0.0,1.0,1.0,181.03,0,90.515,0.12
51236,0,4.0,Phone,1,10.0,Credit Card,Female,3.0,1,Mobile Phone,3,Married,9,0,12.0,2.0,2.0,2.0,139.78,0,46.593333333333334,0.4
51237,0,0.0,Computer,1,14.0,UPI,Male,3.0,1,Mobile Phone,1,Married,1,0,18.0,2.0,7.0,7.0,125.44,0,15.68,7.0
51238,0,18.0,Computer,1,6.0,Credit Card,Male,2.0,3,Laptop & Accessory,3,Single,5,0,12.0,1.0,1.0,3.0,153.99,0,76.995,0.05
51239,0,6.0,Phone,3,16.0,E wallet,Male,2.0,3,Laptop & Accessory,3,Single,2,0,14.0,0.0,1.0,9.0,154.87,0,77.435,0.14
51240,0,1.0,Computer,3,6.0,Debit Card,Male,2.0,4,Laptop & Accessory,1,Married,2,1,12.0,0.0,1.0,7.0,168.34,1,84.17,0.5
51241,1,0.0,Computer,3,30.0,Cash on Delivery,Male,2.0,1,Mobile Phone,5,Single,2,0,17.0,1.0,1.0,0.0,110.91,0,55.455,1.0
51242,0,12.0,Computer,3,27.0,Debit Card,Female,2.0,5,Laptop & Accessory,3,Married,7,0,19.0,0.0,1.0,2.0,157.36,0,78.68,0.08
51243,0,10.189899366380917,Phone,1,8.0,Cash on Delivery,Male,2.0,3,Mobile Phone,4,Married,2,0,11.0,1.0,1.0,2.0,122.25999999999999,0,61.129999999999995,0.09
51244,0,7.0,Computer,1,28.0,UPI,Male,2.0,4,Laptop & Accessory,1,Married,2,1,15.0,3.0,6.0,11.0,157.47,0,22.495714285714286,0.75
51245,1,0.0,Phone,3,19.0,E wallet,Female,2.0,3,Laptop & Accessory,3,Single,4,1,11.0,2.0,2.0,2.0,198.54,1,66.17999999999999,2.0
51246,0,20.0,Computer,1,20.0,Cash on Delivery,Male,3.0,3,Laptop & Accessory,4,Married,9,0,18.0,0.0,1.0,7.0,154.67,0,77.335,0.05
51247,0,29.0,Phone,3,17.0,E wallet,Female,2.0,4,Laptop & Accessory,5,Married,5,0,16.0,0.0,1.0,0.0,153.8,0,76.9,0.03
51248,0,12.0,Phone,1,15.0,Credit Card,Male,2.0,3,Laptop & Accessory,5,Married,2,0,25.0,4.0,7.0,9.0,151.51,0,18.93875,0.54
51249,0,10.189899366380917,Computer,1,14.0,Credit Card,Female,2.0,4,Laptop & Accessory,4,Married,2,1,16.0,1.0,1.0,7.0,121.33000000000001,0,60.665000000000006,0.09
51250,0,30.0,Phone,3,27.0,Debit Card,Female,3.0,3,Grocery,1,Married,5,1,13.0,1.0,1.0,0.0,278.75,0,139.375,0.03
51251,1,0.0,Computer,1,14.0,Debit Card,Female,2.0,1,Mobile Phone,3,Single,4,1,14.0,0.0,1.0,3.0,124.32,1,62.16,1.0
51252,0,11.0,Phone,1,15.0,Debit Card,Male,3.0,3,Mobile Phone,1,Married,3,0,19.0,1.0,1.0,3.0,147.71,0,73.855,0.08
51253,0,22.0,Computer,1,8.0,Debit Card,Male,2.0,3,Others,1,Married,4,0,15.0,1.0,4.0,3.0,291.61,0,58.322,0.17
51254,0,15.0,Phone,3,18.0,E wallet,Male,3.0,3,Laptop & Accessory,1,Married,4,1,12.0,0.0,1.0,0.0,150.87,0,75.435,0.06
51255,1,0.0,Computer,2,28.0,UPI,Female,2.9315348837209303,4,Mobile Phone,4,Married,2,0,12.0,1.0,1.0,0.0,128.63,0,64.315,1.0
51256,0,8.0,Phone,3,24.0,Credit Card,Male,3.0,3,Laptop & Accessory,5,Married,1,0,16.0,0.0,1.0,4.0,0.0,0,0.0,0.11
51257,0,10.189899366380917,Computer,1,22.0,Credit Card,Male,2.0,3,Mobile Phone,3,Single,2,0,14.0,0.0,1.0,4.0,121.44,0,60.72,0.09
51258,0,4.0,Computer,1,9.0,Credit Card,Male,2.9315348837209303,3,Mobile Phone,5,Married,2,1,13.0,0.0,2.0,3.0,130.65,0,43.550000000000004,0.4
51259,0,9.0,Computer,1,15.0,Debit Card,Male,2.9315348837209303,1,Mobile Phone,4,Married,2,0,22.0,1.0,1.0,2.0,128.1,0,64.05,0.1
51260,0,7.0,Phone,3,6.0,E wallet,Male,2.0,3,Fashion,1,Single,2,0,21.0,1.0,2.0,1.0,198.88,0,66.29333333333334,0.25
51261,0,7.0,Phone,3,19.0,Credit Card,Male,2.0,3,Fashion,3,Married,2,0,18.0,1.0,1.0,1.0,186.28,0,93.14,0.12
51262,0,0.0,Phone,1,6.0,Credit Card,Male,2.9315348837209303,3,Mobile Phone,5,Single,1,0,13.0,3.0,7.0,6.0,128.67,0,16.08375,7.0
51263,0,2.0,Phone,1,6.0,Debit Card,Male,2.0,3,Laptop & Accessory,5,Married,1,0,12.0,1.0,1.0,2.0,153.73,0,76.865,0.33
51264,0,5.0,Computer,1,21.0,Credit Card,Female,2.0,3,Laptop & Accessory,1,Married,6,0,18.0,0.0,1.0,2.0,166.67,0,83.335,0.17
51265,0,4.0,Computer,1,6.0,Debit Card,Male,2.0,5,Laptop & Accessory,5,Married,2,0,21.0,1.0,8.0,7.0,150.03,0,16.67,1.6
51266,1,0.0,Phone,1,14.0,Cash on Delivery,Male,2.0,4,Mobile Phone,1,Married,6,0,12.0,0.0,1.0,3.0,123.66999999999999,0,61.834999999999994,1.0
51267,0,11.0,Phone,3,6.0,Debit Card,Male,2.9315348837209303,4,Mobile Phone,5,Single,5,0,14.0,0.0,1.0,0.0,128.58,0,64.29,0.08
51268,0,8.0,Phone,3,13.0,Debit Card,Female,2.0,3,Laptop & Accessory,1,Married,2,1,11.0,1.0,1.0,9.0,152.04,0,76.02,0.11
51269,0,0.0,Phone,3,15.0,E wallet,Male,2.0,3,Laptop & Accessory,1,Single,2,0,14.0,0.0,1.0,7.0,141.05,0,70.525,1.0
51270,0,5.0,Phone,1,11.0,Debit Card,Male,2.0,4,Laptop & Accessory,1,Single,9,0,24.0,0.0,1.0,0.0,196.79,0,98.395,0.17
51271,1,0.0,Computer,3,32.0,E wallet,Male,3.0,3,Laptop & Accessory,1,Married,2,1,11.0,0.0,1.0,8.0,156.17,1,78.085,1.0
51272,1,16.0,Phone,3,30.0,Debit Card,Male,3.0,3,Fashion,5,Single,7,1,13.0,2.0,2.0,2.0,204.48,0,68.16,0.12
51273,0,27.0,Phone,1,15.0,Debit Card,Female,2.9315348837209303,3,Laptop & Accessory,3,Married,4,0,11.0,0.0,2.0,3.0,128.97,0,42.99,0.07
51274,0,6.0,Computer,1,13.0,Debit Card,Male,2.0,3,Laptop & Accessory,3,Married,2,0,20.0,2.0,2.0,8.0,159.68,0,53.22666666666667,0.29
51275,0,16.0,Phone,1,17.0,Debit Card,Male,1.0,3,Fashion,3,Married,2,0,17.0,1.0,1.0,9.0,175.1,0,87.55,0.06
51276,0,11.0,Computer,2,6.0,UPI,Male,2.9315348837209303,3,Mobile Phone,4,Married,1,1,11.0,1.0,1.0,2.0,129.91,0,64.955,0.08
51277,0,28.0,Phone,2,32.0,UPI,Male,3.0,1,Others,4,Married,5,1,15.707921714818266,1.0,1.0,4.0,296.36,0,148.18,0.03
51278,0,4.0,Phone,1,8.0,Credit Card,Female,2.0,5,Mobile Phone,1,Married,2,1,11.0,1.0,1.0,0.0,111.28999999999999,0,55.644999999999996,0.2
51279,0,12.0,Phone,3,21.0,E wallet,Male,3.0,3,Grocery,5,Single,1,0,12.0,4.0,2.0,10.0,233.41000000000003,0,77.80333333333334,0.15
51280,0,15.0,Computer,1,29.0,Debit Card,Male,2.0,4,Laptop & Accessory,3,Single,2,0,12.0,2.0,3.0,7.0,143.32,0,35.83,0.19
51281,0,4.0,Computer,1,16.0,Credit Card,Female,2.0,3,Fashion,3,Married,5,0,20.0,3.0,4.0,3.0,210.31,0,42.062,0.8
51282,0,27.0,Phone,1,16.0,Credit Card,Female,3.0,3,Laptop & Accessory,5,Single,7,1,19.0,0.0,1.0,4.0,144.4,0,72.2,0.04
51283,0,0.0,Phone,1,6.0,Debit Card,Male,2.0,4,Laptop & Accessory,3,Single,2,0,12.0,1.0,1.0,2.0,146.17,0,73.085,1.0
51284,0,0.0,Phone,1,14.0,UPI,Male,3.0,3,Mobile Phone,1,Single,2,0,13.0,1.0,1.0,4.0,126.47,0,63.235,1.0
51285,0,13.0,Computer,1,17.0,Cash on Delivery,Female,3.0,3,Laptop & Accessory,3,Married,2,0,11.0,2.0,9.0,4.0,163.23,0,16.323,0.64
51286,0,13.0,Phone,3,8.0,E wallet,Female,3.0,3,Laptop & Accessory,4,Married,4,0,14.0,1.0,5.0,10.0,156.77,0,26.128333333333334,0.36
51287,0,10.189899366380917,Phone,2,8.0,UPI,Female,2.0,3,Mobile Phone,4,Married,5,0,14.0,0.0,1.0,2.0,121.87,0,60.935,0.09
51288,0,3.0,Phone,1,6.0,Credit Card,Male,3.0,3,Mobile Phone,4,Married,2,0,13.0,0.0,1.0,7.0,137.48,0,68.74,0.25
51289,0,0.0,Phone,1,8.0,UPI,Male,2.0,3,Mobile Phone,3,Married,7,1,19.0,0.0,1.0,2.0,139.77,1,69.885,1.0
51290,0,20.0,Phone,1,31.0,Credit Card,Male,2.0,3,Fashion,3,Single,3,0,23.0,1.0,12.0,11.0,186.33,0,14.333076923076923,0.57
51291,0,10.189899366380917,Computer,1,6.0,Credit Card,Male,2.0,4,Mobile Phone,3,Married,2,0,12.0,0.0,1.0,0.0,120.08000000000001,0,60.040000000000006,0.09
51292,0,11.0,Phone,3,6.0,Debit Card,Male,2.0,3,Laptop & Accessory,4,Married,1,0,15.0,4.0,5.0,8.0,144.4,0,24.066666666666666,0.42
51293,0,4.0,Phone,3,8.0,Debit Card,Male,2.9315348837209303,3,Mobile Phone,3,Married,1,0,19.0,1.0,1.0,2.0,130.67,0,65.335,0.2
51294,0,11.0,Computer,1,12.0,Debit Card,Male,3.0,4,Laptop & Accessory,3,Married,3,0,11.0,2.0,7.0,7.0,153.21,0,19.15125,0.58
51295,0,15.0,Phone,1,24.0,Debit Card,Male,2.0,3,Laptop & Accessory,5,Married,7,1,17.0,0.0,1.0,2.0,154.1,0,77.05,0.06
51296,0,14.0,Phone,1,6.0,Debit Card,Male,2.9315348837209303,3,Mobile Phone,1,Married,4,0,22.0,0.0,1.0,0.0,127.82,0,63.91,0.07
51297,0,20.0,Computer,1,6.0,Credit Card,Female,3.0,3,Fashion,4,Married,1,0,18.0,0.0,5.0,3.0,219.57,0,36.595,0.24
51298,0,8.0,Phone,1,17.0,Credit Card,Male,2.0,3,Mobile Phone,3,Married,8,1,11.0,0.0,2.0,2.0,126.6,0,42.199999999999996,0.22
51299,0,0.0,Phone,1,6.0,Debit Card,Male,3.0,3,Mobile Phone,3,Single,1,0,12.0,0.0,1.0,2.0,133.75,0,66.875,1.0
51300,0,8.0,Phone,1,15.0,Credit Card,Male,2.0,3,Laptop & Accessory,3,Single,2,0,19.0,0.0,1.0,8.0,150.98,0,75.49,0.11
51301,0,6.0,Phone,1,21.0,Credit Card,Female,3.0,3,Laptop & Accessory,1,Married,1,1,13.0,5.0,8.0,1.0,12.0,0,1.3333333333333333,1.14
51302,0,5.0,Phone,1,35.0,Debit Card,Female,2.9315348837209303,4,Mobile Phone,4,Single,2,0,13.0,3.0,4.0,1.0,128.37,0,25.674,0.67
51303,0,13.0,Phone,1,14.0,Debit Card,Male,2.0,3,Mobile Phone,1,Married,9,0,19.0,0.0,1.0,0.0,124.06,0,62.03,0.07
51304,0,10.189899366380917,Phone,3,6.0,Credit Card,Male,3.0,4,Mobile Phone,4,Married,1,0,14.0,0.0,2.0,2.0,122.69,0,40.89666666666667,0.18
51305,0,12.0,Phone,1,30.0,Debit Card,Male,2.0,3,Laptop & Accessory,1,Single,8,0,13.0,1.0,1.0,7.0,141.08,0,70.54,0.08
51306,0,11.0,Phone,1,16.0,Credit Card,Female,2.0,5,Fashion,3,Married,4,0,12.0,1.0,2.0,11.0,232.06,0,77.35333333333334,0.17
51307,0,5.0,Phone,3,6.0,E wallet,Female,2.0,3,Fashion,1,Married,2,0,19.0,3.0,5.0,7.0,204.22,0,34.03666666666667,0.83
51308,0,10.0,Phone,1,16.0,Debit Card,Female,2.0,1,Fashion,1,Married,2,1,25.0,0.0,2.0,8.0,237.44,0,79.14666666666666,0.18
51309,0,0.0,Phone,3,14.0,UPI,Female,2.0,3,Laptop & Accessory,3,Married,1,1,22.0,1.0,1.0,4.0,149.07,1,74.535,1.0
51310,0,25.0,Computer,3,126.0,Debit Card,Male,2.0,3,Mobile Phone,1,Married,3,0,15.0,1.0,1.0,0.0,134.82,0,67.41,0.04
51311,0,17.0,Phone,1,14.0,Credit Card,Male,2.0,3,Mobile Phone,1,Single,7,1,12.0,0.0,1.0,2.0,124.36000000000001,0,62.18000000000001,0.06
51312,0,0.0,Phone,3,14.0,Credit Card,Male,2.0,3,Mobile Phone,5,Single,2,1,11.0,1.0,1.0,2.0,123.80000000000001,1,61.900000000000006,1.0
51313,0,12.0,Computer,1,15.0,Debit Card,Male,2.0,3,Others,1,Single,3,0,15.707921714818266,0.0,1.0,3.0,294.31,0,147.155,0.08
51314,1,10.189899366380917,Computer,3,15.0,E wallet,Male,2.0,3,Mobile Phone,5,Married,2,0,19.0,1.0,1.0,0.0,117.9,0,58.95,0.09
51315,0,9.0,Phone,3,9.0,Credit Card,Female,3.0,4,Fashion,1,Married,1,0,19.0,3.0,3.0,4.0,176.44,0,44.11,0.3
51316,0,9.0,Computer,1,10.0,Debit Card,Female,3.0,3,Laptop & Accessory,4,Married,8,0,13.0,1.0,1.0,2.0,151.31,0,75.655,0.1
51317,0,29.0,Computer,1,6.0,Debit Card,Male,2.0,3,Laptop & Accessory,3,Married,2,0,21.0,0.0,1.0,9.0,163.06,0,81.53,0.03
51318,1,0.0,Phone,1,6.0,Credit Card,Male,2.0,3,Mobile Phone,1,Married,10,1,14.0,2.0,2.0,2.0,147.87,1,49.29,2.0
51319,0,15.0,Phone,1,8.0,Debit Card,Male,2.0,3,Others,3,Married,6,0,11.0,1.0,4.0,14.0,288.8,0,57.760000000000005,0.25
51320,1,19.0,Phone,1,14.0,Cash on Delivery,Male,3.0,3,Mobile Phone,3,Married,9,0,11.0,6.0,9.0,8.0,123.38999999999999,0,12.338999999999999,0.45
51321,0,14.0,Phone,1,34.0,Debit Card,Female,2.0,4,Grocery,4,Married,1,0,23.0,1.0,2.0,10.0,235.7,0,78.56666666666666,0.13
51322,0,7.0,Phone,3,34.0,E wallet,Female,3.0,4,Laptop & Accessory,3,Married,2,0,21.0,1.0,1.0,7.0,167.12,0,83.56,0.12
51323,0,9.0,Computer,3,21.0,E wallet,Male,2.0,5,Laptop & Accessory,1,Married,2,0,24.0,4.0,11.0,11.0,154.06,0,12.838333333333333,1.1
51324,0,14.0,Phone,3,9.0,Debit Card,Male,2.0,4,Laptop & Accessory,4,Married,3,0,11.0,0.0,1.0,4.0,189.38,0,94.69,0.07
51325,0,5.0,Phone,1,14.0,Cash on Delivery,Male,3.0,3,Mobile Phone,5,Single,2,0,14.0,1.0,1.0,2.0,124.38999999999999,0,62.19499999999999,0.17
51326,0,8.0,Phone,2,32.0,Debit Card,Female,2.0,3,Fashion,1,Single,2,1,16.0,1.0,1.0,7.0,188.37,0,94.185,0.11
51327,0,11.0,Phone,3,16.0,Debit Card,Female,3.0,3,Laptop & Accessory,1,Married,2,0,11.0,0.0,1.0,9.0,153.43,0,76.715,0.08
51328,1,13.0,Computer,3,6.0,Debit Card,Male,3.0,3,Laptop & Accessory,3,Married,8,0,12.0,1.0,1.0,1.0,167.28,0,83.64,0.07
51329,0,9.0,Phone,3,17.0,E wallet,Female,3.0,4,Laptop & Accessory,1,Married,5,0,13.0,1.0,1.0,0.0,166.52,0,83.26,0.1
51330,0,18.0,Phone,3,26.0,Debit Card,Female,2.0,3,Laptop & Accessory,3,Single,9,0,15.0,1.0,1.0,1.0,148.5,0,74.25,0.05
51331,0,13.0,Phone,1,8.0,Debit Card,Male,2.9315348837209303,4,Mobile Phone,3,Single,3,0,14.0,0.0,2.0,2.0,128.09,0,42.696666666666665,0.14
51332,0,8.0,Computer,1,24.0,Debit Card,Male,3.0,3,Laptop & Accessory,3,Married,2,1,14.0,1.0,1.0,2.0,156.89,0,78.445,0.11
51333,0,10.189899366380917,Phone,1,8.0,Credit Card,Female,3.0,3,Mobile Phone,3,Married,3,0,14.0,1.0,1.0,2.0,120.00999999999999,0,60.004999999999995,0.09
51334,0,8.0,Phone,1,6.0,Debit Card,Female,2.9315348837209303,5,Mobile Phone,1,Married,2,0,12.0,0.0,1.0,1.0,129.77,0,64.885,0.11
51335,0,2.0,Phone,1,19.0,UPI,Male,2.0,4,Laptop & Accessory,4,Married,5,1,13.0,1.0,1.0,3.0,140.25,1,70.125,0.33
51336,0,2.0,Phone,1,34.0,Credit Card,Female,3.0,4,Mobile Phone,5,Single,2,0,14.0,0.0,1.0,4.0,137.85,0,68.925,0.33
51337,1,13.0,Phone,3,34.0,E wallet,Male,2.0,4,Fashion,5,Married,5,1,13.0,0.0,2.0,0.0,208.54000000000002,0,69.51333333333334,0.14
51338,0,12.0,Phone,3,30.0,E wallet,Female,2.0,4,Grocery,1,Married,1,0,11.0,1.0,9.0,3.0,220.31,0,22.031,0.69
51339,0,4.0,Computer,1,11.0,Credit Card,Male,3.0,3,Laptop & Accessory,5,Single,1,0,19.0,0.0,1.0,7.0,199.36,0,99.68,0.2
51340,0,0.0,Phone,3,11.0,UPI,Female,2.9315348837209303,4,Mobile Phone,3,Single,1,0,18.0,0.0,1.0,0.0,129.66,0,64.83,1.0
51341,0,9.0,Computer,1,14.0,Credit Card,Male,2.0,1,Laptop & Accessory,1,Married,5,0,17.0,0.0,1.0,3.0,125.71000000000001,0,62.855000000000004,0.1
51342,0,12.0,Phone,1,12.0,Credit Card,Male,2.0,4,Fashion,5,Married,5,0,15.0,1.0,1.0,7.0,199.91,0,99.955,0.08
51343,0,0.0,Phone,1,10.0,Debit Card,Male,2.0,1,Laptop & Accessory,4,Married,2,1,20.0,1.0,1.0,3.0,161.42,1,80.71,1.0
51344,0,22.0,Computer,3,8.0,Credit Card,Male,3.0,4,Laptop & Accessory,4,Married,3,0,14.0,1.0,1.0,8.0,153.9,0,76.95,0.04
51345,0,7.0,Phone,1,14.0,Credit Card,Male,2.0,1,Laptop & Accessory,3,Married,3,0,12.0,0.0,1.0,2.0,144.04,0,72.02,0.12
51346,1,4.0,Phone,3,6.0,Debit Card,Female,3.0,3,Laptop & Accessory,1,Single,9,1,11.0,0.0,1.0,5.0,159.93,0,79.965,0.2
51347,0,22.0,Computer,1,14.0,Debit Card,Male,3.0,4,Laptop & Accessory,4,Married,2,0,23.0,0.0,1.0,7.0,151.3,0,75.65,0.04
51348,1,10.189899366380917,Phone,1,8.0,UPI,Male,3.0,4,Mobile Phone,3,Single,7,1,15.0,0.0,1.0,0.0,120.9,0,60.45,0.09
51349,0,6.0,Computer,1,9.0,Debit Card,Female,2.9315348837209303,3,Mobile Phone,3,Married,2,1,11.0,2.0,3.0,0.0,129.09,0,32.2725,0.43
51350,0,0.0,Phone,1,8.0,Credit Card,Male,2.0,3,Mobile Phone,4,Married,10,0,12.0,1.0,2.0,2.0,134.68,0,44.89333333333334,2.0
51351,0,5.0,Computer,1,8.0,Debit Card,Male,2.9315348837209303,3,Mobile Phone,1,Single,1,0,13.0,1.0,3.0,6.0,130.68,0,32.67,0.5
51352,0,30.0,Phone,1,9.0,Credit Card,Female,2.9315348837209303,1,Mobile Phone,5,Married,5,1,20.0,0.0,1.0,0.0,126.69999999999999,0,63.349999999999994,0.03
51353,0,3.0,Phone,1,30.0,Debit Card,Male,2.9315348837209303,3,Mobile Phone,3,Married,2,0,22.0,1.0,1.0,0.0,126.93,0,63.465,0.25
51354,0,11.0,Computer,1,29.0,Debit Card,Male,2.0,4,Fashion,3,Single,1,0,21.0,1.0,1.0,8.0,195.26,0,97.63,0.08
51355,0,9.0,Phone,1,33.0,Credit Card,Male,3.0,3,Laptop & Accessory,3,Married,7,0,13.0,0.0,7.0,7.0,152.37,0,19.04625,0.7
51356,0,8.0,Phone,1,14.0,Credit Card,Male,2.0,1,Mobile Phone,4,Married,1,0,13.0,1.0,1.0,3.0,124.25999999999999,0,62.129999999999995,0.11
51357,0,2.0,Phone,1,21.0,Debit Card,Female,2.0,4,Laptop & Accessory,3,Single,1,1,12.0,1.0,1.0,8.0,141.93,1,70.965,0.33
51358,0,4.0,Phone,1,32.0,Debit Card,Male,2.9315348837209303,3,Mobile Phone,3,Married,2,0,17.0,3.0,4.0,3.0,129.11,0,25.822000000000003,0.8
51359,0,7.0,Phone,1,25.0,Credit Card,Male,3.0,3,Mobile Phone,1,Married,1,0,11.0,0.0,1.0,2.0,126.61000000000001,0,63.30500000000001,0.12
51360,1,10.189899366380917,Phone,1,30.0,Debit Card,Male,2.0,4,Mobile Phone,3,Single,6,1,14.0,0.0,1.0,3.0,120.28,0,60.14,0.09
51361,0,2.0,Phone,1,27.0,Debit Card,Female,2.0,1,Fashion,5,Married,2,0,11.0,6.0,8.0,8.0,199.8,0,22.200000000000003,2.67
51362,0,5.0,Phone,1,11.0,Debit Card,Male,3.0,1,Mobile Phone,4,Married,1,1,12.0,1.0,1.0,5.0,132.98,0,66.49,0.17
51363,0,0.0,Computer,1,22.0,Credit Card,Male,2.9315348837209303,1,Mobile Phone,1,Married,2,1,13.0,0.0,1.0,0.0,129.35,1,64.675,1.0
51364,0,26.0,Phone,3,8.0,Debit Card,Female,3.0,4,Grocery,1,Married,3,0,16.0,0.0,2.0,7.0,254.26999999999998,0,84.75666666666666,0.07
51365,0,11.0,Phone,1,8.0,Debit Card,Male,2.0,3,Mobile Phone,1,Single,6,1,11.0,0.0,1.0,2.0,139.44,0,69.72,0.08
51366,0,0.0,Computer,1,17.0,UPI,Female,3.0,1,Laptop & Accessory,3,Married,1,0,18.0,0.0,1.0,3.0,140.11,0,70.055,1.0
51367,1,0.0,Phone,3,15.0,Debit Card,Male,2.0,4,Mobile Phone,5,Single,8,0,23.0,0.0,1.0,3.0,134.07,0,67.035,1.0
51368,0,7.0,Phone,1,13.0,Debit Card,Female,2.0,3,Fashion,4,Single,1,0,11.0,0.0,2.0,3.0,219.94,0,73.31333333333333,0.25
51369,0,10.189899366380917,Phone,1,21.0,Debit Card,Male,3.0,3,Mobile Phone,1,Single,2,0,14.0,1.0,1.0,0.0,112.32,0,56.16,0.09
51370,1,0.0,Phone,1,12.0,Credit Card,Male,2.9315348837209303,3,Mobile Phone,5,Single,3,0,11.0,0.0,1.0,3.0,129.6,0,64.8,1.0
51371,0,26.0,Phone,1,11.0,UPI,Female,2.0,3,Others,3,Married,5,0,11.0,1.0,4.0,8.0,290.94,0,58.188,0.15
51372,1,0.0,Computer,1,22.0,Debit Card,Female,3.0,5,Mobile Phone,5,Single,2,1,22.0,0.0,6.0,7.0,139.19,1,19.884285714285713,6.0
51373,0,15.0,Phone,3,14.0,E wallet,Male,2.0,3,Laptop & Accessory,4,Married,1,0,11.0,2.0,4.0,2.0,168.25,0,33.65,0.25
51374,0,17.0,Phone,1,13.0,Credit Card,Female,2.0,4,Fashion,1,Married,4,0,14.0,0.0,5.0,17.0,202.48,0,33.74666666666666,0.28
51375,0,19.0,Phone,3,8.0,E wallet,Female,2.0,3,Others,5,Single,4,0,12.0,1.0,2.0,1.0,289.47,0,96.49000000000001,0.1
51376,0,6.0,Phone,1,14.0,Credit Card,Male,3.0,3,Mobile Phone,1,Single,5,0,11.0,0.0,1.0,0.0,124.96000000000001,0,62.480000000000004,0.14
51377,0,17.0,Phone,1,16.0,UPI,Male,2.0,3,Laptop & Accessory,1,Married,3,1,13.0,0.0,1.0,3.0,164.65,0,82.325,0.06
51378,0,10.189899366380917,Phone,1,15.0,Credit Card,Male,2.0,4,Mobile Phone,3,Single,2,0,13.0,0.0,1.0,8.0,122.06,0,61.03,0.09
51379,1,10.189899366380917,Phone,3,11.0,Cash on Delivery,Male,2.0,3,Laptop & Accessory,1,Married,4,0,14.0,0.0,1.0,0.0,120.86000000000001,0,60.43000000000001,0.09
51380,1,10.189899366380917,Phone,1,6.0,Credit Card,Male,3.0,3,Mobile Phone,1,Married,3,1,16.0,0.0,2.0,0.0,122.93,0,40.97666666666667,0.18
51381,0,16.0,Phone,1,14.0,Credit Card,Female,3.0,1,Mobile Phone,3,Married,2,0,12.0,1.0,1.0,4.0,126.44999999999999,0,63.224999999999994,0.06
51382,1,13.0,Phone,3,9.0,E wallet,Male,2.9315348837209303,4,Mobile Phone,3,Married,2,1,14.0,1.0,1.0,2.0,126.83000000000001,0,63.415000000000006,0.07
51383,0,10.189899366380917,Phone,3,8.0,E wallet,Female,3.0,3,Mobile Phone,1,Married,2,0,13.0,2.0,2.0,2.0,120.13999999999999,0,40.04666666666666,0.18
51384,0,9.0,Phone,1,11.0,Debit Card,Female,2.0,4,Mobile Phone,5,Married,10,1,14.0,1.0,1.0,0.0,134.19,0,67.095,0.1
51385,0,6.0,Computer,3,6.0,Debit Card,Female,2.0,1,Laptop & Accessory,5,Married,3,0,19.0,0.0,1.0,3.0,153.76,0,76.88,0.14
51386,0,10.189899366380917,Phone,1,10.0,UPI,Male,3.0,3,Mobile Phone,1,Married,2,0,12.0,1.0,1.0,0.0,119.50999999999999,0,59.754999999999995,0.09
51387,0,0.0,Phone,1,14.0,Debit Card,Female,2.0,3,Mobile Phone,5,Married,2,0,13.0,1.0,1.0,0.0,123.41,0,61.705,1.0
51388,1,10.189899366380917,Phone,1,31.0,Debit Card,Male,2.0,5,Mobile Phone,3,Single,2,0,12.0,0.0,1.0,1.0,122.93,0,61.465,0.09
51389,0,0.0,Computer,3,14.0,Debit Card,Male,2.0,3,Fashion,3,Single,2,0,15.0,1.0,1.0,7.0,187.26,0,93.63,1.0
51390,0,3.0,Computer,1,6.0,Credit Card,Female,2.0,3,Laptop & Accessory,1,Single,2,0,23.0,1.0,3.0,7.0,140.11,0,35.0275,0.75
51391,1,4.0,Phone,1,18.0,Cash on Delivery,Female,2.0,3,Others,3,Married,2,0,15.707921714818266,1.0,15.0,8.0,295.45,0,18.465625,3.0
51392,0,7.0,Computer,3,29.0,E wallet,Male,3.0,3,Laptop & Accessory,3,Single,1,0,20.0,0.0,8.0,7.0,145.68,0,16.186666666666667,1.0
51393,0,10.0,Phone,1,25.0,Debit Card,Male,2.9315348837209303,3,Mobile Phone,4,Married,5,0,21.0,0.0,1.0,0.0,130.22,0,65.11,0.09
51394,0,19.0,Computer,3,11.0,E wallet,Male,3.0,3,Laptop & Accessory,1,Single,5,1,21.0,1.0,1.0,8.0,157.72,0,78.86,0.05
51395,0,10.189899366380917,Phone,1,14.0,Debit Card,Male,2.0,1,Mobile Phone,1,Married,2,0,19.0,1.0,1.0,1.0,122.69,0,61.345,0.09
51396,1,11.0,Phone,1,6.0,Debit Card,Male,3.0,4,Fashion,3,Single,10,1,13.0,0.0,1.0,0.0,153.81,0,76.905,0.08
51397,1,0.0,Phone,1,11.0,Cash on Delivery,Male,2.0,3,Mobile Phone,3,Single,2,1,13.0,0.0,2.0,2.0,134.41,1,44.803333333333335,2.0
51398,0,17.0,Phone,3,6.0,E wallet,Female,3.0,3,Laptop & Accessory,5,Married,6,1,21.0,1.0,1.0,3.0,154.54,0,77.27,0.06
51399,0,8.0,Computer,1,17.0,Credit Card,Male,3.0,4,Fashion,5,Married,3,1,13.0,1.0,2.0,3.0,198.84,0,66.28,0.22
51400,0,0.0,Phone,3,29.0,E wallet,Female,2.0,4,Laptop & Accessory,1,Married,8,1,19.0,0.0,1.0,0.0,141.57,1,70.785,1.0
51401,0,6.0,Computer,1,29.0,Debit Card,Female,3.0,3,Fashion,1,Single,2,1,12.0,3.0,2.0,12.0,234.57999999999998,0,78.19333333333333,0.29
51402,0,8.0,Computer,3,5.0,Debit Card,Male,3.0,3,Fashion,5,Married,2,0,22.0,0.0,1.0,8.0,190.69,0,95.345,0.11
51403,0,8.0,Phone,1,29.0,Credit Card,Female,1.0,3,Mobile Phone,5,Married,4,1,15.0,0.0,2.0,2.0,140.14,0,46.71333333333333,0.22
51404,0,4.0,Phone,1,13.0,Debit Card,Male,2.0,3,Laptop & Accessory,1,Married,4,0,22.0,0.0,1.0,7.0,159.15,0,79.575,0.2
51405,0,10.0,Phone,1,6.0,Debit Card,Male,2.0,4,Laptop & Accessory,3,Married,2,0,18.0,0.0,1.0,7.0,159.93,0,79.965,0.09
51406,0,5.0,Phone,1,6.0,Credit Card,Male,2.0,3,Laptop & Accessory,1,Married,2,1,22.0,5.0,7.0,8.0,161.62,0,20.2025,1.17
51407,0,11.0,Computer,1,14.0,Debit Card,Female,2.0,3,Laptop & Accessory,1,Single,2,0,11.0,6.0,9.0,9.0,124.06,0,12.406,0.75
51408,0,23.0,Phone,1,13.0,Credit Card,Female,2.0,4,Others,3,Married,6,1,12.0,1.0,13.0,8.0,287.4,0,20.52857142857143,0.54
51409,0,30.0,Phone,3,31.0,Debit Card,Female,4.0,3,Fashion,5,Single,8,0,11.0,6.0,7.0,9.0,176.37,0,22.04625,0.23
51410,0,9.0,Phone,1,14.0,Cash on Delivery,Female,2.0,3,Fashion,3,Married,2,0,13.0,7.0,12.0,8.0,200.96,0,15.458461538461538,1.2
51411,0,28.0,Phone,1,14.0,Credit Card,Female,2.0,3,Grocery,3,Married,3,1,14.0,1.0,2.0,2.0,247.56,0,82.52,0.07
51412,0,9.0,Computer,1,17.0,Debit Card,Male,3.0,4,Laptop & Accessory,4,Single,2,0,13.0,1.0,1.0,3.0,164.99,0,82.495,0.1
51413,0,18.0,Phone,1,13.0,Debit Card,Male,2.0,3,Fashion,5,Married,3,0,17.0,0.0,1.0,0.0,197.24,0,98.62,0.05
51414,0,10.189899366380917,Computer,1,6.0,Credit Card,Male,3.0,3,Mobile Phone,5,Married,5,0,13.0,0.0,1.0,2.0,121.94,0,60.97,0.09
51415,1,0.0,Phone,1,15.0,Credit Card,Male,3.0,4,Mobile Phone,3,Married,1,1,17.0,1.0,1.0,0.0,133.88,1,66.94,1.0
51416,0,30.0,Computer,3,6.0,Debit Card,Female,2.0,4,Laptop & Accessory,3,Single,8,0,11.0,1.0,1.0,3.0,154.73,0,77.365,0.03
51417,0,2.0,Phone,1,8.0,Debit Card,Male,2.9315348837209303,3,Mobile Phone,4,Married,1,0,23.0,1.0,1.0,4.0,127.03,0,63.515,0.33
51418,0,4.0,Phone,1,14.0,Credit Card,Male,2.0,3,Mobile Phone,4,Single,2,0,17.0,1.0,1.0,0.0,125.00999999999999,0,62.504999999999995,0.2
51419,0,5.0,Phone,1,6.0,Debit Card,Male,3.0,3,Laptop & Accessory,4,Married,2,0,17.0,1.0,1.0,9.0,162.2,0,81.1,0.17
51420,0,9.0,Phone,1,12.0,Debit Card,Female,2.9315348837209303,1,Mobile Phone,1,Married,4,0,12.0,0.0,1.0,0.0,130.38,0,65.19,0.1
51421,0,4.0,Phone,1,14.0,Debit Card,Female,3.0,3,Laptop & Accessory,1,Single,2,0,23.0,1.0,1.0,8.0,144.24,0,72.12,0.2
51422,0,8.0,Phone,3,6.0,E wallet,Male,2.0,4,Laptop & Accessory,5,Single,1,0,14.0,1.0,2.0,8.0,143.12,0,47.70666666666667,0.22
51423,0,18.0,Phone,1,12.0,UPI,Male,2.0,3,Fashion,5,Married,5,1,14.0,1.0,2.0,0.0,232.45,0,77.48333333333333,0.11
51424,0,10.0,Phone,1,13.0,Credit Card,Male,1.0,3,Fashion,3,Single,5,0,13.0,0.0,2.0,2.0,236.64,0,78.88,0.18
51425,0,19.0,Phone,2,11.0,Credit Card,Male,3.0,3,Laptop & Accessory,4,Married,2,1,22.0,1.0,1.0,2.0,150.21,0,75.105,0.05
51426,0,3.0,Phone,1,6.0,Debit Card,Male,2.0,4,Laptop & Accessory,1,Married,2,1,12.0,1.0,3.0,0.0,151.26,1,37.815,0.75
51427,0,8.0,Phone,1,6.0,Credit Card,Male,2.9315348837209303,4,Mobile Phone,3,Single,2,0,18.0,1.0,1.0,4.0,128.59,0,64.295,0.11
51428,0,28.0,Phone,3,6.0,Debit Card,Male,3.0,3,Fashion,1,Married,4,0,14.0,0.0,1.0,0.0,202.39,0,101.195,0.03
51429,0,11.0,Computer,1,12.0,Credit Card,Female,3.0,5,Laptop & Accessory,1,Married,8,1,12.0,0.0,1.0,9.0,153.29,0,76.645,0.08
51430,0,7.0,Phone,1,6.0,Credit Card,Male,3.0,3,Laptop & Accessory,4,Married,2,0,15.0,1.0,1.0,3.0,143.25,0,71.625,0.12
51431,0,29.0,Phone,1,13.0,Debit Card,Male,2.0,5,Fashion,1,Single,5,0,11.0,0.0,1.0,2.0,172.6,0,86.3,0.03
51432,0,0.0,Phone,3,14.0,Cash on Delivery,Male,3.0,3,Mobile Phone,5,Married,4,0,13.0,1.0,1.0,0.0,123.22,0,61.61,1.0
51433,0,10.189899366380917,Phone,1,15.0,Debit Card,Male,3.0,3,Mobile Phone,1,Married,4,0,23.0,1.0,1.0,3.0,120.75,0,60.375,0.09
51434,0,3.0,Phone,1,8.0,Debit Card,Male,4.0,4,Laptop & Accessory,1,Married,2,0,19.0,3.0,10.0,8.0,141.52,0,12.865454545454547,2.5
51435,1,9.0,Phone,3,15.0,Credit Card,Male,3.0,4,Fashion,1,Single,2,0,16.0,3.0,4.0,7.0,196.19,0,39.238,0.4
51436,0,13.0,Computer,1,6.0,Debit Card,Male,3.0,4,Grocery,4,Married,2,0,22.0,5.0,2.0,11.0,235.02999999999997,0,78.34333333333332,0.14
51437,0,24.0,Phone,3,27.0,E wallet,Male,3.0,3,Laptop & Accessory,1,Single,1,1,22.0,0.0,1.0,0.0,154.41,0,77.205,0.04
51438,0,3.0,Phone,3,10.0,Credit Card,Female,3.0,4,Laptop & Accessory,4,Married,2,1,12.0,2.0,2.0,7.0,152.09,1,50.696666666666665,0.5
51439,0,19.0,Computer,1,6.0,Credit Card,Male,2.0,4,Fashion,5,Married,3,1,13.0,4.0,9.0,5.0,206.73000000000002,0,20.673000000000002,0.45
51440,0,5.0,Phone,3,12.0,Credit Card,Male,2.0,3,Laptop & Accessory,3,Single,2,0,16.0,5.0,5.0,7.0,150.1,0,25.016666666666666,0.83
51441,0,27.0,Phone,1,8.0,Cash on Delivery,Female,2.0,3,Fashion,3,Married,10,0,12.0,0.0,2.0,3.0,235.49,0,78.49666666666667,0.07
51442,0,0.0,Phone,3,9.0,UPI,Female,2.0,3,Laptop & Accessory,3,Married,1,0,21.0,0.0,1.0,2.0,149.99,0,74.995,1.0
51443,0,1.0,Computer,3,10.0,Credit Card,Male,2.0,3,Laptop & Accessory,3,Married,2,0,15.0,0.0,1.0,4.0,142.21,0,71.105,0.5
51444,0,30.0,Phone,3,16.0,Credit Card,Male,2.0,3,Grocery,3,Single,1,0,13.0,0.0,2.0,8.0,238.72000000000003,0,79.57333333333334,0.06
51445,0,10.189899366380917,Computer,1,29.0,Credit Card,Male,3.0,3,Laptop & Accessory,4,Married,5,0,12.0,0.0,1.0,2.0,120.41999999999999,0,60.209999999999994,0.09
51446,1,10.189899366380917,Phone,2,12.0,UPI,Male,3.0,3,Mobile Phone,5,Married,5,1,22.0,0.0,1.0,2.0,120.72999999999999,0,60.364999999999995,0.09
51447,0,5.0,Phone,1,6.0,Debit Card,Male,2.9315348837209303,3,Mobile Phone,5,Single,2,0,13.0,0.0,1.0,0.0,129.56,0,64.78,0.17
51448,1,0.0,Computer,1,12.0,Debit Card,Female,2.9315348837209303,4,Mobile Phone,1,Single,2,1,18.0,0.0,1.0,0.0,129.26,1,64.63,1.0
51449,0,7.0,Phone,1,12.0,UPI,Female,2.0,3,Laptop & Accessory,3,Single,2,0,14.0,0.0,2.0,10.0,148.09,0,49.36333333333334,0.25
51450,0,10.0,Computer,1,8.0,Debit Card,Male,3.0,4,Laptop & Accessory,1,Married,6,0,14.0,1.0,1.0,0.0,151.63,0,75.815,0.09
51451,0,30.0,Computer,2,8.0,UPI,Female,2.0,4,Others,1,Married,10,0,21.0,1.0,2.0,2.0,288.44,0,96.14666666666666,0.06
51452,0,23.0,Computer,1,6.0,Debit Card,Female,3.0,3,Others,4,Married,4,1,19.0,1.0,1.0,7.0,281.72,0,140.86,0.04
51453,1,0.0,Phone,3,11.0,E wallet,Male,2.0,4,Laptop & Accessory,3,Single,2,1,11.0,0.0,1.0,3.0,157.44,1,78.72,1.0
51454,0,0.0,Phone,1,13.0,Credit Card,Male,2.9315348837209303,4,Mobile Phone,1,Married,2,0,11.0,0.0,2.0,1.0,128.89,0,42.96333333333333,2.0
51455,0,0.0,Phone,1,21.0,Credit Card,Female,2.9315348837209303,3,Mobile Phone,1,Single,2,0,15.0,1.0,1.0,0.0,128.71,0,64.355,1.0
51456,0,24.0,Computer,1,6.0,Credit Card,Female,1.0,4,Fashion,5,Single,4,0,20.0,4.0,12.0,8.0,174.84,0,13.44923076923077,0.48
51457,1,0.0,Computer,1,13.0,Debit Card,Male,3.0,5,Laptop & Accessory,3,Single,2,1,24.0,1.0,1.0,6.0,160.74,1,80.37,1.0
51458,0,27.0,Computer,2,32.0,UPI,Female,1.0,1,Grocery,1,Single,3,1,12.0,1.0,4.0,4.0,273.28,0,54.65599999999999,0.14
51459,0,0.0,Phone,1,24.0,Debit Card,Male,2.9315348837209303,3,Mobile Phone,3,Married,1,0,12.0,0.0,1.0,2.0,127.74000000000001,0,63.870000000000005,1.0
51460,0,7.0,Phone,1,12.0,Debit Card,Female,2.0,4,Laptop & Accessory,4,Married,7,0,15.0,1.0,1.0,0.0,145.05,0,72.525,0.12
51461,0,10.0,Phone,3,9.0,Debit Card,Male,2.0,3,Fashion,1,Single,3,0,12.0,0.0,1.0,3.0,174.28,0,87.14,0.09
51462,0,7.0,Phone,1,11.0,Credit Card,Female,2.0,4,Fashion,5,Single,3,0,12.0,2.0,5.0,3.0,216.31,0,36.05166666666667,0.62
51463,0,9.0,Computer,3,17.0,Cash on Delivery,Female,3.0,3,Fashion,1,Married,1,0,14.0,0.0,2.0,8.0,197.38,0,65.79333333333334,0.2
51464,0,9.0,Phone,1,9.0,Debit Card,Female,2.9315348837209303,3,Mobile Phone,1,Married,6,0,22.0,0.0,1.0,0.0,128.35,0,64.175,0.1
51465,0,16.0,Computer,3,32.0,Debit Card,Male,3.0,3,Grocery,1,Married,2,1,12.0,1.0,4.0,12.0,269.59,0,53.91799999999999,0.24
51466,0,3.0,Computer,1,14.0,Debit Card,Male,3.0,5,Mobile Phone,3,Married,2,0,25.0,0.0,1.0,9.0,126.13,0,63.065,0.25
51467,0,6.0,Computer,3,28.0,E wallet,Male,3.0,3,Laptop & Accessory,4,Married,1,0,13.0,0.0,1.0,7.0,161.46,0,80.73,0.14
51468,1,19.0,Phone,1,20.0,Debit Card,Female,3.0,3,Mobile Phone,4,Married,10,1,18.0,3.0,4.0,3.0,149.63,0,29.926,0.2
51469,0,24.0,Phone,1,12.0,Debit Card,Male,2.0,3,Others,3,Single,8,0,15.707921714818266,8.0,15.0,15.0,295.37,0,18.460625,0.6
51470,1,0.0,Phone,3,12.0,Debit Card,Male,3.0,5,Laptop & Accessory,3,Married,5,1,18.0,0.0,7.0,7.0,161.72,1,20.215,7.0
51471,0,0.0,Phone,1,14.0,UPI,Female,2.0,4,Mobile Phone,4,Married,2,0,19.0,2.0,4.0,3.0,123.68,0,24.736,4.0
51472,1,20.0,Phone,1,29.0,Credit Card,Female,3.0,3,Fashion,1,Married,2,0,12.0,7.0,15.0,6.0,203.12,0,12.695,0.71
51473,1,10.189899366380917,Phone,3,28.0,E wallet,Male,2.0,3,Mobile Phone,3,Single,2,1,19.0,1.0,1.0,0.0,116.75,0,58.375,0.09
51474,0,0.0,Phone,1,14.0,Cash on Delivery,Male,3.0,3,Mobile Phone,1,Married,1,0,14.0,2.0,2.0,1.0,125.22999999999999,0,41.74333333333333,2.0
51475,0,22.0,Phone,1,26.0,Credit Card,Female,3.0,3,Laptop & Accessory,5,Married,2,0,14.0,5.0,5.0,11.0,165.67,0,27.611666666666665,0.22
51476,0,16.0,Computer,1,34.0,Credit Card,Female,3.0,1,Mobile Phone,3,Single,5,0,12.0,0.0,1.0,2.0,147.39,0,73.695,0.06
51477,0,23.0,Computer,3,18.0,E wallet,Female,3.0,3,Fashion,1,Single,5,0,11.0,1.0,2.0,1.0,192.08,0,64.02666666666667,0.08
51478,1,0.0,Phone,3,26.0,Debit Card,Female,3.0,5,Laptop & Accessory,3,Married,4,1,11.0,0.0,2.0,2.0,145.59,1,48.53,2.0
51479,0,14.0,Phone,3,15.0,Debit Card,Male,3.0,3,Fashion,3,Married,4,1,13.0,0.0,1.0,7.0,181.89,0,90.945,0.07
51480,0,0.0,Phone,2,31.0,Debit Card,Female,2.9315348837209303,3,Mobile Phone,3,Married,2,0,23.0,2.0,5.0,7.0,129.42,0,21.569999999999997,5.0
51481,0,9.0,Phone,1,12.0,Credit Card,Male,2.0,3,Laptop & Accessory,4,Married,7,0,20.0,0.0,1.0,1.0,149.41,0,74.705,0.1
51482,1,14.0,Computer,1,14.0,Debit Card,Male,2.0,5,Fashion,1,Single,3,0,15.0,1.0,1.0,3.0,206.5,0,103.25,0.07
51483,0,12.0,Phone,3,10.0,Debit Card,Female,2.0,4,Laptop & Accessory,3,Married,5,0,14.0,5.0,5.0,9.0,159.02,0,26.503333333333334,0.38
51484,0,0.0,Phone,3,34.0,Debit Card,Male,2.0,4,Laptop & Accessory,3,Married,3,0,18.0,1.0,2.0,2.0,186.39,0,62.129999999999995,2.0
51485,0,3.0,Phone,2,15.0,UPI,Male,2.0,3,Laptop & Accessory,1,Married,1,1,19.0,4.0,4.0,7.0,163.47,1,32.694,1.0
51486,1,0.0,Phone,1,15.0,Credit Card,Female,2.0,3,Mobile Phone,5,Single,8,0,22.0,1.0,1.0,4.0,142.0,0,71.0,1.0
51487,0,18.0,Phone,1,35.0,Credit Card,Male,2.0,3,Mobile Phone,1,Single,6,0,13.0,1.0,1.0,3.0,134.52,0,67.26,0.05
51488,0,11.0,Phone,1,9.0,Cash on Delivery,Female,2.0,3,Laptop & Accessory,3,Single,4,1,20.0,2.0,2.0,2.0,143.17,0,47.72333333333333,0.17
51489,0,3.0,Phone,1,14.0,Debit Card,Female,3.0,3,Mobile Phone,3,Single,2,0,14.0,1.0,1.0,4.0,126.32,0,63.16,0.25
51490,0,5.0,Computer,3,15.0,Credit Card,Male,2.0,5,Laptop & Accessory,1,Married,1,0,17.0,0.0,1.0,7.0,146.68,0,73.34,0.17
51491,0,3.0,Phone,1,11.0,Cash on Delivery,Female,2.0,3,Mobile Phone,5,Married,6,0,14.0,0.0,2.0,30.0,132.04,0,44.01333333333333,0.5
51492,0,3.0,Phone,1,8.0,Credit Card,Male,2.9315348837209303,4,Mobile Phone,1,Single,1,0,13.0,0.0,1.0,2.0,127.19999999999999,0,63.599999999999994,0.25
51493,0,14.0,Computer,1,16.0,Debit Card,Male,3.0,4,Grocery,5,Married,5,0,13.0,1.0,7.0,7.0,271.81,0,33.97625,0.47
51494,0,10.189899366380917,Phone,1,15.0,Debit Card,Male,3.0,3,Mobile Phone,5,Married,3,0,21.0,0.0,1.0,4.0,122.38,0,61.19,0.09
51495,0,10.189899366380917,Phone,1,9.0,Credit Card,Female,3.0,3,Mobile Phone,4,Single,2,0,14.0,1.0,1.0,0.0,114.83000000000001,0,57.415000000000006,0.09
51496,0,13.0,Computer,1,32.0,Credit Card,Female,2.0,3,Laptop & Accessory,4,Married,2,0,11.0,0.0,2.0,13.0,156.05,0,52.01666666666667,0.14
51497,0,8.0,Phone,3,6.0,E wallet,Male,3.0,3,Fashion,4,Married,2,0,13.0,0.0,1.0,6.0,172.95,0,86.475,0.11
51498,0,10.189899366380917,Phone,3,12.0,E wallet,Male,2.0,3,Laptop & Accessory,3,Married,3,1,20.0,0.0,4.0,5.0,123.06,0,24.612000000000002,0.36
51499,0,18.0,Phone,1,14.0,Debit Card,Male,2.0,3,Laptop & Accessory,4,Married,9,0,18.0,1.0,1.0,15.0,123.47999999999999,0,61.739999999999995,0.05
51500,0,5.0,Computer,3,14.0,E wallet,Female,2.0,3,Fashion,1,Single,2,0,14.0,2.0,3.0,7.0,189.98,0,47.495,0.5
51501,0,2.0,Computer,1,6.0,Cash on Delivery,Male,2.0,3,Laptop & Accessory,3,Married,2,0,13.0,0.0,1.0,9.0,143.19,0,71.595,0.33
51502,0,24.0,Phone,1,13.0,Credit Card,Male,2.0,4,Laptop & Accessory,3,Married,3,0,17.0,1.0,1.0,0.0,161.32,0,80.66,0.04
51503,0,30.0,Phone,1,15.0,Credit Card,Female,3.0,4,Mobile Phone,4,Married,5,1,20.0,1.0,1.0,0.0,133.46,0,66.73,0.03
51504,0,13.0,Phone,3,10.0,E wallet,Male,3.0,4,Fashion,1,Married,8,0,11.0,1.0,2.0,11.0,208.55,0,69.51666666666667,0.14
51505,0,10.189899366380917,Computer,3,8.0,E wallet,Female,3.0,3,Mobile Phone,3,Married,7,0,18.0,0.0,1.0,2.0,122.31,0,61.155,0.09
51506,0,0.0,Phone,1,14.0,Credit Card,Male,3.0,3,Mobile Phone,1,Married,2,0,24.0,2.0,2.0,2.0,123.22999999999999,0,41.07666666666666,2.0
51507,0,10.189899366380917,Computer,1,15.0,Credit Card,Male,2.0,3,Mobile Phone,4,Married,7,0,18.0,2.0,2.0,2.0,120.24000000000001,0,40.080000000000005,0.18
51508,0,1.0,Phone,1,27.0,Credit Card,Male,2.9315348837209303,3,Mobile Phone,1,Married,2,0,11.0,0.0,1.0,2.0,127.13,0,63.565,0.5
51509,0,30.0,Phone,1,30.0,Debit Card,Male,2.0,1,Fashion,1,Married,4,1,16.0,1.0,1.0,4.0,194.39,0,97.195,0.03
51510,0,0.0,Computer,1,14.0,Credit Card,Male,3.0,4,Mobile Phone,3,Married,2,1,15.0,0.0,1.0,1.0,125.66,1,62.83,1.0
51511,0,23.0,Phone,1,17.0,Debit Card,Female,2.0,3,Others,4,Single,4,0,15.707921714818266,0.0,4.0,4.0,299.26,0,59.852,0.17
51512,0,14.0,Phone,1,14.0,Debit Card,Male,2.0,3,Mobile Phone,3,Married,5,0,12.0,1.0,1.0,8.0,124.50999999999999,0,62.254999999999995,0.07
51513,0,3.0,Phone,3,11.0,Debit Card,Female,2.0,3,Fashion,1,Married,3,0,12.0,1.0,7.0,4.0,194.19,0,24.27375,1.75
51514,0,11.0,Phone,3,6.0,Debit Card,Female,2.0,4,Laptop & Accessory,1,Single,5,0,22.0,0.0,1.0,7.0,186.86,0,93.43,0.08
51515,0,5.0,Phone,1,12.0,Debit Card,Male,2.9315348837209303,3,Mobile Phone,3,Single,4,0,20.0,0.0,1.0,4.0,130.38,0,65.19,0.17
51516,0,0.0,Phone,1,23.0,Cash on Delivery,Male,2.9315348837209303,3,Mobile Phone,4,Married,1,1,16.0,0.0,1.0,1.0,130.58,1,65.29,1.0
51517,1,0.0,Computer,3,14.0,Cash on Delivery,Female,3.0,5,Mobile Phone,5,Single,1,0,21.0,1.0,1.0,0.0,123.25,0,61.625,1.0
51518,0,10.189899366380917,Computer,1,9.0,Credit Card,Male,1.0,3,Mobile Phone,4,Single,5,0,12.0,2.0,7.0,2.0,120.88,0,15.11,0.63
51519,0,3.0,Computer,1,15.0,Credit Card,Male,2.9315348837209303,3,Laptop & Accessory,5,Married,2,0,11.0,5.0,6.0,10.0,130.72,0,18.674285714285713,1.5
51520,0,18.0,Phone,3,10.0,Debit Card,Female,1.0,3,Laptop & Accessory,5,Married,5,1,11.0,0.0,1.0,3.0,150.06,0,75.03,0.05
51521,0,29.0,Phone,1,14.0,Debit Card,Female,3.0,3,Mobile Phone,5,Married,5,1,18.0,2.0,2.0,2.0,142.57,0,47.52333333333333,0.07
51522,0,6.0,Phone,1,14.0,Debit Card,Male,2.0,3,Mobile Phone,1,Single,1,0,14.0,1.0,1.0,2.0,125.0,0,62.5,0.14
51523,1,0.0,Phone,1,8.0,Debit Card,Male,2.0,4,Mobile Phone,1,Single,2,0,22.0,1.0,1.0,0.0,111.02000000000001,0,55.510000000000005,1.0
51524,0,19.0,Phone,3,6.0,E wallet,Female,3.0,3,Fashion,5,Married,2,0,25.0,8.0,15.0,7.0,204.53,0,12.783125,0.75
51525,0,10.189899366380917,Phone,1,15.0,Debit Card,Female,3.0,3,Mobile Phone,1,Single,2,0,12.0,1.0,2.0,1.0,122.88,0,40.96,0.18
51526,0,4.0,Phone,1,18.0,Credit Card,Female,3.0,3,Mobile Phone,1,Married,9,1,23.0,1.0,1.0,2.0,139.29,0,69.645,0.2
51527,0,10.189899366380917,Phone,1,33.0,Credit Card,Female,3.0,3,Mobile Phone,4,Single,3,0,15.0,0.0,1.0,2.0,123.11000000000001,0,61.55500000000001,0.09
51528,1,4.0,Phone,3,26.0,E wallet,Female,2.9315348837209303,3,Mobile Phone,4,Single,2,1,22.0,0.0,1.0,2.0,131.4,0,65.7,0.2
51529,0,23.0,Phone,1,6.0,Credit Card,Male,2.0,4,Mobile Phone,3,Married,3,0,15.0,1.0,1.0,2.0,136.9,0,68.45,0.04
51530,0,26.0,Phone,1,19.0,Credit Card,Female,2.0,1,Laptop & Accessory,5,Married,2,0,11.0,1.0,1.0,3.0,144.5,0,72.25,0.04
51531,0,6.0,Phone,1,20.0,Credit Card,Female,2.9315348837209303,3,Mobile Phone,4,Married,2,0,13.0,1.0,1.0,6.0,127.56,0,63.78,0.14
51532,0,13.0,Phone,1,10.0,Credit Card,Female,2.0,3,Others,3,Married,2,0,14.0,1.0,9.0,9.0,290.33,0,29.032999999999998,0.64
51533,0,28.0,Phone,1,20.0,Credit Card,Male,3.0,1,Others,4,Single,9,0,11.0,1.0,2.0,15.0,287.22,0,95.74000000000001,0.07
51534,0,7.0,Computer,1,8.0,Debit Card,Male,2.0,4,Laptop & Accessory,3,Married,2,0,17.0,0.0,1.0,9.0,195.47,0,97.735,0.12
51535,0,24.0,Phone,1,9.0,Credit Card,Female,3.0,3,Grocery,4,Single,4,0,18.0,1.0,2.0,0.0,237.33999999999997,0,79.11333333333333,0.08
51536,0,25.0,Phone,1,6.0,Debit Card,Male,3.0,4,Others,3,Married,1,0,15.707921714818266,7.0,11.0,9.0,299.99,0,24.999166666666667,0.42
51537,0,10.189899366380917,Phone,1,15.0,Credit Card,Female,4.0,3,Mobile Phone,4,Single,2,0,16.0,0.0,1.0,3.0,122.78999999999999,0,61.394999999999996,0.09
51538,1,0.0,Phone,1,29.0,Debit Card,Male,2.0,4,Laptop & Accessory,3,Married,4,1,13.0,1.0,1.0,1.0,159.16,1,79.58,1.0
51539,0,10.189899366380917,Computer,1,13.0,Credit Card,Male,2.0,1,Mobile Phone,1,Married,5,0,14.0,1.0,2.0,2.0,120.88999999999999,0,40.29666666666666,0.18
51540,0,18.0,Computer,1,8.0,Credit Card,Male,3.0,4,Grocery,1,Married,10,0,23.0,1.0,11.0,8.0,267.92,0,22.326666666666668,0.58
51541,0,10.0,Phone,1,27.0,Debit Card,Male,3.0,1,Mobile Phone,5,Married,2,1,12.0,1.0,1.0,7.0,135.64,0,67.82,0.09
51542,0,8.0,Computer,1,8.0,Credit Card,Female,2.0,3,Laptop & Accessory,4,Single,6,0,11.0,0.0,1.0,2.0,144.25,0,72.125,0.11
51543,0,15.0,Computer,1,27.0,Credit Card,Female,2.0,3,Laptop & Accessory,3,Married,3,0,16.0,0.0,1.0,2.0,152.65,0,76.325,0.06
51544,0,11.0,Phone,1,8.0,Debit Card,Male,2.0,3,Laptop & Accessory,3,Married,10,0,14.0,1.0,1.0,0.0,165.53,0,82.765,0.08
51545,0,11.0,Phone,1,35.0,Cash on Delivery,Male,2.0,3,Laptop & Accessory,1,Married,4,0,18.0,0.0,1.0,7.0,162.61,0,81.305,0.08
51546,0,0.0,Computer,1,6.0,Cash on Delivery,Male,2.0,4,Laptop & Accessory,5,Married,6,0,19.0,2.0,2.0,0.0,142.98,0,47.66,2.0
51547,0,22.0,Computer,1,24.0,Debit Card,Male,3.0,3,Laptop & Accessory,1,Married,2,1,15.0,0.0,1.0,7.0,168.04,0,84.02,0.04
51548,0,7.0,Computer,1,16.0,Credit Card,Male,2.0,3,Mobile Phone,3,Married,2,1,17.0,2.0,2.0,0.0,138.15,0,46.050000000000004,0.25
51549,0,13.0,Phone,1,25.0,Credit Card,Male,2.9315348837209303,3,Laptop & Accessory,1,Married,9,1,15.0,3.0,3.0,7.0,127.41,0,31.8525,0.21
51550,1,1.0,Phone,1,35.0,Credit Card,Male,3.0,3,Laptop & Accessory,5,Married,8,1,19.0,1.0,1.0,0.0,166.73,1,83.365,0.5
51551,1,0.0,Phone,3,33.0,E wallet,Female,2.0,3,Fashion,1,Married,2,0,22.0,0.0,1.0,9.0,176.39,0,88.195,1.0
51552,0,0.0,Phone,1,14.0,Debit Card,Male,2.0,1,Mobile Phone,4,Married,2,1,16.0,2.0,2.0,2.0,123.28,1,41.093333333333334,2.0
51553,0,10.189899366380917,Computer,1,24.0,Credit Card,Female,3.0,3,Mobile Phone,1,Single,2,0,13.0,0.0,1.0,7.0,121.53,0,60.765,0.09
51554,0,13.0,Computer,1,15.0,Debit Card,Male,3.0,4,Laptop & Accessory,1,Married,10,0,14.0,0.0,1.0,2.0,148.76,0,74.38,0.07
51555,0,19.0,Phone,1,6.0,Credit Card,Male,3.0,3,Fashion,5,Married,8,0,16.0,0.0,1.0,3.0,193.96,0,96.98,0.05
51556,1,0.0,Phone,3,10.0,Credit Card,Male,2.0,5,Fashion,1,Married,2,0,11.0,6.0,9.0,8.0,204.0,0,20.4,9.0
51557,0,3.0,Computer,1,6.0,Debit Card,Male,2.0,4,Fashion,3,Single,2,0,22.0,4.0,5.0,8.0,184.74,0,30.790000000000003,1.25
51558,0,0.0,Computer,3,26.0,Debit Card,Female,2.0,3,Laptop & Accessory,3,Single,2,0,14.0,1.0,1.0,7.0,199.81,0,99.905,1.0
51559,0,24.0,Phone,1,14.0,Debit Card,Male,2.0,4,Fashion,4,Married,6,0,16.0,2.0,4.0,3.0,224.89999999999998,0,44.98,0.16
51560,1,0.0,Phone,1,14.0,Cash on Delivery,Female,2.0,3,Mobile Phone,5,Single,6,1,11.0,0.0,1.0,4.0,126.57,1,63.285,1.0
51561,0,14.0,Phone,3,12.0,Debit Card,Female,3.0,3,Fashion,1,Single,4,1,18.0,0.0,2.0,0.0,235.91000000000003,0,78.63666666666667,0.13
51562,1,0.0,Computer,3,32.0,E wallet,Female,2.0,4,Laptop & Accessory,5,Single,6,0,15.0,1.0,1.0,1.0,166.96,0,83.48,1.0
51563,1,10.189899366380917,Phone,1,6.0,Cash on Delivery,Male,2.0,3,Mobile Phone,3,Single,1,0,14.0,0.0,1.0,5.0,120.58000000000001,0,60.290000000000006,0.09
51564,0,18.0,Computer,3,12.0,Credit Card,Female,2.0,4,Fashion,1,Single,7,0,12.0,5.0,12.0,8.0,188.65,0,14.511538461538462,0.63
51565,0,27.0,Phone,3,9.0,E wallet,Female,2.0,3,Laptop & Accessory,5,Married,3,0,14.0,1.0,1.0,5.0,159.4,0,79.7,0.04
51566,0,9.0,Phone,1,11.0,Debit Card,Male,3.0,3,Laptop & Accessory,4,Single,9,0,16.0,2.0,3.0,7.0,159.14,0,39.785,0.3
51567,0,6.0,Phone,1,14.0,Credit Card,Female,2.0,4,Mobile Phone,4,Married,7,0,21.0,0.0,1.0,1.0,126.22,0,63.11,0.14
51568,0,10.0,Computer,1,17.0,UPI,Male,2.0,3,Fashion,1,Married,2,1,14.0,1.0,1.0,3.0,221.85000000000002,0,110.92500000000001,0.09
51569,0,11.0,Phone,3,9.0,Debit Card,Male,3.0,3,Fashion,3,Married,1,0,12.0,1.0,5.0,13.0,206.08999999999997,0,34.34833333333333,0.42
51570,0,4.0,Computer,1,6.0,Credit Card,Male,2.0,5,Laptop & Accessory,3,Married,1,0,12.0,0.0,1.0,4.0,143.45,0,71.725,0.2
51571,0,10.189899366380917,Phone,1,9.0,Debit Card,Male,3.0,4,Mobile Phone,1,Married,4,0,17.0,0.0,1.0,0.0,121.77000000000001,0,60.885000000000005,0.09
51572,0,10.0,Computer,3,10.0,E wallet,Male,2.9315348837209303,3,Mobile Phone,1,Married,5,0,17.0,3.0,5.0,8.0,127.93,0,21.32166666666667,0.45
51573,0,2.0,Computer,3,6.0,Credit Card,Female,2.0,3,Fashion,1,Married,2,0,14.0,4.0,4.0,1.0,179.18,0,35.836,1.33
51574,0,8.0,Computer,3,6.0,E wallet,Female,3.0,3,Fashion,3,Single,2,0,14.0,1.0,1.0,8.0,187.89,0,93.945,0.11
51575,1,0.0,Phone,1,14.0,Credit Card,Male,2.0,4,Mobile Phone,1,Single,2,1,13.0,0.0,1.0,1.0,123.88999999999999,1,61.94499999999999,1.0
51576,0,25.0,Phone,1,8.0,Debit Card,Female,2.0,4,Mobile Phone,1,Single,8,0,15.0,2.0,2.0,2.0,132.12,0,44.04,0.08
51577,0,15.0,Phone,1,10.0,Cash on Delivery,Male,2.0,3,Others,1,Married,2,0,15.707921714818266,0.0,11.0,15.0,292.32,0,24.36,0.69
51578,0,10.189899366380917,Phone,2,12.0,Credit Card,Male,2.0,3,Mobile Phone,3,Married,9,0,17.0,0.0,2.0,2.0,122.66999999999999,0,40.88999999999999,0.18
51579,0,23.0,Phone,3,6.0,Credit Card,Female,3.0,3,Others,1,Married,4,0,15.707921714818266,1.0,1.0,6.0,295.17,0,147.585,0.04
51580,1,0.0,Phone,1,14.0,Credit Card,Male,2.0,3,Mobile Phone,1,Married,6,1,13.0,1.0,1.0,4.0,124.36000000000001,1,62.18000000000001,1.0
51581,0,16.0,Phone,3,22.0,E wallet,Female,3.0,3,Grocery,1,Married,6,1,22.0,0.0,2.0,9.0,260.64,0,86.88,0.12
51582,1,0.0,Phone,1,8.0,Debit Card,Female,2.9315348837209303,3,Mobile Phone,5,Married,8,0,20.0,1.0,1.0,7.0,127.07,0,63.535,1.0
51583,0,25.0,Computer,3,8.0,Debit Card,Male,3.0,4,Others,3,Single,2,1,18.0,1.0,15.0,12.0,290.68,0,18.1675,0.58
51584,0,5.0,Phone,3,10.0,Debit Card,Female,2.0,3,Mobile Phone,4,Married,3,0,11.0,1.0,1.0,2.0,139.31,0,69.655,0.17
51585,1,0.0,Phone,1,6.0,Debit Card,Male,3.0,4,Mobile Phone,3,Single,1,1,14.0,0.0,1.0,2.0,137.3,1,68.65,1.0
51586,0,10.189899366380917,Phone,1,6.0,Credit Card,Female,3.0,3,Mobile Phone,3,Married,8,0,14.0,1.0,1.0,2.0,122.32,0,61.16,0.09
51587,0,5.0,Computer,3,32.0,E wallet,Male,3.0,3,Laptop & Accessory,1,Married,1,0,18.0,2.0,2.0,2.0,144.65,0,48.21666666666667,0.33
51588,0,14.0,Phone,1,25.0,Debit Card,Male,2.9315348837209303,3,Laptop & Accessory,5,Married,3,0,16.0,0.0,1.0,0.0,130.72,0,65.36,0.07
51589,0,13.0,Phone,1,30.0,Cash on Delivery,Male,3.0,3,Laptop & Accessory,1,Married,2,0,17.0,2.0,4.0,7.0,133.19,0,26.637999999999998,0.29
51590,0,18.0,Phone,1,6.0,UPI,Male,3.0,1,Others,1,Married,1,0,15.707921714818266,1.0,1.0,7.0,292.02,0,146.01,0.05
51591,0,4.0,Computer,1,9.0,Credit Card,Male,3.0,3,Fashion,3,Married,10,0,12.0,2.0,2.0,2.0,236.75,0,78.91666666666667,0.4
51592,0,6.0,Phone,1,11.0,Debit Card,Female,2.9315348837209303,4,Mobile Phone,1,Married,2,0,13.0,0.0,1.0,2.0,129.11,0,64.555,0.14
51593,0,7.0,Phone,1,8.0,Debit Card,Male,2.0,4,Laptop & Accessory,5,Married,7,0,13.0,0.0,5.0,9.0,159.57,0,26.595,0.62
51594,0,10.0,Phone,1,6.0,Credit Card,Female,2.0,4,Mobile Phone,5,Married,3,0,14.0,0.0,1.0,2.0,139.2,0,69.6,0.09
51595,0,18.0,Computer,1,13.0,Debit Card,Male,3.0,1,Laptop & Accessory,3,Married,5,0,17.0,1.0,1.0,2.0,164.34,0,82.17,0.05
51596,1,0.0,Computer,1,16.0,Credit Card,Male,3.0,3,Fashion,3,Married,7,0,11.0,0.0,1.0,0.0,200.48,0,100.24,1.0
51597,0,12.0,Computer,1,8.0,Cash on Delivery,Female,3.0,3,Fashion,3,Single,1,0,25.0,6.0,11.0,3.0,209.38,0,17.448333333333334,0.85
51598,0,2.0,Phone,1,14.0,Debit Card,Male,2.0,3,Mobile Phone,1,Single,2,0,19.0,1.0,1.0,5.0,123.4,0,61.7,0.33
51599,0,15.0,Phone,1,23.0,Debit Card,Female,2.0,1,Laptop & Accessory,5,Single,4,1,13.0,1.0,1.0,2.0,165.45,0,82.725,0.06
51600,0,2.0,Phone,3,26.0,E wallet,Male,2.0,3,Laptop & Accessory,1,Married,3,0,14.0,1.0,1.0,2.0,169.31,0,84.655,0.33
51601,0,0.0,Phone,1,6.0,Debit Card,Female,3.0,3,Laptop & Accessory,3,Married,1,0,12.0,1.0,1.0,2.0,148.98,0,74.49,1.0
51602,0,15.0,Phone,1,14.0,Credit Card,Female,2.0,4,Mobile Phone,5,Married,1,1,11.0,7.0,7.0,8.0,125.93,0,15.74125,0.44
51603,0,13.0,Phone,1,8.0,Credit Card,Male,2.0,3,Others,3,Married,1,0,15.707921714818266,3.0,3.0,9.0,294.36,0,73.59,0.21
51604,0,24.0,Phone,1,6.0,Debit Card,Male,2.9315348837209303,3,Mobile Phone,1,Married,2,0,11.0,1.0,1.0,0.0,127.22999999999999,0,63.614999999999995,0.04
51605,1,0.0,Computer,1,35.0,Credit Card,Male,3.0,4,Mobile Phone,4,Single,1,0,11.0,0.0,1.0,4.0,134.79,0,67.395,1.0
51606,0,5.0,Computer,1,13.0,Debit Card,Male,2.9315348837209303,1,Mobile Phone,4,Married,2,0,20.0,0.0,1.0,3.0,127.94,0,63.97,0.17
51607,0,11.0,Computer,3,8.0,Debit Card,Male,2.0,4,Laptop & Accessory,1,Married,4,0,18.0,1.0,7.0,5.0,152.49,0,19.06125,0.58
51608,0,10.189899366380917,Phone,1,8.0,Cash on Delivery,Male,2.0,4,Laptop & Accessory,5,Single,5,0,13.0,0.0,1.0,4.0,121.75999999999999,0,60.879999999999995,0.09
51609,0,19.0,Phone,3,8.0,Cash on Delivery,Female,3.0,5,Grocery,4,Married,4,1,12.0,1.0,7.0,7.0,268.72,0,33.59,0.35
51610,1,0.0,Phone,1,8.0,Debit Card,Male,3.0,3,Mobile Phone,3,Single,3,0,11.0,0.0,1.0,0.0,134.85,0,67.425,1.0
51611,0,2.0,Phone,3,8.0,Credit Card,Male,3.0,4,Laptop & Accessory,4,Married,3,0,19.0,1.0,1.0,0.0,166.44,0,83.22,0.33
51612,0,4.0,Phone,1,29.0,Credit Card,Male,3.0,4,Laptop & Accessory,1,Married,1,0,21.0,0.0,7.0,8.0,155.82,0,19.4775,1.4
51613,0,0.0,Computer,1,11.0,Debit Card,Male,2.0,1,Laptop & Accessory,5,Married,2,0,12.0,1.0,1.0,5.0,140.0,0,70.0,1.0
51614,0,18.0,Phone,1,26.0,Credit Card,Male,3.0,3,Grocery,1,Married,1,1,14.0,2.0,2.0,10.0,234.95999999999998,0,78.32,0.11
51615,0,9.0,Phone,1,12.0,Debit Card,Male,2.0,3,Mobile Phone,1,Married,1,0,11.0,1.0,10.0,11.0,132.1,0,12.009090909090908,1.0
51616,0,28.0,Phone,1,6.0,Credit Card,Male,2.0,3,Others,5,Single,1,1,14.0,1.0,4.0,13.0,290.45,0,58.089999999999996,0.14
51617,1,10.0,Computer,1,35.0,Debit Card,Male,2.0,3,Fashion,4,Married,2,1,12.0,4.0,9.0,3.0,218.49,0,21.849,0.82
51618,0,10.189899366380917,Phone,1,15.0,Credit Card,Male,3.0,3,Mobile Phone,1,Married,2,0,23.0,1.0,1.0,4.0,120.69999999999999,0,60.349999999999994,0.09
51619,0,10.0,Phone,3,12.0,Credit Card,Male,3.0,3,Laptop & Accessory,1,Married,5,0,14.0,1.0,1.0,1.0,165.02,0,82.51,0.09
51620,0,0.0,Phone,1,9.0,Credit Card,Male,3.0,4,Mobile Phone,3,Single,2,0,17.0,1.0,1.0,0.0,132.3,0,66.15,1.0
51621,0,10.0,Computer,1,6.0,Credit Card,Female,3.0,3,Fashion,1,Married,3,1,18.0,0.0,2.0,2.0,236.02999999999997,0,78.67666666666666,0.18
51622,0,8.0,Phone,1,28.0,Debit Card,Female,3.0,1,Fashion,4,Married,8,0,18.0,5.0,6.0,3.0,219.95999999999998,0,31.42285714285714,0.67
51623,0,11.0,Phone,3,13.0,Credit Card,Female,2.0,1,Laptop & Accessory,5,Married,2,1,24.0,4.0,7.0,7.0,156.05,0,19.50625,0.58
51624,0,0.0,Computer,1,6.0,Debit Card,Female,2.0,3,Laptop & Accessory,4,Married,2,0,20.0,1.0,1.0,4.0,163.97,0,81.985,1.0
51625,0,23.0,Phone,1,10.0,Debit Card,Male,3.0,3,Others,4,Married,4,0,14.0,1.0,1.0,6.0,291.44,0,145.72,0.04
51626,0,26.0,Phone,1,9.0,Credit Card,Male,2.0,3,Grocery,3,Married,4,1,16.0,1.0,1.0,3.0,275.84,0,137.92,0.04
51627,0,15.0,Phone,3,6.0,Debit Card,Male,1.0,3,Laptop & Accessory,3,Married,2,0,25.0,6.0,11.0,6.0,149.07,0,12.4225,0.69
51628,0,2.0,Computer,3,8.0,Debit Card,Male,2.0,3,Laptop & Accessory,1,Single,2,0,18.0,0.0,1.0,9.0,145.54,0,72.77,0.33
51629,0,28.0,Phone,1,26.0,Cash on Delivery,Male,2.0,3,Laptop & Accessory,1,Married,4,1,19.0,0.0,1.0,8.0,154.15,0,77.075,0.03
51630,0,0.0,Computer,1,17.0,Credit Card,Male,2.0,3,Laptop & Accessory,5,Married,2,1,13.0,1.0,3.0,3.0,147.41,1,36.8525,3.0
51631,0,10.189899366380917,Phone,1,6.0,Debit Card,Female,2.0,3,Mobile Phone,1,Single,2,0,12.0,1.0,5.0,7.0,121.15,0,20.191666666666666,0.45
51632,1,7.0,Computer,1,30.0,Debit Card,Male,2.9315348837209303,3,Mobile Phone,3,Married,4,1,22.0,0.0,1.0,0.0,131.61,0,65.805,0.12
51633,0,11.0,Phone,1,29.0,Debit Card,Male,2.0,3,Laptop & Accessory,1,Married,10,0,14.0,0.0,1.0,2.0,157.45,0,78.725,0.08
51634,1,0.0,Phone,1,14.0,Credit Card,Male,2.0,3,Mobile Phone,4,Married,3,1,13.0,1.0,1.0,2.0,123.72999999999999,1,61.864999999999995,1.0
51635,0,1.0,Phone,1,14.0,Debit Card,Female,3.0,3,Mobile Phone,1,Single,2,0,21.0,1.0,1.0,2.0,133.1,0,66.55,0.5
51636,0,22.0,Computer,1,16.0,Debit Card,Female,2.0,3,Others,5,Single,10,1,11.0,1.0,1.0,2.0,286.65,0,143.325,0.04
51637,0,9.0,Phone,1,9.0,Cash on Delivery,Male,1.0,3,Laptop & Accessory,4,Single,5,0,12.0,2.0,7.0,7.0,144.85,0,18.10625,0.7
51638,0,4.0,Computer,3,11.0,E wallet,Female,2.9315348837209303,3,Mobile Phone,4,Married,2,0,11.0,0.0,2.0,2.0,127.88999999999999,0,42.629999999999995,0.4
51639,1,0.0,Phone,3,10.0,E wallet,Male,2.0,4,Laptop & Accessory,1,Single,2,1,12.0,4.0,7.0,4.0,158.28,1,19.785,7.0
51640,0,10.0,Computer,1,14.0,Credit Card,Male,2.0,3,Mobile Phone,1,Married,2,1,12.0,0.0,1.0,2.0,123.25999999999999,0,61.629999999999995,0.09
51641,0,15.0,Computer,3,32.0,E wallet,Female,3.0,3,Grocery,4,Married,6,0,14.0,3.0,2.0,8.0,235.25,0,78.41666666666667,0.12
51642,1,10.189899366380917,Phone,1,9.0,Debit Card,Male,2.0,3,Mobile Phone,3,Single,2,0,13.0,1.0,1.0,0.0,114.19999999999999,0,57.099999999999994,0.09
51643,0,8.0,Phone,3,22.0,E wallet,Male,3.0,3,Fashion,4,Married,1,0,15.0,3.0,6.0,9.0,180.2,0,25.74285714285714,0.67
51644,0,9.0,Computer,1,24.0,Debit Card,Male,2.0,1,Mobile Phone,1,Married,5,0,18.0,1.0,1.0,0.0,136.88,0,68.44,0.1
51645,0,24.0,Phone,1,8.0,Credit Card,Male,2.0,5,Laptop & Accessory,4,Married,6,0,18.0,0.0,1.0,2.0,154.82,0,77.41,0.04
51646,0,14.0,Phone,3,8.0,Debit Card,Male,2.0,3,Grocery,4,Single,2,0,19.0,1.0,2.0,4.0,260.15,0,86.71666666666665,0.13
51647,0,10.189899366380917,Phone,3,16.0,Credit Card,Female,3.0,4,Mobile Phone,3,Single,2,0,12.0,0.0,1.0,0.0,112.0,0,56.0,0.09
51648,0,1.0,Phone,1,22.0,Credit Card,Male,3.0,1,Laptop & Accessory,5,Single,1,0,19.0,0.0,1.0,7.0,156.61,0,78.305,0.5
51649,0,4.0,Phone,3,13.0,Cash on Delivery,Male,3.0,1,Laptop & Accessory,1,Married,5,0,11.0,3.0,7.0,7.0,169.29,0,21.16125,1.4
51650,0,12.0,Phone,1,6.0,Credit Card,Male,2.0,1,Fashion,1,Married,1,0,17.0,1.0,3.0,7.0,196.13,0,49.0325,0.23
51651,0,9.0,Computer,1,30.0,Debit Card,Female,2.0,3,Laptop & Accessory,4,Married,8,0,15.0,1.0,1.0,8.0,156.74,0,78.37,0.1
51652,0,5.0,Phone,3,13.0,Debit Card,Male,3.0,4,Laptop & Accessory,3,Married,2,0,14.0,3.0,4.0,8.0,154.84,0,30.968,0.67
51653,0,11.0,Phone,1,31.0,Debit Card,Female,2.0,4,Fashion,4,Married,4,0,17.0,0.0,1.0,3.0,220.61,0,110.305,0.08
51654,0,30.0,Computer,1,6.0,Debit Card,Male,2.0,5,Laptop & Accessory,3,Married,3,1,13.0,1.0,1.0,2.0,156.6,0,78.3,0.03
51655,0,4.0,Phone,1,11.0,Cash on Delivery,Male,2.0,3,Mobile Phone,1,Married,1,1,12.0,1.0,1.0,3.0,148.21,0,74.105,0.2
51656,0,4.0,Phone,2,8.0,UPI,Male,3.0,4,Laptop & Accessory,5,Married,4,0,12.0,0.0,1.0,0.0,164.1,0,82.05,0.2
51657,0,18.0,Computer,1,13.0,Debit Card,Male,3.0,3,Fashion,5,Married,2,0,18.0,2.0,9.0,11.0,152.1,0,15.209999999999999,0.47
51658,0,4.0,Phone,1,8.0,Debit Card,Male,2.9315348837209303,3,Mobile Phone,1,Married,1,1,18.0,2.0,2.0,2.0,126.94999999999999,0,42.31666666666666,0.4
51659,0,6.0,Computer,1,11.0,Debit Card,Female,3.0,3,Fashion,4,Married,7,0,11.0,7.0,8.0,3.0,218.77999999999997,0,24.308888888888887,1.14
51660,0,0.0,Phone,1,16.0,Credit Card,Male,3.0,3,Grocery,5,Married,2,1,14.0,1.0,11.0,10.0,270.68,1,22.55666666666667,11.0
51661,0,16.0,Computer,1,14.0,Debit Card,Female,2.0,3,Mobile Phone,1,Single,1,0,19.0,0.0,1.0,7.0,124.55000000000001,0,62.275000000000006,0.06
51662,0,22.0,Phone,1,6.0,Cash on Delivery,Female,2.0,4,Grocery,3,Single,8,1,12.0,0.0,2.0,7.0,239.64,0,79.88,0.09
51663,1,15.0,Phone,1,14.0,Credit Card,Male,2.0,4,Laptop & Accessory,4,Married,3,0,15.0,7.0,7.0,7.0,149.41,0,18.67625,0.44
51664,0,0.0,Phone,1,14.0,Debit Card,Female,2.0,3,Mobile Phone,4,Single,2,1,12.0,0.0,1.0,2.0,124.78,1,62.39,1.0
51665,0,5.0,Phone,3,14.0,Cash on Delivery,Female,3.0,4,Laptop & Accessory,4,Married,2,1,11.0,11.0,11.0,9.0,152.28,0,12.69,1.83
51666,0,0.0,Phone,3,8.0,Debit Card,Male,3.0,3,Laptop & Accessory,3,Single,2,1,11.0,0.0,1.0,4.0,144.78,1,72.39,1.0
51667,0,4.0,Phone,3,13.0,E wallet,Male,3.0,3,Laptop & Accessory,1,Married,5,0,12.0,0.0,1.0,7.0,175.47,0,87.735,0.2
51668,0,5.0,Phone,1,8.0,Credit Card,Female,3.0,1,Laptop & Accessory,1,Single,8,0,16.0,0.0,1.0,7.0,150.55,0,75.275,0.17
51669,1,0.0,Phone,1,8.0,Credit Card,Male,2.0,5,Mobile Phone,1,Married,6,1,13.0,1.0,2.0,2.0,134.64,1,44.879999999999995,2.0
51670,0,3.0,Phone,1,34.0,Credit Card,Female,3.0,3,Laptop & Accessory,1,Married,2,0,13.0,1.0,1.0,9.0,157.75,0,78.875,0.25
51671,0,4.0,Computer,1,13.0,Debit Card,Female,2.0,4,Fashion,3,Married,2,0,24.0,7.0,8.0,9.0,189.43,0,21.047777777777778,1.6
51672,0,12.0,Computer,1,13.0,Credit Card,Male,2.0,4,Others,1,Married,2,0,15.707921714818266,6.0,13.0,3.0,292.72,0,20.90857142857143,1.0
51673,1,2.0,Phone,3,9.0,Credit Card,Female,2.0,3,Laptop & Accessory,3,Married,5,1,18.0,1.0,1.0,0.0,152.38,1,76.19,0.33
51674,0,6.0,Computer,3,16.0,E wallet,Male,2.0,4,Laptop & Accessory,1,Single,4,0,14.0,1.0,1.0,1.0,146.82,0,73.41,0.14
51675,0,20.0,Phone,1,11.0,Debit Card,Male,2.0,3,Others,3,Married,5,0,11.0,1.0,1.0,1.0,283.0,0,141.5,0.05
51676,0,16.0,Computer,1,16.0,Debit Card,Female,2.0,4,Laptop & Accessory,3,Married,2,0,11.0,1.0,1.0,0.0,152.57,0,76.285,0.06
51677,0,0.0,Computer,3,6.0,E wallet,Male,3.0,3,Laptop & Accessory,4,Married,1,1,13.0,0.0,1.0,4.0,163.49,1,81.745,1.0
51678,0,27.0,Computer,1,26.0,Debit Card,Female,2.0,3,Laptop & Accessory,3,Single,4,0,12.0,0.0,1.0,3.0,148.69,0,74.345,0.04
51679,0,16.0,Phone,1,13.0,Debit Card,Female,2.0,3,Fashion,5,Married,9,0,16.0,1.0,1.0,0.0,199.85,0,99.925,0.06
51680,0,18.0,Phone,1,14.0,UPI,Male,3.0,3,Laptop & Accessory,1,Married,10,0,14.0,8.0,9.0,8.0,136.97,0,13.697,0.47
51681,0,13.0,Phone,3,6.0,Credit Card,Male,2.0,5,Laptop & Accessory,1,Married,3,1,22.0,1.0,1.0,2.0,174.57,0,87.285,0.07
51682,1,10.189899366380917,Phone,1,14.0,UPI,Male,3.0,5,Mobile Phone,5,Married,2,1,11.0,0.0,1.0,7.0,121.19,0,60.595,0.09
51683,0,2.0,Phone,1,15.0,UPI,Male,1.0,4,Mobile Phone,1,Single,1,0,17.0,1.0,2.0,2.0,139.83,0,46.61000000000001,0.67
51684,0,3.0,Phone,3,11.0,E wallet,Female,1.0,4,Laptop & Accessory,3,Married,2,0,13.0,1.0,1.0,2.0,161.18,0,80.59,0.25
51685,0,0.0,Phone,3,14.0,E wallet,Female,2.0,3,Laptop & Accessory,4,Married,2,0,18.0,0.0,1.0,7.0,162.14,0,81.07,1.0
51686,0,10.0,Phone,1,11.0,Credit Card,Male,3.0,3,Laptop & Accessory,1,Married,8,0,16.0,1.0,1.0,4.0,163.47,0,81.735,0.09
51687,0,11.0,Phone,1,21.0,Debit Card,Male,3.0,4,Fashion,1,Married,1,1,14.0,2.0,2.0,3.0,215.10000000000002,0,71.7,0.17
51688,0,4.0,Phone,1,13.0,Credit Card,Female,2.0,3,Fashion,1,Single,2,1,14.0,4.0,4.0,10.0,171.43,0,34.286,0.8
51689,0,2.0,Phone,3,16.0,E wallet,Female,2.0,4,Laptop & Accessory,4,Married,2,1,14.0,1.0,1.0,7.0,182.68,1,91.34,0.33
51690,0,8.0,Phone,1,11.0,Cash on Delivery,Male,3.0,3,Fashion,4,Single,1,0,13.0,1.0,1.0,13.0,180.95,0,90.475,0.11
51691,0,0.0,Phone,1,32.0,Debit Card,Male,2.9315348837209303,3,Mobile Phone,1,Married,2,0,12.0,0.0,1.0,2.0,129.04,0,64.52,1.0
51692,0,14.0,Phone,1,12.0,Credit Card,Male,3.0,4,Laptop & Accessory,4,Single,7,1,15.0,1.0,1.0,2.0,160.32,0,80.16,0.07
51693,0,20.0,Computer,3,10.0,Credit Card,Male,2.9315348837209303,3,Laptop & Accessory,3,Single,4,0,19.0,0.0,1.0,0.0,129.76,0,64.88,0.05
51694,0,15.0,Phone,1,29.0,Debit Card,Female,2.0,3,Grocery,1,Single,3,0,14.0,0.0,2.0,0.0,259.92,0,86.64,0.12
51695,0,2.0,Computer,3,8.0,Debit Card,Male,3.0,3,Laptop & Accessory,3,Married,2,0,14.0,1.0,1.0,2.0,146.49,0,73.245,0.33
51696,0,15.0,Phone,2,8.0,Cash on Delivery,Male,2.9315348837209303,3,Mobile Phone,3,Married,1,1,11.0,1.0,1.0,0.0,126.96000000000001,0,63.480000000000004,0.06
51697,0,5.0,Phone,1,14.0,Credit Card,Female,3.0,3,Mobile Phone,4,Married,2,0,13.0,0.0,1.0,7.0,123.69999999999999,0,61.849999999999994,0.17
51698,0,21.0,Phone,3,35.0,Credit Card,Female,3.0,3,Fashion,3,Married,4,0,21.0,0.0,1.0,3.0,225.04000000000002,0,112.52000000000001,0.05
51699,0,10.0,Phone,1,12.0,Credit Card,Male,2.0,1,Laptop & Accessory,5,Married,5,1,13.0,6.0,6.0,7.0,159.74,0,22.82,0.55
51700,0,3.0,Computer,3,31.0,Cash on Delivery,Female,2.0,3,Laptop & Accessory,3,Married,8,1,12.0,2.0,2.0,2.0,147.36,1,49.120000000000005,0.5
51701,0,0.0,Phone,3,6.0,Debit Card,Male,2.0,3,Laptop & Accessory,3,Married,2,0,17.0,0.0,7.0,7.0,152.96,0,19.12,7.0
51702,0,15.0,Phone,1,8.0,UPI,Male,3.0,4,Laptop & Accessory,1,Single,4,0,23.0,1.0,1.0,0.0,167.81,0,83.905,0.06
51703,1,10.189899366380917,Computer,3,6.0,Cash on Delivery,Female,3.0,4,Mobile Phone,4,Single,2,1,11.0,1.0,1.0,2.0,121.74000000000001,0,60.870000000000005,0.09
51704,0,9.0,Computer,3,6.0,Credit Card,Female,2.0,3,Laptop & Accessory,1,Single,5,0,15.0,1.0,1.0,0.0,166.53,0,83.265,0.1
51705,0,9.0,Computer,3,9.0,Credit Card,Male,2.0,4,Fashion,1,Married,5,0,11.0,0.0,1.0,12.0,196.99,0,98.495,0.1
51706,0,30.0,Phone,1,6.0,Credit Card,Male,2.0,3,Laptop & Accessory,3,Married,3,0,11.0,0.0,1.0,2.0,167.55,0,83.775,0.03
51707,0,10.189899366380917,Phone,1,16.0,Debit Card,Female,2.0,1,Mobile Phone,3,Married,4,1,13.0,0.0,1.0,7.0,122.13,0,61.065,0.09
51708,0,0.0,Computer,3,14.0,Credit Card,Male,2.0,3,Mobile Phone,1,Single,2,0,24.0,2.0,2.0,2.0,126.1,0,42.03333333333333,2.0
51709,1,0.0,Phone,3,11.0,E wallet,Female,2.9315348837209303,3,Mobile Phone,3,Single,2,1,13.0,0.0,1.0,0.0,128.51,1,64.255,1.0
51710,0,10.0,Phone,1,16.0,Credit Card,Female,3.0,3,Mobile Phone,5,Married,7,0,20.0,1.0,1.0,3.0,134.52,0,67.26,0.09
51711,0,19.0,Computer,1,13.0,Credit Card,Female,1.0,3,Laptop & Accessory,3,Married,3,0,14.0,1.0,1.0,0.0,152.58,0,76.29,0.05
51712,1,4.0,Computer,3,10.0,E wallet,Male,2.0,3,Laptop & Accessory,4,Single,2,0,18.0,4.0,7.0,7.0,193.55,0,24.19375,1.4
51713,0,23.0,Phone,1,16.0,Cash on Delivery,Male,3.0,4,Fashion,1,Single,7,0,15.0,1.0,1.0,3.0,204.96,0,102.48,0.04
51714,1,3.0,Phone,3,28.0,E wallet,Male,3.0,4,Laptop & Accessory,3,Married,3,1,12.0,1.0,1.0,0.0,163.8,1,81.9,0.25
51715,0,4.0,Phone,1,14.0,Debit Card,Male,2.0,4,Mobile Phone,4,Single,1,1,16.0,2.0,2.0,2.0,126.57,0,42.19,0.4
51716,1,0.0,Phone,3,18.0,Debit Card,Female,2.9315348837209303,1,Mobile Phone,4,Single,2,0,15.0,0.0,1.0,0.0,127.16,0,63.58,1.0
51717,0,10.189899366380917,Phone,1,29.0,Debit Card,Male,2.0,3,Mobile Phone,1,Single,10,0,16.0,0.0,1.0,2.0,122.00999999999999,0,61.004999999999995,0.09
51718,0,8.0,Phone,1,15.0,Debit Card,Male,3.0,4,Laptop & Accessory,4,Single,10,0,19.0,0.0,1.0,0.0,165.4,0,82.7,0.11
51719,0,0.0,Phone,1,6.0,Credit Card,Male,2.0,3,Mobile Phone,4,Married,2,0,11.0,0.0,1.0,4.0,138.16,0,69.08,1.0
51720,0,1.0,Phone,3,15.0,Debit Card,Male,3.0,3,Laptop & Accessory,1,Single,2,0,16.0,1.0,1.0,7.0,152.53,0,76.265,0.5
51721,0,22.0,Phone,1,13.0,UPI,Male,2.0,4,Fashion,3,Single,9,0,24.0,1.0,1.0,3.0,209.64999999999998,0,104.82499999999999,0.04
51722,0,24.0,Phone,3,20.0,Debit Card,Female,2.0,3,Laptop & Accessory,1,Married,5,0,11.0,1.0,1.0,7.0,149.36,0,74.68,0.04
51723,0,9.0,Phone,1,14.0,Debit Card,Female,3.0,3,Mobile Phone,3,Married,5,0,13.0,2.0,2.0,2.0,125.43,0,41.81,0.2
51724,1,0.0,Computer,3,25.0,E wallet,Male,3.0,1,Laptop & Accessory,1,Single,9,1,13.0,0.0,1.0,4.0,153.04,1,76.52,1.0
51725,0,28.0,Phone,1,8.0,Debit Card,Female,3.0,3,Grocery,1,Single,3,1,13.0,1.0,1.0,2.0,266.59,0,133.295,0.03
51726,0,0.0,Phone,3,16.0,E wallet,Female,3.0,3,Laptop & Accessory,3,Married,2,1,12.0,0.0,1.0,3.0,142.6,1,71.3,1.0
51727,0,3.0,Phone,3,14.0,Cash on Delivery,Male,3.0,3,Mobile Phone,4,Married,2,0,18.0,1.0,1.0,0.0,124.75999999999999,0,62.379999999999995,0.25
51728,1,0.0,Computer,1,9.0,Cash on Delivery,Male,2.9315348837209303,3,Mobile Phone,5,Single,1,0,22.0,0.0,1.0,4.0,131.02,0,65.51,1.0
51729,0,10.189899366380917,Phone,1,17.0,Credit Card,Female,2.0,3,Mobile Phone,4,Married,2,0,13.0,1.0,1.0,2.0,122.44,0,61.22,0.09
51730,0,9.0,Phone,3,8.0,Credit Card,Male,3.0,4,Fashion,3,Married,2,0,13.0,8.0,9.0,0.0,175.96,0,17.596,0.9
51731,1,10.189899366380917,Computer,1,10.0,Cash on Delivery,Male,2.0,3,Mobile Phone,1,Single,10,1,23.0,1.0,1.0,0.0,122.85,0,61.425,0.09
51732,0,10.0,Phone,1,20.0,Debit Card,Female,2.9315348837209303,3,Mobile Phone,5,Married,2,0,12.0,10.0,12.0,17.0,130.34,0,10.026153846153846,1.09
51733,0,13.0,Phone,3,8.0,E wallet,Female,2.0,3,Laptop & Accessory,4,Married,8,0,12.0,0.0,1.0,3.0,157.15,0,78.575,0.07
51734,0,15.0,Phone,1,14.0,Debit Card,Female,3.0,3,Mobile Phone,5,Married,4,0,16.0,0.0,1.0,2.0,125.75999999999999,0,62.879999999999995,0.06
51735,0,10.0,Phone,1,16.0,Debit Card,Male,2.0,3,Laptop & Accessory,4,Single,3,1,12.0,0.0,1.0,1.0,141.97,0,70.985,0.09
51736,0,16.0,Phone,1,18.0,Debit Card,Male,2.0,4,Grocery,4,Married,2,0,11.0,3.0,2.0,9.0,243.36,0,81.12,0.12
51737,0,13.0,Phone,1,8.0,Credit Card,Female,3.0,4,Laptop & Accessory,3,Married,7,0,22.0,1.0,1.0,0.0,134.48,0,67.24,0.07
51738,0,27.0,Phone,1,11.0,Credit Card,Male,2.0,3,Others,5,Married,5,0,15.707921714818266,1.0,1.0,2.0,294.06,0,147.03,0.04
51739,0,7.0,Computer,3,10.0,E wallet,Female,3.0,3,Laptop & Accessory,3,Married,10,0,15.0,0.0,1.0,2.0,165.38,0,82.69,0.12
51740,0,4.0,Phone,1,13.0,Credit Card,Female,2.0,3,Laptop & Accessory,5,Married,2,0,12.0,3.0,3.0,12.0,143.06,0,35.765,0.6
51741,0,10.189899366380917,Computer,1,27.0,Credit Card,Male,3.0,3,Mobile Phone,1,Married,8,0,20.0,1.0,1.0,2.0,122.58000000000001,0,61.290000000000006,0.09
51742,0,16.0,Phone,1,14.0,UPI,Female,3.0,3,Laptop & Accessory,3,Married,5,1,14.0,1.0,1.0,2.0,145.22,0,72.61,0.06
51743,0,0.0,Phone,3,10.0,Debit Card,Female,3.0,4,Laptop & Accessory,1,Single,2,1,11.0,0.0,1.0,3.0,144.87,1,72.435,1.0
51744,0,10.0,Computer,1,31.0,Credit Card,Female,3.0,3,Laptop & Accessory,3,Married,4,1,15.0,4.0,10.0,7.0,144.49,0,13.135454545454547,0.91
51745,0,10.189899366380917,Phone,1,6.0,Debit Card,Male,3.0,4,Mobile Phone,5,Married,2,0,12.0,3.0,3.0,2.0,122.18,0,30.545,0.27
51746,0,12.0,Computer,1,6.0,Debit Card,Male,2.0,3,Others,3,Married,2,1,14.0,0.0,1.0,6.0,291.97,0,145.985,0.08
51747,0,29.0,Computer,3,12.0,Debit Card,Female,2.0,1,Grocery,5,Married,10,0,11.0,6.0,2.0,7.0,232.12,0,77.37333333333333,0.07
51748,0,3.0,Phone,3,18.0,Cash on Delivery,Female,2.0,3,Laptop & Accessory,3,Single,1,0,11.0,3.0,4.0,4.0,165.77,0,33.154,1.0
51749,0,14.0,Phone,3,6.0,E wallet,Male,2.0,1,Fashion,5,Married,2,0,16.0,1.0,1.0,7.0,183.92,0,91.96,0.07
51750,0,1.0,Phone,1,23.0,Credit Card,Male,3.0,3,Laptop & Accessory,5,Married,2,0,12.0,0.0,1.0,8.0,145.58,0,72.79,0.5
51751,1,0.0,Phone,1,9.0,Credit Card,Male,3.0,3,Mobile Phone,5,Married,6,0,13.0,1.0,1.0,2.0,140.31,0,70.155,1.0
51752,0,25.0,Phone,1,9.0,Credit Card,Male,2.0,4,Fashion,3,Married,3,1,14.0,1.0,1.0,4.0,179.69,0,89.845,0.04
51753,0,18.0,Phone,1,14.0,Debit Card,Male,3.0,3,Mobile Phone,1,Married,4,0,21.0,0.0,1.0,2.0,126.53999999999999,0,63.269999999999996,0.05
51754,0,25.0,Phone,1,10.0,Debit Card,Female,1.0,3,Grocery,1,Married,3,0,13.0,1.0,1.0,4.0,265.55,0,132.775,0.04
51755,0,15.0,Computer,1,35.0,Debit Card,Female,3.0,3,Laptop & Accessory,3,Married,3,0,11.0,1.0,1.0,2.0,145.56,0,72.78,0.06
51756,0,3.0,Phone,1,8.0,Debit Card,Female,2.0,5,Laptop & Accessory,1,Single,3,0,20.0,1.0,1.0,2.0,160.91,0,80.455,0.25
51757,0,30.0,Phone,1,13.0,Debit Card,Female,2.0,3,Others,5,Married,6,0,15.707921714818266,1.0,11.0,10.0,295.66,0,24.638333333333335,0.35
51758,0,19.0,Phone,1,24.0,Credit Card,Female,2.0,3,Laptop & Accessory,3,Married,3,0,14.0,1.0,1.0,8.0,148.1,0,74.05,0.05
51759,0,15.0,Computer,1,34.0,Cash on Delivery,Female,2.0,4,Laptop & Accessory,1,Married,1,0,11.0,0.0,1.0,4.0,145.23,0,72.615,0.06
51760,1,0.0,Phone,3,6.0,Cash on Delivery,Female,3.0,3,Mobile Phone,4,Single,2,1,16.0,0.0,1.0,4.0,132.02,1,66.01,1.0
51761,1,0.0,Computer,3,14.0,E wallet,Female,2.0,5,Mobile Phone,3,Married,1,0,16.0,0.0,1.0,0.0,123.50999999999999,0,61.754999999999995,1.0
51762,0,10.189899366380917,Computer,1,8.0,Debit Card,Male,2.0,3,Mobile Phone,1,Married,2,1,23.0,1.0,1.0,0.0,117.02000000000001,0,58.510000000000005,0.09
51763,0,13.0,Phone,3,8.0,Debit Card,Female,3.0,3,Others,3,Married,1,0,14.0,1.0,1.0,12.0,280.41,0,140.205,0.07
51764,0,0.0,Phone,1,29.0,Debit Card,Female,2.9315348837209303,3,Mobile Phone,1,Married,2,0,22.0,0.0,1.0,2.0,128.86,0,64.43,1.0
51765,0,10.189899366380917,Computer,1,9.0,Debit Card,Male,2.0,3,Mobile Phone,1,Married,5,0,15.0,1.0,1.0,4.0,120.97,0,60.485,0.09
51766,0,2.0,Phone,1,9.0,Credit Card,Male,3.0,4,Fashion,3,Married,2,0,18.0,0.0,1.0,3.0,219.35000000000002,0,109.67500000000001,0.33
51767,1,0.0,Phone,1,14.0,Cash on Delivery,Female,3.0,4,Mobile Phone,4,Married,6,0,16.0,1.0,1.0,1.0,125.46000000000001,0,62.730000000000004,1.0
51768,1,0.0,Phone,2,14.0,Cash on Delivery,Male,2.0,4,Mobile Phone,1,Single,2,0,12.0,0.0,1.0,0.0,125.63999999999999,0,62.81999999999999,1.0
51769,0,3.0,Computer,3,28.0,UPI,Female,3.0,3,Fashion,5,Married,1,0,11.0,3.0,7.0,8.0,184.12,0,23.015,1.75
51770,0,30.0,Phone,3,35.0,E wallet,Male,2.0,4,Grocery,1,Married,4,0,12.0,1.0,2.0,0.0,241.18,0,80.39333333333333,0.06
51771,0,23.0,Phone,1,35.0,Debit Card,Male,2.0,4,Grocery,3,Married,1,0,15.0,1.0,15.0,7.0,270.46,0,16.90375,0.62
51772,0,3.0,Computer,1,14.0,Credit Card,Female,2.0,3,Mobile Phone,1,Single,1,0,14.0,1.0,6.0,7.0,125.63999999999999,0,17.948571428571427,1.5
51773,0,30.0,Computer,3,34.0,E wallet,Female,3.0,4,Fashion,5,Married,5,0,19.0,3.0,13.0,11.0,202.66,0,14.475714285714286,0.42
51774,0,20.0,Phone,1,8.0,Credit Card,Female,3.0,3,Laptop & Accessory,1,Married,6,0,13.0,0.0,1.0,4.0,150.7,0,75.35,0.05
51775,0,19.0,Phone,1,8.0,Debit Card,Male,2.0,3,Grocery,3,Married,7,0,13.0,1.0,1.0,1.0,278.61,0,139.305,0.05
51776,0,8.0,Phone,1,28.0,Debit Card,Male,2.0,5,Mobile Phone,3,Single,1,0,15.0,1.0,4.0,3.0,142.3,0,28.46,0.44
51777,0,27.0,Phone,1,5.0,Debit Card,Female,2.0,3,Laptop & Accessory,3,Single,8,0,11.0,0.0,1.0,0.0,137.8,0,68.9,0.04
51778,0,7.0,Phone,1,8.0,Debit Card,Male,2.9315348837209303,4,Mobile Phone,3,Married,4,0,12.0,3.0,5.0,7.0,127.68,0,21.28,0.62
51779,0,5.0,Phone,3,16.0,E wallet,Female,3.0,4,Fashion,1,Married,3,1,19.0,0.0,1.0,2.0,190.71,0,95.355,0.17
51780,0,4.0,Phone,1,15.0,Debit Card,Male,2.0,3,Fashion,4,Married,2,0,25.0,0.0,1.0,8.0,206.48000000000002,0,103.24000000000001,0.2
51781,1,0.0,Phone,1,21.0,Credit Card,Male,2.0,3,Fashion,3,Married,8,1,12.0,3.0,2.0,7.0,236.10000000000002,1,78.7,2.0
51782,1,0.0,Phone,1,16.0,Credit Card,Male,2.0,5,Mobile Phone,1,Married,8,0,13.0,0.0,1.0,3.0,134.08,0,67.04,1.0
51783,0,3.0,Phone,3,13.0,E wallet,Male,2.9315348837209303,3,Mobile Phone,4,Single,1,0,14.0,0.0,1.0,2.0,129.83,0,64.915,0.25
51784,0,8.0,Phone,1,22.0,Debit Card,Male,3.0,3,Fashion,3,Married,5,1,12.0,0.0,1.0,0.0,176.32,0,88.16,0.11
51785,1,0.0,Computer,1,26.0,Debit Card,Male,3.0,3,Fashion,3,Married,4,0,12.0,1.0,1.0,0.0,198.24,0,99.12,1.0
51786,1,0.0,Computer,2,29.0,UPI,Female,2.0,3,Fashion,5,Married,10,1,15.0,1.0,1.0,2.0,199.5,1,99.75,1.0
51787,0,10.189899366380917,Computer,1,11.0,UPI,Male,3.0,3,Mobile Phone,3,Married,5,0,17.0,0.0,2.0,0.0,120.93,0,40.31,0.18
51788,0,9.0,Computer,3,16.0,Credit Card,Male,2.0,3,Fashion,1,Single,2,0,14.0,8.0,9.0,7.0,199.8,0,19.98,0.9
51789,1,0.0,Computer,1,10.0,Cash on Delivery,Male,3.0,4,Mobile Phone,3,Single,6,0,16.0,0.0,1.0,2.0,138.94,0,69.47,1.0
51790,0,21.0,Phone,3,8.0,E wallet,Female,2.0,3,Laptop & Accessory,1,Married,3,0,14.0,6.0,6.0,7.0,140.51,0,20.072857142857142,0.27
51791,0,28.0,Phone,3,24.0,Debit Card,Female,2.0,3,Grocery,4,Single,4,0,23.0,1.0,7.0,8.0,268.35,0,33.54375,0.24
51792,0,14.0,Computer,3,16.0,Debit Card,Male,2.0,3,Laptop & Accessory,1,Single,8,0,14.0,0.0,1.0,10.0,162.3,0,81.15,0.07
51793,0,8.0,Phone,3,6.0,E wallet,Male,2.0,3,Laptop & Accessory,3,Married,10,0,11.0,0.0,6.0,9.0,147.17,0,21.024285714285714,0.67
51794,0,13.0,Phone,1,12.0,Debit Card,Female,3.0,3,Grocery,3,Single,8,0,15.0,4.0,2.0,13.0,232.37,0,77.45666666666666,0.14
51795,0,12.0,Computer,1,14.0,Debit Card,Female,2.0,3,Mobile Phone,3,Married,2,0,11.0,1.0,1.0,7.0,137.55,0,68.775,0.08
51796,0,4.0,Phone,3,8.0,Debit Card,Male,3.0,3,Laptop & Accessory,1,Single,5,1,13.0,1.0,1.0,5.0,165.82,0,82.91,0.2
51797,0,15.0,Phone,1,30.0,Credit Card,Male,2.0,3,Fashion,5,Married,2,1,21.0,5.0,5.0,8.0,174.06,0,29.01,0.31
51798,0,18.0,Phone,3,8.0,UPI,Male,3.0,3,Laptop & Accessory,4,Married,1,0,19.0,3.0,3.0,7.0,148.05,0,37.0125,0.16
51799,1,0.0,Computer,2,23.0,Debit Card,Female,2.9315348837209303,3,Mobile Phone,3,Married,1,1,11.0,0.0,1.0,0.0,127.41,1,63.705,1.0
51800,0,2.0,Phone,1,25.0,Cash on Delivery,Male,2.0,3,Laptop & Accessory,1,Married,5,0,12.0,1.0,1.0,2.0,142.62,0,71.31,0.33
51801,0,6.0,Phone,1,6.0,Credit Card,Female,3.0,1,Grocery,3,Married,5,0,19.0,1.0,1.0,5.0,261.84,0,130.92,0.14
51802,0,4.0,Phone,3,13.0,Debit Card,Male,2.0,4,Fashion,1,Married,10,0,21.0,1.0,1.0,3.0,215.57,0,107.785,0.2
51803,1,10.189899366380917,Computer,3,11.0,E wallet,Male,3.0,3,Mobile Phone,4,Single,2,1,14.0,1.0,1.0,0.0,118.78,0,59.39,0.09
51804,0,13.0,Computer,3,34.0,UPI,Male,2.0,5,Fashion,5,Married,4,0,15.0,0.0,1.0,3.0,209.32,0,104.66,0.07
51805,0,14.0,Computer,1,8.0,UPI,Female,3.0,4,Laptop & Accessory,3,Single,3,1,17.0,0.0,1.0,7.0,168.11,0,84.055,0.07
51806,0,0.0,Phone,3,35.0,Credit Card,Male,2.0,3,Laptop & Accessory,3,Married,6,0,12.0,0.0,1.0,0.0,143.06,0,71.53,1.0
51807,0,8.0,Phone,3,6.0,Credit Card,Female,3.0,3,Laptop & Accessory,3,Single,2,0,16.0,1.0,1.0,3.0,148.59,0,74.295,0.11
51808,0,7.0,Phone,3,27.0,Debit Card,Male,3.0,1,Laptop & Accessory,1,Single,2,0,12.0,0.0,5.0,7.0,153.37,0,25.561666666666667,0.62
51809,1,0.0,Phone,1,14.0,Cash on Delivery,Male,3.0,5,Mobile Phone,1,Single,2,1,18.0,0.0,1.0,0.0,123.4,1,61.7,1.0
51810,0,10.0,Phone,1,6.0,Cash on Delivery,Female,2.0,3,Fashion,1,Single,5,0,17.0,1.0,1.0,2.0,174.91,0,87.455,0.09
51811,0,19.0,Computer,1,24.0,Credit Card,Female,2.0,3,Fashion,3,Married,6,0,11.0,0.0,1.0,2.0,205.27,0,102.635,0.05
51812,0,14.0,Phone,3,8.0,Debit Card,Female,3.0,3,Grocery,5,Married,8,0,16.0,1.0,11.0,8.0,265.95,0,22.162499999999998,0.73
51813,0,10.0,Computer,3,15.0,Credit Card,Male,3.0,3,Fashion,4,Married,2,0,13.0,1.0,7.0,7.0,188.34,0,23.5425,0.64
51814,0,25.0,Phone,1,12.0,Cash on Delivery,Male,3.0,3,Laptop & Accessory,5,Married,4,1,12.0,2.0,6.0,9.0,155.77,0,22.252857142857145,0.23
51815,1,0.0,Computer,3,17.0,UPI,Male,2.0,1,Laptop & Accessory,3,Married,9,0,12.0,1.0,1.0,2.0,147.07,0,73.535,1.0
51816,0,0.0,Computer,3,14.0,Credit Card,Male,2.0,3,Mobile Phone,1,Married,1,0,13.0,1.0,2.0,1.0,124.0,0,41.333333333333336,2.0
51817,0,11.0,Phone,1,16.0,Credit Card,Female,3.0,3,Laptop & Accessory,3,Married,4,0,19.0,0.0,1.0,0.0,198.24,0,99.12,0.08
51818,0,10.0,Phone,1,6.0,Debit Card,Female,3.0,3,Laptop & Accessory,4,Married,7,0,12.0,4.0,4.0,3.0,164.47,0,32.894,0.36
51819,0,22.0,Phone,1,24.0,Debit Card,Male,2.0,4,Others,3,Married,2,1,15.707921714818266,1.0,1.0,9.0,295.02,0,147.51,0.04
51820,0,0.0,Phone,1,29.0,Credit Card,Male,2.9315348837209303,1,Mobile Phone,1,Married,2,1,11.0,0.0,1.0,4.0,127.25,1,63.625,1.0
51821,0,0.0,Phone,3,34.0,E wallet,Male,3.0,3,Laptop & Accessory,4,Married,2,0,20.0,0.0,1.0,4.0,162.72,0,81.36,1.0
51822,0,10.189899366380917,Phone,1,23.0,UPI,Male,3.0,4,Mobile Phone,4,Married,2,0,21.0,1.0,1.0,0.0,121.27000000000001,0,60.635000000000005,0.09
51823,0,23.0,Computer,2,9.0,Credit Card,Male,3.0,3,Others,4,Married,2,0,11.0,1.0,10.0,7.0,282.0,0,25.636363636363637,0.42
51824,0,10.189899366380917,Phone,3,19.0,Credit Card,Male,2.0,3,Mobile Phone,3,Married,2,0,11.0,1.0,1.0,6.0,120.96000000000001,0,60.480000000000004,0.09
51825,1,0.0,Computer,1,13.0,Debit Card,Female,2.9315348837209303,3,Mobile Phone,3,Married,2,1,16.0,0.0,1.0,2.0,128.86,1,64.43,1.0
51826,1,10.189899366380917,Computer,3,18.0,Debit Card,Male,3.0,4,Mobile Phone,5,Married,2,0,18.0,1.0,1.0,0.0,120.33000000000001,0,60.165000000000006,0.09
51827,0,7.0,Phone,1,6.0,Debit Card,Male,2.0,4,Mobile Phone,1,Married,2,1,13.0,1.0,1.0,3.0,136.22,0,68.11,0.12
51828,1,0.0,Phone,3,19.0,Credit Card,Male,2.0,3,Laptop & Accessory,5,Married,3,0,17.0,0.0,1.0,2.0,142.33,0,71.165,1.0
51829,0,8.0,Phone,1,31.0,UPI,Male,2.0,4,Laptop & Accessory,1,Single,5,0,14.0,1.0,1.0,2.0,136.81,0,68.405,0.11
51830,0,4.0,Phone,3,12.0,Credit Card,Male,3.0,1,Laptop & Accessory,1,Married,5,0,22.0,5.0,5.0,7.0,154.6,0,25.766666666666666,1.0
51831,0,10.189899366380917,Phone,1,12.0,Credit Card,Female,3.0,4,Mobile Phone,3,Married,1,0,12.0,0.0,1.0,3.0,121.87,0,60.935,0.09
51832,0,10.0,Phone,3,8.0,E wallet,Male,3.0,3,Laptop & Accessory,3,Married,5,1,11.0,0.0,1.0,0.0,196.02,0,98.01,0.09
51833,0,0.0,Phone,1,6.0,Debit Card,Female,2.9315348837209303,4,Mobile Phone,4,Single,2,0,13.0,0.0,1.0,0.0,128.36,0,64.18,1.0
51834,0,15.0,Phone,1,8.0,Debit Card,Female,2.0,3,Laptop & Accessory,1,Married,2,0,13.0,0.0,2.0,2.0,140.89,0,46.96333333333333,0.12
51835,0,16.0,Phone,1,12.0,UPI,Male,2.0,4,Grocery,1,Married,5,1,14.0,1.0,1.0,0.0,266.27,0,133.135,0.06
51836,0,11.0,Phone,1,14.0,Debit Card,Female,2.0,3,Mobile Phone,5,Single,4,0,17.0,0.0,1.0,0.0,126.19,0,63.095,0.08
51837,0,16.0,Computer,1,15.0,Credit Card,Male,3.0,3,Laptop & Accessory,3,Married,4,1,13.0,1.0,4.0,7.0,156.79,0,31.357999999999997,0.24
51838,0,21.0,Phone,1,6.0,Debit Card,Female,2.0,4,Grocery,5,Married,8,0,11.0,0.0,2.0,2.0,254.01999999999998,0,84.67333333333333,0.09
51839,0,17.0,Phone,2,6.0,Debit Card,Female,2.0,4,Laptop & Accessory,3,Single,5,0,11.0,1.0,1.0,2.0,159.85,0,79.925,0.06
51840,0,7.0,Phone,3,14.0,Cash on Delivery,Female,2.0,3,Mobile Phone,3,Married,2,1,18.0,1.0,1.0,6.0,125.78999999999999,0,62.894999999999996,0.12
51841,1,0.0,Phone,3,8.0,E wallet,Male,2.9315348837209303,3,Mobile Phone,5,Married,1,0,11.0,1.0,1.0,2.0,130.41,0,65.205,1.0
51842,0,0.0,Phone,3,28.0,Cash on Delivery,Male,2.0,3,Mobile Phone,3,Single,2,0,11.0,0.0,1.0,2.0,134.47,0,67.235,1.0
51843,0,17.0,Phone,1,9.0,UPI,Male,2.0,3,Others,1,Married,5,1,15.707921714818266,0.0,1.0,1.0,295.13,0,147.565,0.06
51844,0,0.0,Phone,1,12.0,Credit Card,Male,2.9315348837209303,3,Mobile Phone,3,Married,1,0,20.0,1.0,2.0,2.0,127.72999999999999,0,42.57666666666666,2.0
51845,0,6.0,Phone,3,14.0,E wallet,Male,2.0,3,Laptop & Accessory,3,Married,1,0,12.0,0.0,1.0,2.0,171.04,0,85.52,0.14
51846,0,5.0,Phone,1,15.0,Debit Card,Female,3.0,3,Laptop & Accessory,1,Married,2,1,12.0,1.0,1.0,5.0,163.22,0,81.61,0.17
51847,0,10.189899366380917,Computer,1,9.0,Credit Card,Female,3.0,3,Mobile Phone,3,Married,2,0,20.0,1.0,1.0,0.0,120.83000000000001,0,60.415000000000006,0.09
51848,0,26.0,Phone,3,6.0,Credit Card,Female,2.0,3,Laptop & Accessory,5,Single,8,0,20.0,4.0,8.0,10.0,183.81,0,20.423333333333332,0.3
51849,0,7.0,Phone,1,6.0,Debit Card,Male,2.9315348837209303,3,Mobile Phone,1,Married,2,0,12.0,1.0,8.0,8.0,126.91,0,14.101111111111111,1.0
51850,1,8.0,Computer,3,32.0,Debit Card,Female,3.0,3,Laptop & Accessory,5,Married,3,0,14.0,0.0,1.0,0.0,142.86,0,71.43,0.11
51851,0,0.0,Phone,1,12.0,Debit Card,Female,3.0,3,Mobile Phone,1,Married,2,1,13.0,0.0,1.0,2.0,56.0,1,28.0,1.0
51852,0,10.0,Phone,1,9.0,UPI,Male,2.0,3,Fashion,3,Married,2,0,15.0,7.0,7.0,8.0,194.34,0,24.2925,0.64
51853,0,2.0,Phone,3,9.0,Credit Card,Female,3.0,3,Laptop & Accessory,3,Married,2,0,14.0,0.0,1.0,2.0,155.61,0,77.805,0.33
51854,0,8.0,Phone,1,12.0,Debit Card,Male,2.0,5,Laptop & Accessory,1,Single,2,0,13.0,0.0,11.0,8.0,166.46,0,13.871666666666668,1.22
51855,0,6.0,Computer,1,12.0,Debit Card,Male,1.0,3,Laptop & Accessory,1,Married,4,0,23.0,3.0,4.0,7.0,177.25,0,35.45,0.57
51856,0,27.0,Phone,2,25.0,Credit Card,Male,2.0,3,Fashion,4,Married,3,0,15.0,2.0,7.0,1.0,207.25,0,25.90625,0.25
51857,0,9.0,Phone,1,15.0,Credit Card,Male,2.0,4,Laptop & Accessory,4,Married,3,1,11.0,0.0,1.0,2.0,188.47,0,94.235,0.1
51858,0,10.189899366380917,Phone,1,9.0,Credit Card,Male,2.0,4,Mobile Phone,1,Single,1,0,13.0,1.0,1.0,1.0,120.44999999999999,0,60.224999999999994,0.09
51859,1,0.0,Phone,1,16.0,Credit Card,Male,2.0,3,Mobile Phone,3,Single,2,1,11.0,1.0,1.0,1.0,110.09,1,55.045,1.0
51860,1,0.0,Computer,1,9.0,Debit Card,Male,3.0,3,Mobile Phone,5,Single,2,1,11.0,5.0,9.0,7.0,133.48,1,13.347999999999999,9.0
51861,0,10.189899366380917,Computer,1,9.0,Debit Card,Male,2.0,4,Mobile Phone,3,Married,2,0,18.0,1.0,1.0,0.0,112.81,0,56.405,0.09
51862,0,0.0,Phone,1,10.0,Credit Card,Male,2.9315348837209303,1,Mobile Phone,5,Married,3,0,16.0,0.0,1.0,2.0,128.19,0,64.095,1.0
51863,0,0.0,Phone,3,14.0,Debit Card,Male,2.0,1,Laptop & Accessory,4,Married,1,0,22.0,1.0,1.0,2.0,148.51,0,74.255,1.0
51864,0,11.0,Phone,3,13.0,E wallet,Female,2.0,4,Laptop & Accessory,1,Single,1,0,20.0,1.0,1.0,5.0,140.28,0,70.14,0.08
51865,0,2.0,Computer,1,6.0,Debit Card,Male,2.9315348837209303,5,Mobile Phone,1,Married,2,0,18.0,0.0,2.0,8.0,127.19999999999999,0,42.4,0.67
51866,0,21.0,Phone,3,8.0,E wallet,Male,2.0,1,Laptop & Accessory,4,Married,4,0,12.0,0.0,2.0,2.0,181.2,0,60.4,0.09
51867,0,0.0,Computer,3,9.0,Credit Card,Female,3.0,1,Laptop & Accessory,1,Married,2,1,20.0,1.0,1.0,4.0,146.47,1,73.235,1.0
51868,0,10.0,Phone,1,16.0,Debit Card,Male,3.0,1,Mobile Phone,1,Single,4,0,17.0,1.0,1.0,0.0,146.8,0,73.4,0.09
51869,0,23.0,Phone,1,34.0,Credit Card,Male,3.0,1,Mobile Phone,3,Married,2,1,11.0,0.0,3.0,8.0,132.21,0,33.0525,0.12
51870,0,7.0,Phone,1,15.0,Credit Card,Female,2.0,4,Fashion,4,Single,2,0,14.0,4.0,7.0,7.0,186.21,0,23.27625,0.88
51871,1,0.0,Phone,3,9.0,Debit Card,Female,3.0,3,Laptop & Accessory,3,Single,10,0,14.0,1.0,2.0,0.0,145.77,0,48.59,2.0
51872,0,12.0,Phone,1,8.0,Cash on Delivery,Female,3.0,4,Laptop & Accessory,3,Single,2,0,11.0,1.0,11.0,10.0,145.53,0,12.1275,0.85
51873,0,5.0,Phone,3,16.0,E wallet,Male,2.0,3,Laptop & Accessory,1,Single,2,0,12.0,1.0,1.0,8.0,153.96,0,76.98,0.17
51874,1,13.0,Computer,3,14.0,Cash on Delivery,Male,2.0,3,Laptop & Accessory,3,Married,4,1,14.0,0.0,1.0,3.0,167.96,0,83.98,0.07
51875,0,11.0,Phone,1,6.0,Debit Card,Female,2.0,1,Laptop & Accessory,1,Single,1,0,13.0,0.0,1.0,8.0,176.25,0,88.125,0.08
51876,0,0.0,Phone,1,6.0,Debit Card,Female,3.0,3,Fashion,5,Married,2,0,11.0,0.0,1.0,7.0,174.12,0,87.06,1.0
51877,0,5.0,Phone,1,9.0,Debit Card,Female,2.0,3,Fashion,1,Single,4,0,15.0,6.0,7.0,3.0,211.58999999999997,0,26.448749999999997,1.17
51878,0,20.0,Phone,3,20.0,E wallet,Male,2.0,3,Laptop & Accessory,5,Single,3,0,12.0,1.0,1.0,7.0,149.6,0,74.8,0.05
51879,0,13.0,Computer,3,11.0,Debit Card,Male,2.0,4,Fashion,5,Married,6,1,21.0,0.0,1.0,12.0,204.75,0,102.375,0.07
51880,0,26.0,Phone,1,13.0,Debit Card,Male,2.0,1,Grocery,3,Married,4,0,19.0,0.0,2.0,3.0,248.14,0,82.71333333333332,0.07
51881,0,14.0,Phone,2,16.0,UPI,Male,3.0,4,Others,1,Married,4,0,15.0,1.0,12.0,6.0,291.41,0,22.416153846153847,0.8
51882,0,30.0,Phone,3,22.0,E wallet,Male,2.0,3,Laptop & Accessory,5,Single,9,0,14.0,2.0,2.0,2.0,154.05,0,51.35,0.06
51883,0,0.0,Computer,1,16.0,Debit Card,Male,2.0,3,Fashion,5,Married,2,0,21.0,0.0,1.0,7.0,187.93,0,93.965,1.0
51884,0,14.0,Phone,2,6.0,UPI,Male,2.0,4,Others,3,Married,2,0,12.0,1.0,2.0,10.0,291.89,0,97.29666666666667,0.13
51885,0,23.0,Phone,3,14.0,E wallet,Male,2.0,3,Mobile Phone,4,Married,8,0,15.0,0.0,2.0,2.0,138.75,0,46.25,0.08
51886,1,10.189899366380917,Phone,1,6.0,Debit Card,Female,3.0,5,Mobile Phone,4,Single,8,1,13.0,1.0,3.0,7.0,122.16,0,30.54,0.27
51887,0,9.0,Computer,1,14.0,Debit Card,Female,3.0,1,Fashion,5,Married,10,0,14.0,0.0,1.0,3.0,217.13,0,108.565,0.1
51888,0,11.0,Phone,1,6.0,Debit Card,Female,2.0,3,Fashion,3,Single,5,1,14.0,0.0,1.0,0.0,178.61,0,89.305,0.08
51889,0,17.0,Computer,1,30.0,Credit Card,Male,2.0,5,Mobile Phone,3,Single,3,0,14.0,0.0,1.0,4.0,137.08,0,68.54,0.06
51890,0,20.0,Computer,3,9.0,Credit Card,Female,2.0,3,Grocery,3,Married,10,1,12.0,1.0,2.0,13.0,237.7,0,79.23333333333333,0.1
51891,0,3.0,Phone,3,33.0,E wallet,Male,3.0,3,Laptop & Accessory,1,Married,8,0,23.0,2.0,7.0,7.0,153.04,0,19.13,1.75
51892,0,2.0,Phone,3,14.0,Debit Card,Male,3.0,3,Mobile Phone,3,Single,2,0,11.0,1.0,1.0,0.0,126.41999999999999,0,63.209999999999994,0.33
51893,1,5.0,Computer,1,25.0,Credit Card,Male,2.9315348837209303,1,Mobile Phone,3,Married,7,1,12.0,0.0,2.0,2.0,127.59,0,42.53,0.33
51894,0,16.0,Computer,3,21.0,Debit Card,Male,2.0,4,Laptop & Accessory,1,Married,4,0,18.0,1.0,2.0,2.0,168.04,0,56.01333333333333,0.12
51895,0,7.0,Phone,1,14.0,Credit Card,Female,3.0,3,Laptop & Accessory,3,Single,4,0,11.0,0.0,4.0,3.0,161.42,0,32.284,0.5
51896,0,0.0,Phone,1,14.0,Credit Card,Male,2.0,3,Mobile Phone,5,Married,2,0,14.0,1.0,1.0,2.0,125.0,0,62.5,1.0
51897,0,12.0,Phone,2,9.0,UPI,Female,2.0,1,Laptop & Accessory,4,Married,10,0,15.0,0.0,3.0,6.0,163.89,0,40.9725,0.23
51898,0,29.0,Phone,1,15.0,Credit Card,Male,2.0,3,Grocery,1,Married,8,0,11.0,0.0,1.0,3.0,211.02999999999997,0,105.51499999999999,0.03
51899,0,13.0,Phone,1,14.0,Credit Card,Female,2.0,4,Mobile Phone,1,Single,1,1,20.0,0.0,2.0,3.0,123.41999999999999,0,41.13999999999999,0.14
51900,0,0.0,Phone,1,13.0,Credit Card,Female,2.0,4,Laptop & Accessory,5,Single,9,0,19.0,1.0,1.0,7.0,168.11,0,84.055,1.0
51901,0,10.189899366380917,Phone,3,16.0,E wallet,Male,2.0,3,Mobile Phone,4,Married,2,0,14.0,2.0,2.0,2.0,122.97,0,40.99,0.18
51902,0,26.0,Phone,1,14.0,Debit Card,Male,2.0,3,Laptop & Accessory,1,Single,3,0,17.0,2.0,2.0,2.0,124.5,0,41.5,0.07
51903,0,8.0,Computer,1,8.0,Debit Card,Female,3.0,3,Laptop & Accessory,5,Married,3,0,11.0,1.0,1.0,0.0,150.93,0,75.465,0.11
51904,0,5.0,Computer,1,30.0,Debit Card,Male,3.0,3,Laptop & Accessory,1,Married,2,0,15.0,1.0,4.0,7.0,153.09,0,30.618000000000002,0.67
51905,0,11.0,Phone,1,8.0,Credit Card,Male,2.9315348837209303,3,Mobile Phone,3,Married,7,1,13.0,0.0,1.0,1.0,130.57,0,65.285,0.08
51906,0,7.0,Phone,1,14.0,Debit Card,Female,2.0,3,Laptop & Accessory,5,Married,4,0,14.0,1.0,1.0,0.0,151.21,0,75.605,0.12
51907,0,25.0,Phone,3,9.0,E wallet,Male,2.0,4,Grocery,5,Married,2,0,11.0,1.0,1.0,16.0,268.56,0,134.28,0.04
51908,1,0.0,Phone,1,6.0,UPI,Male,2.9315348837209303,3,Mobile Phone,1,Single,2,1,13.0,6.0,7.0,8.0,126.86000000000001,1,15.857500000000002,7.0
51909,0,0.0,Phone,3,32.0,Credit Card,Female,2.0,3,Laptop & Accessory,1,Single,2,0,23.0,0.0,1.0,4.0,161.8,0,80.9,1.0
51910,0,18.0,Phone,3,8.0,Cash on Delivery,Male,2.0,5,Laptop & Accessory,3,Single,1,0,13.0,1.0,3.0,1.0,166.32,0,41.58,0.16
51911,0,0.0,Phone,1,16.0,Credit Card,Male,3.0,1,Mobile Phone,3,Single,2,0,18.0,0.0,1.0,2.0,135.05,0,67.525,1.0
51912,1,10.0,Computer,3,33.0,Debit Card,Female,3.0,1,Laptop & Accessory,3,Single,5,1,12.0,0.0,1.0,3.0,163.97,0,81.985,0.09
51913,0,7.0,Phone,3,8.0,UPI,Male,2.0,3,Laptop & Accessory,1,Single,2,0,22.0,0.0,1.0,4.0,162.74,0,81.37,0.12
51914,1,18.0,Phone,1,8.0,Credit Card,Male,3.0,3,Others,5,Married,6,1,15.707921714818266,1.0,1.0,4.0,298.59,0,149.295,0.05
51915,0,9.0,Computer,3,14.0,Debit Card,Male,3.0,4,Fashion,5,Single,2,0,15.0,0.0,1.0,9.0,175.87,0,87.935,0.1
51916,0,25.0,Computer,1,25.0,Credit Card,Male,2.0,3,Mobile Phone,1,Married,1,0,18.0,1.0,1.0,2.0,142.58,0,71.29,0.04
51917,0,0.0,Computer,1,6.0,Debit Card,Female,3.0,5,Mobile Phone,1,Married,4,0,14.0,2.0,2.0,0.0,143.64,0,47.879999999999995,2.0
51918,0,2.0,Phone,1,33.0,Credit Card,Female,3.0,3,Laptop & Accessory,3,Married,5,0,12.0,0.0,1.0,1.0,143.35,0,71.675,0.33
51919,1,0.0,Phone,3,14.0,Cash on Delivery,Male,2.0,4,Laptop & Accessory,5,Single,7,0,17.0,0.0,1.0,2.0,153.26,0,76.63,1.0
51920,0,7.0,Phone,1,6.0,Debit Card,Female,3.0,1,Mobile Phone,1,Single,3,0,16.0,1.0,1.0,3.0,132.8,0,66.4,0.12
51921,0,27.0,Phone,1,25.0,Credit Card,Female,3.0,3,Laptop & Accessory,5,Married,10,1,11.0,0.0,1.0,4.0,154.85,0,77.425,0.04
51922,0,0.0,Computer,3,14.0,E wallet,Male,2.0,3,Laptop & Accessory,1,Married,1,0,19.0,1.0,1.0,1.0,143.42,0,71.71,1.0
51923,0,10.0,Phone,1,16.0,Debit Card,Female,2.9315348837209303,3,Mobile Phone,5,Married,1,1,13.0,4.0,4.0,3.0,127.82,0,25.564,0.36
51924,0,11.0,Computer,1,8.0,Debit Card,Female,3.0,1,Laptop & Accessory,5,Single,7,1,12.0,0.0,4.0,12.0,159.8,0,31.96,0.33
51925,0,7.0,Phone,1,8.0,Credit Card,Female,2.0,4,Mobile Phone,5,Single,2,0,11.0,1.0,1.0,3.0,143.81,0,71.905,0.12
51926,0,8.0,Phone,3,14.0,Debit Card,Female,3.0,3,Mobile Phone,1,Married,2,0,16.0,1.0,1.0,2.0,125.72,0,62.86,0.11
51927,0,3.0,Phone,1,6.0,Debit Card,Male,2.0,5,Mobile Phone,3,Married,4,0,21.0,1.0,1.0,2.0,138.33,0,69.165,0.25
51928,0,13.0,Computer,1,8.0,Credit Card,Female,2.0,1,Laptop & Accessory,4,Married,2,0,24.0,0.0,3.0,7.0,142.44,0,35.61,0.21
51929,0,7.0,Phone,3,14.0,Debit Card,Female,3.0,3,Laptop & Accessory,5,Married,6,0,17.0,1.0,1.0,2.0,165.0,0,82.5,0.12
51930,0,15.0,Computer,1,14.0,Debit Card,Male,3.0,3,Others,1,Married,2,0,13.0,1.0,14.0,9.0,284.3,0,18.953333333333333,0.88
51931,1,10.189899366380917,Phone,1,12.0,Debit Card,Male,3.0,1,Mobile Phone,5,Married,2,1,21.0,0.0,1.0,0.0,116.00999999999999,0,58.004999999999995,0.09
51932,0,0.0,Computer,1,15.0,Debit Card,Male,2.9315348837209303,4,Mobile Phone,4,Married,2,0,11.0,0.0,1.0,0.0,126.94,0,63.47,1.0
51933,0,25.0,Phone,1,17.0,Debit Card,Female,2.9315348837209303,3,Laptop & Accessory,3,Married,9,0,20.0,1.0,1.0,4.0,131.49,0,65.745,0.04
51934,0,23.0,Phone,1,8.0,Credit Card,Male,3.0,3,Grocery,3,Married,6,0,16.0,1.0,1.0,3.0,276.39,0,138.195,0.04
51935,1,0.0,Phone,1,14.0,Debit Card,Female,2.0,4,Mobile Phone,5,Married,2,1,11.0,0.0,1.0,0.0,123.19,1,61.595,1.0
51936,0,6.0,Phone,1,13.0,Credit Card,Male,2.0,3,Fashion,3,Married,1,0,11.0,1.0,3.0,3.0,216.91000000000003,0,54.227500000000006,0.43
51937,1,0.0,Phone,3,22.0,E wallet,Female,3.0,3,Laptop & Accessory,5,Single,6,0,15.0,1.0,1.0,2.0,153.24,0,76.62,1.0
51938,0,20.0,Phone,1,8.0,UPI,Female,2.0,3,Grocery,1,Married,2,1,11.0,1.0,3.0,0.0,267.52,0,66.88,0.14
51939,0,9.0,Phone,1,6.0,UPI,Female,2.0,3,Laptop & Accessory,4,Married,1,0,15.0,1.0,1.0,5.0,152.28,0,76.14,0.1
51940,0,2.0,Phone,1,29.0,Debit Card,Male,2.9315348837209303,1,Mobile Phone,3,Married,2,0,24.0,1.0,1.0,7.0,127.0,0,63.5,0.33
51941,1,20.0,Phone,1,8.0,Debit Card,Male,2.0,3,Others,4,Single,8,1,15.707921714818266,7.0,13.0,8.0,292.46,0,20.889999999999997,0.62
51942,0,8.0,Phone,1,14.0,Debit Card,Female,2.0,1,Mobile Phone,3,Single,4,0,13.0,2.0,2.0,2.0,125.06,0,41.68666666666667,0.22
51943,0,15.0,Phone,1,6.0,Debit Card,Female,2.0,4,Laptop & Accessory,1,Married,10,1,13.0,0.0,1.0,2.0,160.62,0,80.31,0.06
51944,1,0.0,Phone,1,8.0,Credit Card,Male,2.0,3,Mobile Phone,3,Single,7,0,17.0,2.0,2.0,1.0,143.82,0,47.94,2.0
51945,0,10.189899366380917,Phone,2,19.0,UPI,Male,2.0,3,Mobile Phone,4,Married,5,0,13.0,1.0,1.0,4.0,121.43,0,60.715,0.09
51946,0,5.0,Phone,1,10.0,Debit Card,Female,3.0,4,Laptop & Accessory,3,Married,2,0,12.0,5.0,6.0,8.0,161.62,0,23.08857142857143,1.0
51947,0,13.0,Computer,1,22.0,Credit Card,Male,2.0,4,Laptop & Accessory,3,Single,7,0,14.0,0.0,1.0,0.0,150.94,0,75.47,0.07
51948,0,3.0,Phone,1,8.0,Credit Card,Female,2.0,4,Laptop & Accessory,1,Single,6,1,24.0,1.0,1.0,0.0,168.77,1,84.385,0.25
51949,0,10.189899366380917,Phone,1,8.0,Debit Card,Female,3.0,4,Mobile Phone,3,Single,2,0,14.0,1.0,1.0,0.0,122.74000000000001,0,61.370000000000005,0.09
51950,0,15.0,Phone,1,35.0,Debit Card,Male,3.0,3,Laptop & Accessory,4,Married,2,0,13.0,5.0,7.0,8.0,144.34,0,18.0425,0.44
51951,0,11.0,Computer,1,18.0,Debit Card,Male,0.0,4,Laptop & Accessory,5,Married,3,0,15.0,1.0,1.0,2.0,162.88,0,81.44,0.08
51952,0,7.0,Computer,1,14.0,Debit Card,Female,3.0,4,Mobile Phone,1,Single,2,0,16.0,1.0,1.0,3.0,125.53,0,62.765,0.12
51953,1,12.0,Phone,3,17.0,E wallet,Female,2.0,3,Fashion,1,Married,2,0,18.0,0.0,7.0,7.0,176.54,0,22.0675,0.54
51954,1,18.0,Phone,3,8.0,Credit Card,Male,2.0,3,Laptop & Accessory,1,Single,5,0,16.0,1.0,7.0,3.0,151.6,0,18.95,0.37
51955,0,16.0,Phone,1,20.0,Debit Card,Male,3.0,3,Grocery,5,Married,7,0,24.0,1.0,1.0,0.0,271.59,0,135.795,0.06
51956,0,0.0,Phone,1,11.0,Cash on Delivery,Male,2.0,4,Fashion,1,Married,2,1,16.0,1.0,1.0,3.0,228.07999999999998,1,114.03999999999999,1.0
51957,0,8.0,Phone,1,13.0,UPI,Male,2.0,3,Fashion,3,Single,4,0,21.0,0.0,1.0,6.0,202.21,0,101.105,0.11
51958,0,1.0,Phone,3,8.0,E wallet,Female,2.0,3,Laptop & Accessory,4,Married,2,1,20.0,6.0,7.0,5.0,147.79,1,18.47375,3.5
51959,0,7.0,Phone,2,9.0,UPI,Male,2.0,3,Mobile Phone,1,Married,1,0,19.0,1.0,1.0,2.0,137.37,0,68.685,0.12
51960,1,0.0,Computer,1,14.0,Credit Card,Female,2.0,4,Mobile Phone,3,Married,2,1,14.0,0.0,1.0,7.0,123.66,1,61.83,1.0
51961,0,10.189899366380917,Computer,1,9.0,Credit Card,Male,2.0,3,Mobile Phone,1,Married,2,0,11.0,0.0,1.0,0.0,117.06,0,58.53,0.09
51962,0,24.0,Phone,3,32.0,E wallet,Female,3.0,3,Grocery,3,Married,3,0,14.0,1.0,4.0,17.0,263.07,0,52.614,0.16
51963,0,17.0,Phone,1,10.0,Credit Card,Male,2.0,3,Laptop & Accessory,4,Single,10,0,12.0,1.0,2.0,3.0,159.33,0,53.11000000000001,0.11
51964,0,0.0,Phone,1,8.0,Credit Card,Male,3.0,1,Mobile Phone,5,Single,8,0,13.0,0.0,1.0,1.0,134.24,0,67.12,1.0
51965,0,6.0,Phone,3,6.0,Credit Card,Male,2.0,1,Laptop & Accessory,5,Married,2,0,22.0,0.0,1.0,8.0,140.37,0,70.185,0.14
51966,0,8.0,Phone,1,14.0,Credit Card,Female,2.0,4,Mobile Phone,5,Single,2,0,11.0,0.0,1.0,1.0,125.59,0,62.795,0.11
51967,0,9.0,Phone,3,6.0,Debit Card,Male,2.0,3,Laptop & Accessory,1,Married,2,1,14.0,3.0,4.0,11.0,162.01,0,32.402,0.4
51968,0,5.0,Phone,3,19.0,Debit Card,Male,3.0,3,Laptop & Accessory,1,Married,3,0,11.0,0.0,1.0,3.0,144.03,0,72.015,0.17
51969,0,3.0,Computer,1,11.0,Debit Card,Male,3.0,4,Mobile Phone,1,Married,10,0,12.0,0.0,1.0,3.0,137.61,0,68.805,0.25
51970,0,26.0,Phone,3,13.0,E wallet,Female,3.0,4,Fashion,1,Married,8,1,18.0,0.0,1.0,3.0,209.33999999999997,0,104.66999999999999,0.04
51971,0,18.0,Phone,3,15.0,E wallet,Male,3.0,3,Fashion,5,Married,5,1,12.0,0.0,1.0,2.0,207.61,0,103.805,0.05
51972,0,5.0,Phone,1,14.0,Credit Card,Female,3.0,1,Laptop & Accessory,3,Married,6,0,12.0,1.0,1.0,3.0,151.75,0,75.875,0.17
51973,0,25.0,Computer,1,31.0,Credit Card,Female,2.0,4,Grocery,1,Married,4,0,22.0,0.0,2.0,0.0,238.26,0,79.42,0.08
51974,0,10.0,Phone,3,22.0,E wallet,Male,3.0,4,Laptop & Accessory,3,Married,5,0,19.0,1.0,1.0,0.0,163.34,0,81.67,0.09
51975,0,1.0,Phone,2,14.0,Credit Card,Male,3.0,4,Mobile Phone,1,Married,2,0,13.0,1.0,1.0,4.0,149.36,0,74.68,0.5
51976,0,0.0,Phone,1,6.0,Debit Card,Male,2.0,4,Laptop & Accessory,1,Married,7,0,22.0,2.0,2.0,2.0,147.75,0,49.25,2.0
51977,0,17.0,Phone,1,14.0,Debit Card,Male,2.9315348837209303,1,Mobile Phone,1,Married,3,1,24.0,1.0,1.0,2.0,128.18,0,64.09,0.06
51978,0,15.0,Computer,1,14.0,Credit Card,Male,2.0,3,Mobile Phone,1,Single,6,1,14.0,1.0,2.0,2.0,125.15,0,41.71666666666667,0.12
51979,0,9.0,Phone,2,14.0,Debit Card,Male,3.0,4,Mobile Phone,5,Married,1,0,21.0,0.0,1.0,3.0,123.41999999999999,0,61.709999999999994,0.1
51980,0,0.0,Phone,3,9.0,UPI,Male,3.0,3,Laptop & Accessory,5,Married,2,1,18.0,0.0,1.0,3.0,141.94,1,70.97,1.0
51981,0,8.0,Phone,1,15.0,Debit Card,Female,3.0,4,Fashion,3,Married,2,1,20.0,3.0,5.0,15.0,206.85000000000002,0,34.475,0.56
51982,1,10.189899366380917,Computer,1,31.0,Debit Card,Female,3.0,3,Mobile Phone,4,Married,2,1,19.0,6.0,7.0,8.0,120.22,0,15.0275,0.63
51983,0,5.0,Computer,1,6.0,Debit Card,Male,3.0,3,Mobile Phone,1,Married,1,0,12.0,1.0,1.0,2.0,123.13999999999999,0,61.56999999999999,0.17
51984,0,0.0,Phone,3,10.0,E wallet,Male,2.0,4,Laptop & Accessory,5,Married,2,0,12.0,1.0,1.0,3.0,142.56,0,71.28,1.0
51985,0,22.0,Phone,1,6.0,Cash on Delivery,Female,2.0,3,Mobile Phone,5,Married,3,0,16.0,0.0,1.0,2.0,135.8,0,67.9,0.04
51986,0,0.0,Computer,1,10.0,Debit Card,Male,2.0,4,Mobile Phone,1,Married,1,0,17.0,0.0,3.0,4.0,131.62,0,32.905,3.0
51987,0,5.0,Computer,3,11.0,Debit Card,Male,2.0,3,Laptop & Accessory,4,Married,2,0,14.0,2.0,5.0,3.0,165.24,0,27.540000000000003,0.83
51988,0,11.0,Phone,3,15.0,E wallet,Male,2.9315348837209303,4,Mobile Phone,4,Married,1,0,19.0,0.0,1.0,2.0,128.99,0,64.495,0.08
51989,0,15.0,Phone,1,9.0,Debit Card,Female,3.0,1,Laptop & Accessory,1,Married,3,1,13.0,1.0,1.0,3.0,152.31,0,76.155,0.06
51990,0,4.0,Phone,1,14.0,Debit Card,Male,2.0,3,Mobile Phone,1,Married,4,1,19.0,0.0,1.0,2.0,123.56,0,61.78,0.2
51991,1,0.0,Phone,3,6.0,Credit Card,Female,2.9315348837209303,4,Mobile Phone,3,Married,7,1,19.0,1.0,1.0,2.0,128.0,1,64.0,1.0
51992,0,26.0,Phone,3,14.0,E wallet,Male,3.0,3,Grocery,1,Married,6,0,14.0,2.0,2.0,3.0,218.36,0,72.78666666666668,0.07
51993,0,8.0,Phone,1,31.0,Cash on Delivery,Male,3.0,4,Fashion,4,Married,4,0,16.0,2.0,4.0,8.0,209.02999999999997,0,41.806,0.44
51994,0,10.0,Computer,3,27.0,Credit Card,Female,2.9315348837209303,3,Mobile Phone,1,Married,6,0,15.0,1.0,1.0,0.0,129.73,0,64.865,0.09
51995,0,26.0,Phone,1,29.0,Debit Card,Female,3.0,3,Grocery,1,Single,7,0,18.0,3.0,2.0,8.0,242.75,0,80.91666666666667,0.07
51996,0,16.0,Computer,1,6.0,Debit Card,Female,2.0,3,Laptop & Accessory,1,Married,5,0,13.0,1.0,2.0,2.0,155.62,0,51.873333333333335,0.12
51997,0,20.0,Phone,3,8.0,E wallet,Female,2.0,3,Laptop & Accessory,1,Married,1,1,22.0,3.0,7.0,7.0,145.37,0,18.17125,0.33
51998,0,10.0,Computer,3,25.0,Credit Card,Male,2.0,3,Fashion,4,Single,2,1,13.0,0.0,1.0,9.0,176.42,0,88.21,0.09
51999,0,23.0,Computer,1,8.0,Debit Card,Male,3.0,3,Grocery,5,Married,2,0,11.0,1.0,14.0,7.0,279.24,0,18.616,0.58
52000,0,12.0,Phone,2,8.0,Debit Card,Female,2.0,4,Laptop & Accessory,1,Married,9,0,11.0,1.0,1.0,4.0,152.04,0,76.02,0.08
52001,0,10.189899366380917,Phone,2,9.0,UPI,Male,2.0,3,Mobile Phone,4,Married,4,1,11.0,0.0,1.0,3.0,122.77000000000001,0,61.385000000000005,0.09
52002,1,0.0,Phone,1,31.0,Debit Card,Male,2.9315348837209303,3,Mobile Phone,1,Single,2,1,24.0,0.0,1.0,1.0,127.94999999999999,1,63.974999999999994,1.0
52003,0,2.0,Phone,1,14.0,Credit Card,Female,3.0,4,Mobile Phone,1,Married,7,0,14.0,1.0,1.0,3.0,125.32,0,62.66,0.33
52004,0,17.0,Phone,1,14.0,Debit Card,Male,3.0,3,Mobile Phone,5,Married,2,1,13.0,5.0,7.0,1.0,125.59,0,15.69875,0.39
52005,0,1.0,Phone,3,11.0,Credit Card,Male,3.0,3,Laptop & Accessory,1,Single,2,0,14.0,0.0,1.0,2.0,149.08,0,74.54,0.5
52006,1,20.0,Computer,1,14.0,Debit Card,Male,2.0,4,Mobile Phone,1,Married,10,1,14.0,1.0,1.0,0.0,123.80000000000001,0,61.900000000000006,0.05
52007,0,16.0,Phone,1,14.0,Debit Card,Female,2.0,3,Laptop & Accessory,4,Married,5,0,21.0,1.0,1.0,0.0,147.65,0,73.825,0.06
52008,1,10.189899366380917,Phone,3,8.0,Credit Card,Female,2.0,4,Mobile Phone,3,Single,2,0,13.0,1.0,1.0,2.0,120.44,0,60.22,0.09
52009,1,0.0,Phone,1,24.0,UPI,Female,2.9315348837209303,3,Mobile Phone,1,Single,2,0,19.0,1.0,1.0,0.0,126.93,0,63.465,1.0
52010,0,9.0,Phone,1,20.0,Debit Card,Male,3.0,3,Laptop & Accessory,1,Married,1,1,17.0,2.0,4.0,11.0,165.86,0,33.172000000000004,0.4
52011,0,20.0,Phone,3,8.0,Debit Card,Female,3.0,4,Mobile Phone,1,Single,2,1,18.0,0.0,1.0,2.0,132.94,0,66.47,0.05
52012,1,0.0,Phone,1,9.0,Debit Card,Female,2.0,3,Laptop & Accessory,3,Married,1,1,19.0,1.0,1.0,2.0,141.71,1,70.855,1.0
52013,1,4.0,Phone,1,8.0,Debit Card,Female,2.9315348837209303,5,Mobile Phone,1,Married,5,1,13.0,0.0,1.0,0.0,127.78,0,63.89,0.2
52014,0,1.0,Phone,1,14.0,Credit Card,Female,3.0,3,Mobile Phone,3,Married,6,0,18.0,0.0,2.0,2.0,123.77000000000001,0,41.25666666666667,1.0
52015,1,2.0,Phone,1,14.0,Credit Card,Male,3.0,3,Mobile Phone,5,Married,8,1,21.0,1.0,2.0,2.0,124.03999999999999,1,41.346666666666664,0.67
52016,0,0.0,Phone,1,14.0,Debit Card,Female,3.0,3,Mobile Phone,3,Single,2,0,19.0,0.0,1.0,0.0,123.18,0,61.59,1.0
52017,0,10.189899366380917,Phone,1,16.0,Debit Card,Male,2.0,3,Mobile Phone,4,Married,2,0,14.0,1.0,1.0,0.0,120.08000000000001,0,60.040000000000006,0.09
52018,0,15.0,Phone,3,20.0,Credit Card,Female,3.0,4,Laptop & Accessory,3,Single,8,0,17.0,1.0,1.0,3.0,162.44,0,81.22,0.06
52019,0,6.0,Phone,1,6.0,UPI,Male,2.9315348837209303,4,Mobile Phone,5,Single,4,1,11.0,1.0,1.0,2.0,127.99000000000001,0,63.995000000000005,0.14
52020,0,30.0,Phone,1,11.0,Cash on Delivery,Female,2.0,4,Fashion,4,Married,3,1,13.0,1.0,1.0,4.0,205.52,0,102.76,0.03
52021,0,4.0,Phone,3,14.0,Debit Card,Male,2.0,4,Mobile Phone,3,Married,4,0,15.0,2.0,5.0,2.0,123.28999999999999,0,20.548333333333332,1.0
52022,0,8.0,Phone,1,27.0,Debit Card,Female,2.0,3,Laptop & Accessory,1,Married,2,1,25.0,0.0,1.0,7.0,140.14,0,70.07,0.11
52023,0,22.0,Phone,1,14.0,UPI,Female,2.0,3,Fashion,4,Married,5,0,11.0,0.0,1.0,7.0,174.03,0,87.015,0.04
52024,0,10.189899366380917,Phone,1,26.0,Credit Card,Male,2.0,3,Mobile Phone,3,Married,5,0,17.0,1.0,1.0,0.0,122.59,0,61.295,0.09
52025,0,4.0,Computer,3,26.0,E wallet,Female,2.0,3,Laptop & Accessory,3,Married,2,0,13.0,1.0,1.0,0.0,169.32,0,84.66,0.2
52026,0,9.0,Phone,1,13.0,UPI,Male,3.0,3,Mobile Phone,1,Single,3,0,18.0,1.0,1.0,1.0,146.78,0,73.39,0.1
52027,0,11.0,Phone,1,6.0,Cash on Delivery,Female,3.0,3,Fashion,5,Married,2,0,13.0,4.0,2.0,11.0,235.82,0,78.60666666666667,0.17
52028,0,5.0,Computer,1,14.0,Debit Card,Female,3.0,4,Mobile Phone,4,Married,7,0,20.0,0.0,1.0,2.0,123.32,0,61.66,0.17
52029,1,0.0,Phone,3,14.0,E wallet,Male,2.0,4,Mobile Phone,4,Married,2,1,18.0,0.0,1.0,0.0,124.13,1,62.065,1.0
52030,0,13.0,Phone,3,16.0,E wallet,Male,3.0,4,Fashion,4,Married,3,0,12.0,0.0,1.0,0.0,197.05,0,98.525,0.07
52031,0,0.0,Computer,3,6.0,Credit Card,Male,2.0,4,Laptop & Accessory,5,Single,2,0,12.0,0.0,1.0,7.0,142.94,0,71.47,1.0
52032,0,14.0,Phone,1,12.0,Credit Card,Male,2.0,3,Mobile Phone,5,Single,3,1,13.0,1.0,2.0,17.0,147.21,0,49.07,0.13
52033,0,9.0,Phone,1,14.0,Credit Card,Male,3.0,3,Mobile Phone,3,Single,5,0,21.0,1.0,3.0,9.0,125.19,0,31.2975,0.3
52034,1,10.189899366380917,Phone,3,27.0,UPI,Male,2.0,4,Mobile Phone,4,Single,2,1,13.0,1.0,1.0,0.0,121.21000000000001,0,60.605000000000004,0.09
52035,1,0.0,Phone,1,10.0,Cash on Delivery,Male,2.9315348837209303,3,Mobile Phone,5,Single,2,0,19.0,1.0,1.0,0.0,129.73,0,64.865,1.0
52036,0,4.0,Phone,1,18.0,Credit Card,Female,2.0,3,Laptop & Accessory,1,Married,1,1,11.0,6.0,8.0,5.0,158.55,0,17.616666666666667,1.6
52037,0,13.0,Computer,1,15.0,Credit Card,Male,2.0,3,Mobile Phone,4,Married,9,1,14.0,0.0,1.0,0.0,136.17,0,68.085,0.07
52038,0,5.0,Phone,1,9.0,Credit Card,Female,3.0,3,Laptop & Accessory,5,Married,2,0,12.0,1.0,6.0,3.0,167.25,0,23.892857142857142,1.0
52039,1,0.0,Phone,3,9.0,Debit Card,Male,2.0,4,Fashion,1,Married,2,1,11.0,3.0,3.0,7.0,203.25,1,50.8125,3.0
52040,0,6.0,Phone,1,6.0,Debit Card,Female,2.0,4,Laptop & Accessory,1,Single,1,0,14.0,1.0,1.0,4.0,169.49,0,84.745,0.14
52041,1,0.0,Phone,3,6.0,Debit Card,Male,2.0,4,Fashion,3,Married,6,0,11.0,5.0,11.0,46.0,206.08999999999997,0,17.174166666666665,11.0
52042,0,18.0,Computer,1,10.0,Debit Card,Male,2.0,3,Laptop & Accessory,4,Married,2,0,12.0,1.0,1.0,8.0,144.47,0,72.235,0.05
52043,0,10.189899366380917,Computer,3,26.0,Cash on Delivery,Female,2.0,3,Mobile Phone,1,Married,2,0,15.0,0.0,1.0,2.0,121.57,0,60.785,0.09
52044,0,8.0,Phone,3,24.0,Credit Card,Female,2.0,3,Laptop & Accessory,3,Married,2,0,16.0,1.0,1.0,0.0,146.01,0,73.005,0.11
52045,0,25.0,Phone,1,6.0,Debit Card,Male,3.0,3,Grocery,1,Married,3,0,15.0,1.0,7.0,8.0,270.99,0,33.87375,0.27
52046,1,20.0,Phone,1,14.0,Cash on Delivery,Male,2.0,3,Mobile Phone,3,Single,5,0,24.0,0.0,1.0,0.0,124.78999999999999,0,62.394999999999996,0.05
52047,0,26.0,Phone,3,8.0,Credit Card,Male,2.0,3,Grocery,3,Married,7,0,13.0,11.0,2.0,2.0,248.51999999999998,0,82.83999999999999,0.07
52048,0,3.0,Phone,3,14.0,UPI,Male,3.0,3,Fashion,3,Married,6,0,11.0,2.0,7.0,7.0,172.64,0,21.58,1.75
52049,0,11.0,Computer,3,16.0,Cash on Delivery,Female,2.0,3,Laptop & Accessory,1,Single,2,1,13.0,1.0,1.0,3.0,156.66,0,78.33,0.08
52050,0,8.0,Phone,3,9.0,Debit Card,Male,3.0,3,Fashion,1,Married,7,0,13.0,0.0,1.0,8.0,178.23,0,89.115,0.11
52051,0,12.0,Phone,3,8.0,Debit Card,Male,2.0,1,Fashion,3,Single,1,0,18.0,0.0,1.0,7.0,178.8,0,89.4,0.08
52052,1,3.0,Computer,3,30.0,Debit Card,Female,3.0,1,Grocery,4,Single,5,1,16.0,1.0,2.0,0.0,231.94,1,77.31333333333333,0.5
52053,0,20.0,Computer,1,22.0,Credit Card,Male,3.0,1,Laptop & Accessory,3,Married,2,1,19.0,1.0,2.0,7.0,150.67,0,50.22333333333333,0.1
52054,0,9.0,Computer,3,14.0,Cash on Delivery,Male,2.0,3,Laptop & Accessory,1,Married,5,0,13.0,1.0,1.0,7.0,150.79,0,75.395,0.1
52055,1,0.0,Computer,1,14.0,Credit Card,Male,2.0,4,Mobile Phone,5,Single,1,1,22.0,0.0,1.0,2.0,123.21000000000001,1,61.605000000000004,1.0
52056,0,6.0,Computer,3,23.0,Debit Card,Male,2.0,3,Grocery,3,Single,2,0,11.0,1.0,6.0,0.0,274.44,0,39.205714285714286,0.86
52057,1,0.0,Phone,1,14.0,Debit Card,Female,3.0,4,Mobile Phone,5,Single,7,1,20.0,1.0,1.0,0.0,124.03999999999999,1,62.019999999999996,1.0
52058,0,6.0,Phone,1,19.0,Debit Card,Female,2.0,3,Mobile Phone,1,Single,4,0,18.0,1.0,1.0,2.0,134.52,0,67.26,0.14
52059,0,10.189899366380917,Phone,1,6.0,Credit Card,Female,3.0,3,Mobile Phone,1,Married,4,0,14.0,1.0,1.0,2.0,122.69999999999999,0,61.349999999999994,0.09
52060,0,23.0,Phone,1,6.0,Credit Card,Male,3.0,3,Grocery,1,Married,10,0,22.0,1.0,1.0,3.0,273.99,0,136.995,0.04
52061,0,6.0,Computer,1,6.0,UPI,Female,2.0,1,Laptop & Accessory,4,Married,2,1,13.0,1.0,1.0,2.0,154.88,0,77.44,0.14
52062,0,14.0,Computer,1,15.0,Credit Card,Male,3.0,3,Others,3,Married,3,0,15.707921714818266,0.0,1.0,11.0,294.19,0,147.095,0.07
52063,0,0.0,Phone,1,22.0,Cash on Delivery,Female,2.9315348837209303,3,Mobile Phone,4,Married,10,0,14.0,2.0,2.0,2.0,128.11,0,42.70333333333334,2.0
52064,0,18.0,Computer,1,29.0,Debit Card,Male,2.0,3,Laptop & Accessory,5,Married,2,1,15.0,1.0,1.0,8.0,136.33,0,68.165,0.05
52065,0,20.0,Phone,3,10.0,Debit Card,Female,2.0,3,Laptop & Accessory,1,Single,2,1,17.0,1.0,1.0,7.0,141.63,0,70.815,0.05
52066,1,10.189899366380917,Phone,1,28.0,Debit Card,Female,2.0,3,Mobile Phone,3,Married,5,1,11.0,0.0,1.0,1.0,121.32,0,60.66,0.09
52067,0,23.0,Phone,1,30.0,Debit Card,Male,3.0,3,Grocery,3,Married,4,1,18.0,1.0,2.0,5.0,239.73000000000002,0,79.91000000000001,0.08
52068,0,11.0,Computer,1,16.0,Credit Card,Male,2.9315348837209303,3,Mobile Phone,3,Married,1,0,17.0,0.0,1.0,2.0,126.84,0,63.42,0.08
52069,0,19.0,Phone,1,13.0,Credit Card,Male,3.0,3,Fashion,3,Married,7,0,13.0,1.0,1.0,7.0,208.45,0,104.225,0.05
52070,0,0.0,Phone,1,23.0,Credit Card,Female,2.0,4,Laptop & Accessory,3,Married,2,0,15.0,0.0,3.0,2.0,143.77,0,35.9425,3.0
52071,1,0.0,Phone,1,20.0,UPI,Male,2.0,4,Mobile Phone,4,Married,2,1,24.0,1.0,1.0,2.0,137.43,1,68.715,1.0
52072,0,4.0,Computer,1,6.0,Debit Card,Female,3.0,3,Laptop & Accessory,5,Married,2,0,12.0,1.0,1.0,3.0,141.48,0,70.74,0.2
52073,0,0.0,Computer,1,11.0,Debit Card,Male,3.0,3,Mobile Phone,1,Single,2,0,15.0,0.0,1.0,0.0,110.50999999999999,0,55.254999999999995,1.0
52074,0,27.0,Phone,1,23.0,Cash on Delivery,Female,2.0,3,Fashion,3,Married,9,0,11.0,0.0,1.0,8.0,207.39,0,103.695,0.04
52075,0,8.0,Phone,1,31.0,Credit Card,Female,2.0,3,Fashion,3,Married,2,1,11.0,0.0,10.0,1.0,203.88,0,18.534545454545455,1.11
52076,0,3.0,Phone,1,14.0,Debit Card,Female,3.0,1,Fashion,5,Married,1,1,12.0,0.0,1.0,3.0,214.16000000000003,1,107.08000000000001,0.25
52077,1,0.0,Phone,1,14.0,Credit Card,Female,3.0,4,Mobile Phone,5,Single,2,1,15.0,1.0,1.0,0.0,126.0,1,63.0,1.0
52078,1,0.0,Computer,1,14.0,Credit Card,Female,2.0,3,Mobile Phone,4,Single,1,0,17.0,0.0,1.0,2.0,124.22,0,62.11,1.0
52079,0,0.0,Phone,1,8.0,Credit Card,Male,2.0,1,Laptop & Accessory,1,Married,2,0,12.0,1.0,1.0,3.0,154.72,0,77.36,1.0
52080,0,0.0,Phone,1,14.0,Debit Card,Male,3.0,5,Mobile Phone,5,Married,2,0,15.0,0.0,1.0,1.0,124.50999999999999,0,62.254999999999995,1.0
52081,0,21.0,Phone,1,12.0,Debit Card,Male,3.0,4,Laptop & Accessory,3,Single,3,0,13.0,0.0,2.0,2.0,142.4,0,47.46666666666667,0.09
52082,0,21.0,Phone,1,10.0,Debit Card,Male,3.0,4,Fashion,3,Single,8,0,14.0,1.0,4.0,3.0,209.99,0,41.998000000000005,0.18
52083,0,14.0,Phone,1,13.0,Credit Card,Female,2.0,3,Laptop & Accessory,3,Single,7,0,14.0,2.0,2.0,1.0,150.03,0,50.01,0.13
52084,0,12.0,Phone,1,6.0,Debit Card,Female,3.0,4,Grocery,1,Married,2,0,16.0,9.0,11.0,3.0,227.42000000000002,0,18.951666666666668,0.85
52085,0,0.0,Phone,1,8.0,Debit Card,Female,2.0,3,Laptop & Accessory,1,Married,1,0,18.0,2.0,2.0,2.0,142.27,0,47.42333333333334,2.0
52086,0,8.0,Phone,1,16.0,UPI,Male,2.0,3,Mobile Phone,1,Married,2,0,20.0,0.0,1.0,2.0,139.17,0,69.585,0.11
52087,0,0.0,Phone,3,11.0,E wallet,Male,2.0,3,Others,3,Married,7,0,13.0,1.0,1.0,0.0,283.03,0,141.515,1.0
52088,0,23.0,Phone,1,14.0,Debit Card,Male,3.0,3,Mobile Phone,1,Married,5,0,18.0,1.0,1.0,0.0,123.80000000000001,0,61.900000000000006,0.04
52089,0,30.0,Phone,1,8.0,Debit Card,Female,3.0,4,Grocery,1,Single,4,1,13.0,4.0,2.0,3.0,237.26,0,79.08666666666666,0.06
52090,1,0.0,Phone,1,17.0,Credit Card,Female,3.0,5,Laptop & Accessory,4,Married,6,0,15.0,1.0,1.0,0.0,147.77,0,73.885,1.0
52091,0,28.0,Computer,1,24.0,Credit Card,Male,3.0,3,Laptop & Accessory,4,Married,4,1,14.0,2.0,6.0,7.0,163.85,0,23.407142857142855,0.21
52092,0,14.0,Computer,1,13.0,Debit Card,Female,2.0,5,Others,3,Married,2,0,15.707921714818266,5.0,5.0,10.0,299.73,0,49.955000000000005,0.33
52093,0,11.0,Phone,3,9.0,Debit Card,Male,2.0,3,Laptop & Accessory,1,Single,9,1,12.0,1.0,1.0,0.0,168.61,0,84.305,0.08
52094,1,0.0,Computer,3,35.0,Credit Card,Male,3.0,5,Laptop & Accessory,5,Single,9,0,18.0,1.0,2.0,2.0,149.69,0,49.89666666666667,2.0
52095,1,15.0,Phone,3,8.0,E wallet,Female,2.0,5,Others,1,Married,2,0,15.707921714818266,3.0,6.0,9.0,298.45,0,42.635714285714286,0.38
52096,0,17.0,Phone,3,34.0,Credit Card,Female,2.0,1,Grocery,1,Married,4,1,18.0,4.0,2.0,11.0,233.2,0,77.73333333333333,0.11
52097,0,23.0,Computer,3,6.0,Debit Card,Female,3.0,3,Laptop & Accessory,3,Married,1,0,12.0,0.0,1.0,13.0,163.47,0,81.735,0.04
52098,1,0.0,Phone,1,22.0,Debit Card,Female,2.9315348837209303,1,Mobile Phone,5,Single,2,0,16.0,3.0,15.0,14.0,127.43,0,7.964375,15.0
52099,0,12.0,Computer,1,28.0,Credit Card,Female,2.0,3,Fashion,5,Single,2,1,13.0,1.0,2.0,8.0,208.8,0,69.60000000000001,0.15
52100,0,6.0,Computer,3,14.0,Debit Card,Female,2.0,4,Mobile Phone,1,Single,1,0,19.0,0.0,2.0,2.0,123.41999999999999,0,41.13999999999999,0.29
52101,0,18.0,Phone,3,17.0,Debit Card,Female,2.0,3,Grocery,1,Married,4,0,13.0,1.0,1.0,1.0,276.5,0,138.25,0.05
52102,0,5.0,Computer,1,35.0,Credit Card,Female,3.0,3,Mobile Phone,3,Single,10,0,12.0,6.0,7.0,7.0,140.25,0,17.53125,1.17
52103,0,7.0,Phone,3,6.0,E wallet,Male,3.0,1,Laptop & Accessory,1,Married,1,0,11.0,0.0,1.0,9.0,197.25,0,98.625,0.12
52104,0,30.0,Phone,3,6.0,Cash on Delivery,Male,3.0,3,Fashion,1,Married,4,1,14.0,1.0,1.0,3.0,219.04000000000002,0,109.52000000000001,0.03
52105,0,10.189899366380917,Phone,2,30.0,Credit Card,Male,2.0,3,Mobile Phone,4,Single,2,0,16.0,0.0,1.0,4.0,121.77000000000001,0,60.885000000000005,0.09
52106,0,26.0,Computer,3,8.0,E wallet,Female,2.0,4,Fashion,4,Married,3,0,12.0,5.0,6.0,12.0,175.25,0,25.035714285714285,0.22
52107,1,0.0,Phone,1,21.0,UPI,Male,2.0,3,Laptop & Accessory,3,Married,8,0,14.0,0.0,1.0,0.0,148.34,0,74.17,1.0
52108,1,10.189899366380917,Computer,1,8.0,Debit Card,Male,2.0,3,Mobile Phone,5,Married,7,1,14.0,0.0,1.0,2.0,120.41999999999999,0,60.209999999999994,0.09
52109,0,10.189899366380917,Phone,3,16.0,Debit Card,Female,2.0,3,Mobile Phone,3,Married,2,1,19.0,0.0,1.0,0.0,122.19999999999999,0,61.099999999999994,0.09
52110,0,1.0,Phone,3,16.0,Credit Card,Male,3.0,3,Mobile Phone,4,Married,2,0,22.0,0.0,1.0,0.0,110.52000000000001,0,55.260000000000005,0.5
52111,0,11.0,Computer,1,9.0,UPI,Male,2.9315348837209303,3,Mobile Phone,3,Married,4,0,16.0,2.0,2.0,2.0,128.21,0,42.73666666666667,0.17
52112,0,23.0,Phone,1,8.0,Credit Card,Male,3.0,3,Others,3,Married,3,1,15.707921714818266,4.0,7.0,7.0,292.37,0,36.54625,0.29
52113,0,10.0,Phone,1,9.0,UPI,Female,2.0,3,Laptop & Accessory,4,Single,4,0,15.0,1.0,1.0,1.0,141.07,0,70.535,0.09
52114,0,13.0,Phone,3,32.0,E wallet,Male,3.0,3,Laptop & Accessory,5,Married,2,0,14.0,3.0,7.0,5.0,183.96,0,22.995,0.5
52115,0,10.189899366380917,Computer,1,6.0,Credit Card,Female,3.0,4,Mobile Phone,3,Married,2,0,13.0,0.0,1.0,3.0,120.07,0,60.035,0.09
52116,0,19.0,Phone,1,6.0,Credit Card,Male,2.0,3,Others,1,Married,10,0,15.707921714818266,1.0,2.0,2.0,296.27,0,98.75666666666666,0.1
52117,0,27.0,Phone,3,8.0,Debit Card,Female,2.0,4,Fashion,3,Married,7,0,11.0,6.0,7.0,0.0,206.86,0,25.8575,0.25
52118,0,29.0,Computer,1,15.0,Credit Card,Female,2.9315348837209303,3,Mobile Phone,3,Married,3,0,19.0,1.0,1.0,3.0,129.42,0,64.71,0.03
52119,0,9.0,Phone,1,18.0,Credit Card,Female,2.0,4,Fashion,1,Single,1,0,11.0,5.0,7.0,8.0,188.58,0,23.5725,0.7
52120,0,28.0,Computer,1,8.0,Credit Card,Male,2.0,4,Grocery,5,Single,8,0,15.0,1.0,6.0,2.0,267.56,0,38.222857142857144,0.21
52121,0,16.0,Phone,3,31.0,Credit Card,Male,3.0,4,Fashion,1,Married,6,0,13.0,1.0,1.0,0.0,207.98000000000002,0,103.99000000000001,0.06
52122,1,0.0,Computer,3,14.0,E wallet,Female,2.0,3,Mobile Phone,1,Single,2,1,14.0,1.0,1.0,2.0,123.22999999999999,1,61.614999999999995,1.0
52123,1,10.189899366380917,Phone,1,16.0,Debit Card,Female,2.0,4,Mobile Phone,5,Single,2,0,13.0,0.0,1.0,0.0,114.16,0,57.08,0.09
52124,0,19.0,Phone,1,14.0,Debit Card,Female,3.0,4,Laptop & Accessory,5,Married,9,1,23.0,1.0,1.0,7.0,146.15,0,73.075,0.05
52125,1,14.0,Phone,1,14.0,Debit Card,Male,2.0,3,Mobile Phone,3,Married,10,1,12.0,0.0,2.0,7.0,124.61000000000001,0,41.53666666666667,0.13
52126,1,0.0,Computer,1,30.0,Cash on Delivery,Male,3.0,4,Fashion,5,Single,2,0,12.0,1.0,1.0,9.0,187.22,0,93.61,1.0
52127,0,0.0,Phone,1,6.0,Credit Card,Male,2.0,4,Mobile Phone,5,Married,2,0,16.0,1.0,1.0,3.0,139.55,0,69.775,1.0
52128,0,3.0,Phone,1,26.0,UPI,Male,2.0,3,Laptop & Accessory,5,Married,1,0,15.0,0.0,1.0,2.0,199.57,0,99.785,0.25
52129,0,14.0,Phone,1,13.0,Cash on Delivery,Female,2.0,1,Mobile Phone,3,Married,2,0,13.0,0.0,1.0,8.0,133.76,0,66.88,0.07
52130,0,11.0,Phone,1,23.0,Debit Card,Female,3.0,4,Fashion,3,Married,1,0,18.0,1.0,1.0,9.0,188.23,0,94.115,0.08
52131,0,13.0,Phone,1,26.0,Cash on Delivery,Male,3.0,3,Fashion,1,Married,5,0,20.0,3.0,11.0,1.0,203.22,0,16.935,0.79
52132,0,0.0,Computer,1,14.0,Debit Card,Male,2.0,5,Mobile Phone,3,Married,2,0,19.0,1.0,1.0,2.0,146.21,0,73.105,1.0
52133,0,28.0,Computer,1,8.0,Debit Card,Male,3.0,3,Fashion,4,Married,4,0,18.0,0.0,1.0,3.0,209.76,0,104.88,0.03
52134,0,1.0,Phone,1,16.0,UPI,Female,2.0,3,Laptop & Accessory,3,Single,4,0,13.0,0.0,1.0,7.0,136.6,0,68.3,0.5
52135,1,7.0,Phone,2,6.0,Credit Card,Male,3.0,4,Fashion,5,Married,10,0,14.0,2.0,3.0,6.0,204.82,0,51.205,0.38
52136,0,6.0,Phone,1,11.0,Debit Card,Male,2.0,4,Fashion,1,Married,5,0,15.0,1.0,1.0,2.0,171.19,0,85.595,0.14
52137,1,0.0,Phone,3,10.0,Cash on Delivery,Male,2.0,3,Fashion,5,Single,1,1,22.0,2.0,4.0,7.0,195.82,1,39.164,4.0
52138,1,0.0,Computer,1,35.0,Credit Card,Female,2.0,4,Laptop & Accessory,3,Single,2,0,22.0,2.0,3.0,8.0,145.08,0,36.27,3.0
52139,0,10.189899366380917,Phone,1,21.0,Debit Card,Male,2.0,3,Mobile Phone,3,Married,2,0,16.0,0.0,2.0,2.0,122.07,0,40.69,0.18
52140,0,7.0,Computer,1,9.0,Debit Card,Male,2.0,3,Laptop & Accessory,1,Single,1,0,17.0,1.0,1.0,4.0,177.56,0,88.78,0.12
52141,0,10.0,Phone,3,16.0,Debit Card,Female,2.0,4,Laptop & Accessory,1,Married,3,1,14.0,1.0,1.0,0.0,166.94,0,83.47,0.09
52142,1,0.0,Phone,1,10.0,Cash on Delivery,Male,2.0,3,Mobile Phone,1,Married,2,1,15.0,4.0,5.0,6.0,136.91,1,22.81833333333333,5.0
52143,1,0.0,Phone,1,14.0,Credit Card,Male,2.0,3,Mobile Phone,3,Married,2,0,20.0,1.0,1.0,0.0,123.77000000000001,0,61.885000000000005,1.0
52144,1,0.0,Phone,1,31.0,Credit Card,Male,2.0,4,Mobile Phone,4,Single,5,1,20.0,1.0,2.0,2.0,123.13,1,41.04333333333333,2.0
52145,0,15.0,Phone,1,8.0,Credit Card,Male,2.0,3,Grocery,5,Married,1,0,17.0,1.0,13.0,7.0,276.65,0,19.760714285714283,0.81
52146,1,0.0,Computer,1,14.0,Credit Card,Male,2.0,4,Mobile Phone,4,Married,2,0,15.0,1.0,1.0,0.0,125.96000000000001,0,62.980000000000004,1.0
52147,1,13.0,Computer,3,6.0,UPI,Male,2.0,3,Laptop & Accessory,3,Single,4,1,14.0,1.0,1.0,0.0,147.28,0,73.64,0.07
52148,0,6.0,Computer,3,13.0,Debit Card,Female,1.0,3,Laptop & Accessory,4,Married,1,0,17.0,0.0,1.0,2.0,143.02,0,71.51,0.14
52149,0,7.0,Computer,1,9.0,Debit Card,Male,2.9315348837209303,4,Mobile Phone,1,Married,4,0,17.0,0.0,1.0,0.0,129.79,0,64.895,0.12
52150,0,21.0,Computer,1,6.0,Credit Card,Male,2.0,1,Grocery,1,Single,3,0,22.0,1.0,2.0,1.0,268.85,0,89.61666666666667,0.09
52151,0,18.0,Computer,3,15.0,Debit Card,Female,3.0,4,Laptop & Accessory,3,Married,2,0,13.0,4.0,4.0,12.0,155.93,0,31.186,0.21
52152,0,25.0,Phone,1,5.0,Debit Card,Male,2.0,3,Fashion,4,Single,8,0,19.0,2.0,4.0,0.0,204.45,0,40.89,0.15
52153,0,11.0,Phone,3,16.0,E wallet,Male,3.0,4,Fashion,3,Married,1,1,14.0,1.0,2.0,7.0,187.4,0,62.46666666666667,0.17
52154,0,2.0,Phone,1,14.0,Debit Card,Female,3.0,3,Mobile Phone,1,Married,5,0,22.0,1.0,1.0,7.0,125.13999999999999,0,62.56999999999999,0.33
52155,0,1.0,Phone,1,9.0,Credit Card,Female,3.0,3,Fashion,4,Married,1,0,17.0,0.0,1.0,7.0,176.55,0,88.275,0.5
52156,0,19.0,Phone,3,9.0,E wallet,Male,2.0,3,Grocery,3,Married,4,0,12.0,1.0,4.0,9.0,274.65,0,54.92999999999999,0.2
52157,0,11.0,Phone,3,8.0,E wallet,Male,2.0,3,Fashion,4,Single,8,0,16.0,1.0,1.0,0.0,173.51,0,86.755,0.08
52158,0,16.0,Computer,1,33.0,Debit Card,Female,2.0,3,Fashion,5,Married,9,0,11.0,1.0,1.0,1.0,208.2,0,104.1,0.06
52159,1,2.0,Computer,1,8.0,Debit Card,Male,2.0,3,Grocery,1,Married,8,0,11.0,10.0,11.0,3.0,221.69,0,18.474166666666665,3.67
52160,0,13.0,Phone,1,20.0,Credit Card,Male,2.0,4,Others,3,Single,2,0,15.707921714818266,3.0,4.0,9.0,296.26,0,59.251999999999995,0.29
52161,0,10.189899366380917,Phone,1,6.0,Cash on Delivery,Female,3.0,4,Mobile Phone,4,Single,2,1,11.0,1.0,2.0,2.0,120.69999999999999,0,40.23333333333333,0.18
52162,0,12.0,Computer,1,15.0,Debit Card,Male,3.0,3,Laptop & Accessory,4,Single,10,0,15.0,1.0,1.0,3.0,167.82,0,83.91,0.08
52163,0,9.0,Computer,1,24.0,Debit Card,Male,3.0,3,Laptop & Accessory,1,Single,3,0,20.0,0.0,1.0,9.0,177.79,0,88.895,0.1
52164,0,4.0,Computer,3,26.0,Debit Card,Male,2.9315348837209303,1,Mobile Phone,1,Married,1,0,12.0,2.0,2.0,2.0,127.91,0,42.63666666666666,0.4
52165,0,1.0,Phone,1,8.0,Debit Card,Male,3.0,4,Mobile Phone,4,Married,1,0,17.0,0.0,1.0,4.0,132.01,0,66.005,0.5
52166,0,8.0,Computer,3,17.0,E wallet,Male,2.0,3,Laptop & Accessory,1,Married,2,0,11.0,1.0,1.0,2.0,149.68,0,74.84,0.11
52167,0,22.0,Phone,3,14.0,Cash on Delivery,Male,2.0,4,Grocery,4,Married,7,0,17.0,1.0,2.0,3.0,231.2,0,77.06666666666666,0.09
52168,0,7.0,Computer,1,8.0,Debit Card,Male,3.0,3,Laptop & Accessory,3,Single,3,0,11.0,1.0,1.0,2.0,140.33,0,70.165,0.12
52169,0,2.0,Computer,1,16.0,Debit Card,Female,3.0,3,Mobile Phone,4,Married,1,0,14.0,0.0,1.0,1.0,132.91,0,66.455,0.33
52170,0,15.0,Phone,1,35.0,Credit Card,Male,2.0,5,Laptop & Accessory,1,Single,5,0,19.0,1.0,1.0,0.0,142.72,0,71.36,0.06
52171,0,2.0,Phone,1,14.0,Credit Card,Male,3.0,4,Laptop & Accessory,1,Married,2,1,15.0,1.0,1.0,2.0,150.56,1,75.28,0.33
52172,0,11.0,Phone,2,6.0,UPI,Male,2.9315348837209303,1,Mobile Phone,3,Married,2,0,13.0,3.0,5.0,0.0,128.44,0,21.406666666666666,0.42
52173,0,1.0,Computer,1,12.0,Debit Card,Male,2.9315348837209303,4,Mobile Phone,3,Married,2,1,14.0,1.0,1.0,2.0,127.03,1,63.515,0.5
52174,1,10.189899366380917,Computer,1,14.0,Credit Card,Male,3.0,3,Mobile Phone,3,Single,2,0,12.0,1.0,1.0,0.0,119.03999999999999,0,59.519999999999996,0.09
52175,1,0.0,Phone,3,15.0,E wallet,Female,3.0,3,Laptop & Accessory,5,Single,4,1,17.0,0.0,1.0,3.0,182.24,1,91.12,1.0
52176,0,14.0,Phone,1,18.0,Debit Card,Male,2.0,3,Mobile Phone,1,Married,4,1,11.0,1.0,1.0,0.0,147.66,0,73.83,0.07
52177,1,0.0,Computer,1,14.0,Credit Card,Male,3.0,3,Mobile Phone,3,Married,2,0,12.0,1.0,2.0,2.0,126.1,0,42.03333333333333,2.0
52178,0,10.0,Phone,1,31.0,Credit Card,Female,2.0,4,Laptop & Accessory,1,Married,8,0,13.0,1.0,1.0,3.0,157.31,0,78.655,0.09
52179,0,0.0,Phone,1,14.0,Debit Card,Male,2.0,4,Mobile Phone,3,Married,2,0,13.0,1.0,2.0,2.0,125.38999999999999,0,41.79666666666666,2.0
52180,0,7.0,Phone,3,15.0,Debit Card,Female,3.0,3,Laptop & Accessory,3,Married,2,0,20.0,0.0,1.0,3.0,157.14,0,78.57,0.12
52181,0,8.0,Phone,2,14.0,Cash on Delivery,Male,3.0,3,Mobile Phone,3,Single,2,0,17.0,0.0,1.0,4.0,143.23,0,71.615,0.11
52182,1,0.0,Phone,3,29.0,Debit Card,Female,2.0,4,Fashion,5,Married,2,0,13.0,1.0,3.0,10.0,173.36,0,43.34,3.0
52183,0,13.0,Computer,1,15.0,Credit Card,Female,2.0,3,Fashion,3,Single,10,0,17.0,1.0,2.0,13.0,234.99,0,78.33,0.14
52184,1,5.0,Computer,3,18.0,Debit Card,Male,2.0,3,Grocery,5,Single,1,1,12.0,2.0,2.0,14.0,237.57999999999998,0,79.19333333333333,0.33
52185,0,15.0,Phone,3,10.0,E wallet,Male,2.0,3,Laptop & Accessory,5,Single,8,0,13.0,1.0,1.0,5.0,151.55,0,75.775,0.06
52186,0,10.189899366380917,Phone,1,6.0,Credit Card,Male,2.0,4,Mobile Phone,3,Married,7,0,12.0,1.0,1.0,7.0,122.58000000000001,0,61.290000000000006,0.09
52187,0,0.0,Phone,1,30.0,Credit Card,Male,2.0,3,Mobile Phone,4,Single,9,0,22.0,0.0,1.0,2.0,135.97,0,67.985,1.0
52188,1,0.0,Phone,1,14.0,Debit Card,Female,3.0,3,Mobile Phone,1,Married,2,1,11.0,1.0,1.0,0.0,125.15,1,62.575,1.0
52189,0,0.0,Phone,1,9.0,Credit Card,Male,2.0,1,Mobile Phone,1,Married,2,0,22.0,1.0,1.0,7.0,144.2,0,72.1,1.0
52190,0,3.0,Phone,3,16.0,E wallet,Male,3.0,4,Laptop & Accessory,3,Married,2,0,18.0,0.0,1.0,4.0,165.78,0,82.89,0.25
52191,0,13.0,Computer,1,32.0,Credit Card,Female,3.0,4,Laptop & Accessory,1,Married,4,1,13.0,0.0,1.0,0.0,144.22,0,72.11,0.07
52192,0,8.0,Phone,1,8.0,Debit Card,Male,2.0,4,Fashion,4,Married,3,0,18.0,2.0,6.0,4.0,202.74,0,28.962857142857143,0.67
52193,0,7.0,Computer,1,7.0,Credit Card,Male,3.0,4,Laptop & Accessory,5,Single,1,0,20.0,0.0,4.0,9.0,153.43,0,30.686,0.5
52194,0,8.0,Computer,1,14.0,UPI,Male,2.0,4,Mobile Phone,1,Married,2,0,13.0,1.0,2.0,2.0,123.75999999999999,0,41.25333333333333,0.22
52195,1,6.0,Phone,3,15.0,E wallet,Female,2.0,5,Laptop & Accessory,3,Single,9,0,13.0,0.0,1.0,3.0,153.46,0,76.73,0.14
52196,0,5.0,Computer,3,8.0,Debit Card,Female,2.9315348837209303,3,Mobile Phone,5,Married,2,0,12.0,1.0,1.0,0.0,128.27,0,64.135,0.17
52197,0,29.0,Phone,1,10.0,Cash on Delivery,Female,3.0,3,Others,5,Married,5,0,15.707921714818266,4.0,4.0,2.0,299.43,0,59.886,0.13
52198,0,2.0,Phone,1,12.0,Credit Card,Female,2.9315348837209303,3,Mobile Phone,1,Married,2,0,13.0,0.0,1.0,8.0,131.31,0,65.655,0.33
52199,0,0.0,Phone,1,14.0,Debit Card,Male,2.0,3,Mobile Phone,5,Single,2,0,25.0,0.0,1.0,0.0,125.52000000000001,0,62.760000000000005,1.0
52200,0,18.0,Phone,1,13.0,Credit Card,Female,2.0,3,Mobile Phone,3,Married,5,1,19.0,0.0,1.0,2.0,144.77,0,72.385,0.05
52201,0,10.0,Phone,1,7.0,Debit Card,Female,2.0,4,Laptop & Accessory,1,Married,2,0,13.0,0.0,3.0,11.0,164.74,0,41.185,0.27
52202,0,0.0,Phone,1,5.0,Debit Card,Male,2.9315348837209303,4,Mobile Phone,3,Single,2,0,12.0,0.0,1.0,2.0,130.33,0,65.165,1.0
52203,1,7.0,Phone,1,16.0,Debit Card,Male,2.9315348837209303,3,Mobile Phone,3,Single,2,1,11.0,1.0,1.0,2.0,129.36,0,64.68,0.12
52204,0,26.0,Phone,1,13.0,Credit Card,Female,2.0,3,Others,3,Married,4,0,18.0,1.0,4.0,7.0,286.06,0,57.212,0.15
52205,0,10.189899366380917,Phone,1,21.0,Debit Card,Female,3.0,5,Mobile Phone,1,Married,1,1,18.0,1.0,1.0,3.0,121.68,0,60.84,0.09
52206,1,0.0,Computer,1,9.0,Debit Card,Male,2.9315348837209303,4,Mobile Phone,1,Married,1,1,11.0,0.0,1.0,0.0,128.53,1,64.265,1.0
52207,0,19.0,Phone,3,8.0,E wallet,Female,3.0,3,Grocery,5,Married,9,0,23.0,1.0,15.0,9.0,270.48,0,16.905,0.75
52208,0,10.189899366380917,Computer,1,23.0,Debit Card,Male,3.0,5,Mobile Phone,3,Single,3,0,13.0,1.0,1.0,0.0,122.9,0,61.45,0.09
52209,0,6.0,Phone,2,8.0,UPI,Male,3.0,3,Mobile Phone,3,Married,2,0,13.0,1.0,1.0,4.0,136.0,0,68.0,0.14
52210,1,10.189899366380917,Computer,1,11.0,Debit Card,Male,3.0,4,Mobile Phone,5,Married,7,0,17.0,0.0,1.0,0.0,121.07,0,60.535,0.09
52211,0,3.0,Phone,3,35.0,Debit Card,Male,3.0,3,Laptop & Accessory,5,Married,9,0,19.0,1.0,1.0,3.0,141.15,0,70.575,0.25
52212,0,13.0,Computer,3,8.0,Credit Card,Male,3.0,3,Laptop & Accessory,4,Married,6,0,12.0,1.0,1.0,0.0,143.27,0,71.635,0.07
52213,0,23.0,Computer,1,8.0,Credit Card,Female,1.0,3,Grocery,5,Married,3,0,22.0,1.0,2.0,2.0,278.56,0,92.85333333333334,0.08
52214,0,1.0,Phone,1,25.0,Credit Card,Male,3.0,4,Mobile Phone,5,Married,2,0,12.0,1.0,3.0,3.0,131.96,0,32.99,1.5
52215,0,19.0,Phone,1,21.0,Debit Card,Male,2.0,3,Others,4,Married,6,0,11.0,1.0,1.0,3.0,290.81,0,145.405,0.05
52216,0,8.0,Phone,3,23.0,Debit Card,Male,3.0,3,Laptop & Accessory,5,Married,4,1,15.0,0.0,1.0,7.0,189.66,0,94.83,0.11
52217,1,10.189899366380917,Phone,1,23.0,Debit Card,Female,3.0,3,Mobile Phone,4,Married,2,0,13.0,1.0,1.0,0.0,122.1,0,61.05,0.09
52218,0,6.0,Computer,3,31.0,Credit Card,Female,2.0,3,Laptop & Accessory,3,Married,2,0,12.0,0.0,1.0,1.0,145.39,0,72.695,0.14
52219,0,9.0,Phone,1,12.0,Debit Card,Male,2.9315348837209303,5,Mobile Phone,3,Married,2,0,14.0,1.0,1.0,7.0,127.41,0,63.705,0.1
52220,0,3.0,Phone,1,13.0,Debit Card,Male,2.0,3,Laptop & Accessory,3,Married,2,0,13.0,4.0,8.0,9.0,134.91,0,14.99,2.0
52221,0,17.0,Phone,1,35.0,UPI,Male,2.0,3,Laptop & Accessory,1,Single,2,0,25.0,6.0,13.0,17.0,145.41,0,10.38642857142857,0.72
52222,0,0.0,Phone,3,27.0,E wallet,Male,2.9315348837209303,1,Mobile Phone,1,Single,2,0,17.0,2.0,2.0,2.0,126.78,0,42.26,2.0
52223,0,19.0,Phone,1,8.0,Cash on Delivery,Male,2.0,3,Laptop & Accessory,1,Married,3,0,11.0,0.0,1.0,4.0,173.79,0,86.895,0.05
52224,0,15.0,Computer,2,8.0,Credit Card,Male,3.0,1,Laptop & Accessory,5,Married,8,0,16.0,1.0,1.0,3.0,162.72,0,81.36,0.06
52225,0,30.0,Phone,3,13.0,E wallet,Male,2.0,1,Laptop & Accessory,1,Married,1,1,18.0,0.0,1.0,9.0,152.2,0,76.1,0.03
52226,0,5.0,Computer,1,19.0,UPI,Female,3.0,4,Mobile Phone,4,Married,2,0,20.0,2.0,2.0,2.0,134.0,0,44.666666666666664,0.33
52227,0,5.0,Computer,1,8.0,Debit Card,Female,2.0,3,Laptop & Accessory,3,Single,5,1,14.0,1.0,1.0,7.0,149.98,0,74.99,0.17
52228,0,9.0,Phone,1,7.0,Cash on Delivery,Female,3.0,5,Fashion,5,Married,3,1,21.0,7.0,7.0,7.0,202.52,0,25.315,0.7
52229,0,6.0,Phone,1,15.0,Credit Card,Male,2.9315348837209303,3,Mobile Phone,1,Married,1,0,13.0,0.0,4.0,10.0,127.81,0,25.562,0.57
52230,0,13.0,Phone,3,16.0,Cash on Delivery,Female,2.0,4,Laptop & Accessory,4,Married,8,0,12.0,1.0,1.0,3.0,168.52,0,84.26,0.07
52231,0,0.0,Phone,3,16.0,Debit Card,Male,2.0,3,Laptop & Accessory,1,Single,1,0,14.0,1.0,1.0,1.0,149.5,0,74.75,1.0
52232,0,3.0,Phone,1,7.0,Credit Card,Male,3.0,3,Mobile Phone,4,Married,1,1,21.0,3.0,5.0,7.0,135.79,1,22.631666666666664,1.25
52233,0,15.0,Computer,1,32.0,Credit Card,Female,2.0,3,Fashion,5,Married,4,1,17.0,0.0,2.0,0.0,231.91000000000003,0,77.30333333333334,0.12
52234,0,8.0,Computer,3,14.0,E wallet,Female,3.0,4,Fashion,1,Married,5,1,11.0,3.0,4.0,12.0,203.77,0,40.754000000000005,0.44
52235,0,10.189899366380917,Phone,1,20.0,Debit Card,Male,2.0,3,Mobile Phone,5,Married,2,1,14.0,5.0,6.0,8.0,122.35,0,17.478571428571428,0.54
52236,0,27.0,Computer,1,7.0,Debit Card,Female,2.0,3,Fashion,3,Married,8,0,17.0,0.0,1.0,4.0,205.02,0,102.51,0.04
52237,0,10.189899366380917,Phone,1,8.0,Debit Card,Female,3.0,1,Mobile Phone,1,Married,2,0,13.0,1.0,7.0,7.0,120.11000000000001,0,15.013750000000002,0.63
52238,1,10.189899366380917,Computer,1,16.0,Credit Card,Female,3.0,4,Mobile Phone,4,Single,2,1,25.0,0.0,1.0,0.0,118.59,0,59.295,0.09
52239,0,2.0,Phone,1,7.0,Debit Card,Female,3.0,3,Mobile Phone,1,Married,2,0,15.0,1.0,1.0,2.0,137.6,0,68.8,0.33
52240,0,27.0,Phone,1,9.0,Debit Card,Male,2.0,3,Grocery,1,Married,4,0,14.0,1.0,1.0,9.0,277.79,0,138.895,0.04
52241,0,4.0,Phone,1,17.0,Credit Card,Male,3.0,3,Laptop & Accessory,5,Married,2,1,12.0,1.0,1.0,1.0,168.33,0,84.165,0.2
52242,0,4.0,Phone,1,30.0,Credit Card,Female,3.0,4,Laptop & Accessory,5,Single,2,0,19.0,1.0,1.0,8.0,168.12,0,84.06,0.2
52243,0,30.0,Phone,3,9.0,Debit Card,Female,2.0,4,Laptop & Accessory,1,Single,6,0,17.0,0.0,1.0,5.0,151.71,0,75.855,0.03
52244,0,16.0,Phone,1,9.0,Debit Card,Male,3.0,5,Others,1,Married,4,0,15.707921714818266,1.0,1.0,7.0,297.4,0,148.7,0.06
52245,0,22.0,Phone,1,10.0,Credit Card,Male,2.0,4,Others,3,Married,3,0,13.0,1.0,1.0,0.0,287.11,0,143.555,0.04
52246,0,9.0,Computer,1,9.0,Cash on Delivery,Male,2.0,3,Mobile Phone,4,Married,2,0,12.0,0.0,1.0,7.0,136.92,0,68.46,0.1
52247,0,21.0,Phone,1,14.0,Cash on Delivery,Male,3.0,1,Mobile Phone,4,Single,6,0,11.0,0.0,1.0,0.0,125.59,0,62.795,0.05
52248,0,0.0,Phone,1,14.0,Debit Card,Male,3.0,3,Mobile Phone,3,Married,2,0,11.0,1.0,1.0,3.0,125.16999999999999,0,62.584999999999994,1.0
52249,0,2.0,Phone,1,13.0,Debit Card,Male,2.0,3,Laptop & Accessory,1,Married,2,1,11.0,1.0,1.0,0.0,166.23,1,83.115,0.33
52250,0,21.0,Phone,1,7.0,Debit Card,Male,3.0,4,Others,1,Single,7,0,12.0,1.0,1.0,0.0,282.65,0,141.325,0.05
52251,0,2.0,Phone,1,7.0,Debit Card,Female,2.0,4,Grocery,1,Married,4,0,14.0,1.0,1.0,7.0,261.24,0,130.62,0.33
52252,0,7.0,Phone,1,14.0,Cash on Delivery,Female,2.0,1,Mobile Phone,3,Married,1,0,17.0,1.0,1.0,0.0,125.85,0,62.925,0.12
52253,0,17.0,Phone,3,11.0,E wallet,Male,2.0,3,Others,4,Married,8,0,11.0,1.0,3.0,10.0,282.13,0,70.5325,0.17
52254,0,6.0,Phone,3,16.0,E wallet,Male,2.0,1,Fashion,3,Married,1,1,14.0,0.0,1.0,8.0,183.8,0,91.9,0.14
52255,0,0.0,Phone,1,31.0,Debit Card,Female,2.9315348837209303,1,Mobile Phone,1,Single,2,1,12.0,0.0,1.0,1.0,129.94,1,64.97,1.0
52256,0,10.189899366380917,Phone,1,7.0,Debit Card,Male,2.0,3,Mobile Phone,3,Married,2,0,22.0,1.0,1.0,1.0,112.22999999999999,0,56.114999999999995,0.09
52257,1,0.0,Computer,3,30.0,Debit Card,Male,3.0,5,Mobile Phone,1,Single,2,1,14.0,1.0,1.0,0.0,111.18,1,55.59,1.0
52258,0,0.0,Phone,1,10.0,Debit Card,Male,2.9315348837209303,3,Mobile Phone,1,Single,2,1,20.0,2.0,2.0,2.0,128.75,1,42.916666666666664,2.0
52259,1,8.0,Phone,3,8.0,E wallet,Female,3.0,5,Others,4,Single,3,1,16.0,1.0,1.0,11.0,288.24,0,144.12,0.11
52260,0,28.0,Computer,1,14.0,Credit Card,Male,2.0,4,Grocery,4,Married,2,1,15.0,2.0,2.0,0.0,235.76999999999998,0,78.58999999999999,0.07
52261,1,0.0,Computer,1,14.0,Debit Card,Female,2.0,4,Mobile Phone,3,Single,2,0,20.0,1.0,2.0,2.0,126.25,0,42.083333333333336,2.0
52262,0,19.0,Phone,3,10.0,E wallet,Female,2.0,4,Others,4,Married,3,0,14.0,1.0,1.0,8.0,287.89,0,143.945,0.05
52263,0,7.0,Phone,3,8.0,E wallet,Female,2.0,3,Laptop & Accessory,5,Single,1,1,12.0,1.0,1.0,2.0,145.38,0,72.69,0.12
52264,0,24.0,Computer,3,15.0,Debit Card,Male,2.0,3,Others,4,Married,5,1,15.707921714818266,6.0,11.0,10.0,298.47,0,24.872500000000002,0.44
52265,0,30.0,Phone,1,24.0,Credit Card,Male,3.0,3,Fashion,1,Single,7,0,12.0,3.0,5.0,4.0,205.12,0,34.18666666666667,0.16
52266,0,7.0,Computer,1,25.0,Credit Card,Female,2.0,3,Laptop & Accessory,4,Married,5,0,13.0,0.0,5.0,10.0,144.44,0,24.073333333333334,0.62
52267,0,10.189899366380917,Computer,1,7.0,Credit Card,Male,2.0,3,Mobile Phone,3,Single,1,1,11.0,1.0,1.0,2.0,121.53999999999999,0,60.769999999999996,0.09
52268,0,17.0,Phone,1,10.0,Debit Card,Male,3.0,1,Others,5,Married,2,0,14.0,2.0,14.0,13.0,291.9,0,19.459999999999997,0.78
52269,0,7.0,Computer,2,17.0,Debit Card,Male,2.0,4,Laptop & Accessory,4,Married,5,0,11.0,0.0,1.0,8.0,144.9,0,72.45,0.12
52270,0,8.0,Phone,1,12.0,Debit Card,Male,3.0,3,Mobile Phone,3,Married,1,1,14.0,1.0,2.0,2.0,135.06,0,45.02,0.22
52271,0,15.0,Phone,1,14.0,Credit Card,Female,3.0,1,Laptop & Accessory,4,Married,7,1,16.0,0.0,1.0,0.0,123.72,0,61.86,0.06
52272,0,16.0,Phone,3,10.0,E wallet,Female,2.0,4,Fashion,1,Single,4,0,14.0,10.0,15.0,17.0,202.31,0,12.644375,0.88
52273,0,9.0,Phone,1,8.0,Debit Card,Female,2.0,3,Laptop & Accessory,4,Single,10,1,11.0,4.0,5.0,12.0,154.1,0,25.683333333333334,0.5
52274,1,7.0,Phone,1,21.0,Credit Card,Female,3.0,3,Fashion,1,Married,2,0,11.0,0.0,1.0,5.0,179.78,0,89.89,0.12
52275,0,1.0,Computer,1,8.0,Debit Card,Male,2.0,4,Mobile Phone,1,Married,2,1,12.0,0.0,2.0,2.0,138.67,1,46.22333333333333,1.0
52276,0,24.0,Computer,1,12.0,Credit Card,Female,2.9315348837209303,4,Mobile Phone,3,Single,1,0,14.0,3.0,7.0,7.0,128.38,0,16.0475,0.28
52277,0,3.0,Computer,1,15.0,Credit Card,Female,3.0,3,Laptop & Accessory,3,Single,8,1,18.0,0.0,1.0,7.0,146.95,1,73.475,0.25
52278,1,0.0,Phone,1,13.0,Cash on Delivery,Female,2.0,3,Mobile Phone,3,Married,4,1,13.0,4.0,7.0,7.0,133.39,1,16.67375,7.0
52279,0,10.189899366380917,Phone,1,7.0,Cash on Delivery,Male,2.0,3,Mobile Phone,5,Single,3,0,11.0,1.0,1.0,2.0,120.80000000000001,0,60.400000000000006,0.09
52280,0,10.189899366380917,Phone,1,7.0,Credit Card,Female,2.0,3,Mobile Phone,4,Single,2,0,18.0,1.0,2.0,1.0,120.96000000000001,0,40.32,0.18
52281,0,5.0,Phone,3,14.0,Credit Card,Male,2.0,1,Laptop & Accessory,1,Married,2,0,15.0,0.0,1.0,8.0,162.09,0,81.045,0.17
52282,0,18.0,Computer,1,31.0,Credit Card,Female,2.0,3,Others,4,Single,4,0,22.0,1.0,1.0,0.0,280.61,0,140.305,0.05
52283,0,12.0,Phone,1,19.0,Credit Card,Female,3.0,4,Grocery,4,Married,7,1,13.0,1.0,15.0,2.0,271.23,0,16.951875,1.15
52284,0,30.0,Phone,1,14.0,Debit Card,Male,2.0,3,Mobile Phone,3,Married,2,0,12.0,1.0,2.0,2.0,123.72,0,41.24,0.06
52285,1,0.0,Phone,1,13.0,Debit Card,Male,3.0,3,Laptop & Accessory,3,Married,2,0,18.0,0.0,1.0,1.0,148.83,0,74.415,1.0
52286,1,2.0,Phone,1,29.0,Credit Card,Male,3.0,3,Mobile Phone,5,Single,1,0,13.0,0.0,1.0,3.0,139.04,0,69.52,0.33
52287,0,3.0,Phone,1,12.0,Cash on Delivery,Female,2.0,4,Laptop & Accessory,1,Married,1,0,12.0,5.0,6.0,7.0,146.27,0,20.895714285714288,1.5
52288,0,9.0,Phone,1,16.0,Cash on Delivery,Female,3.0,3,Fashion,3,Married,4,0,12.0,1.0,1.0,7.0,170.94,0,85.47,0.1
52289,0,19.0,Phone,2,7.0,Debit Card,Female,2.0,3,Mobile Phone,5,Single,7,0,12.0,2.0,5.0,7.0,134.23,0,22.371666666666666,0.25
52290,0,1.0,Computer,1,7.0,Debit Card,Female,2.0,5,Laptop & Accessory,1,Married,1,0,11.0,7.0,7.0,5.0,166.74,0,20.8425,3.5
52291,0,23.0,Phone,1,34.0,Debit Card,Female,2.0,3,Grocery,5,Married,5,1,11.0,1.0,1.0,2.0,268.8,0,134.4,0.04
52292,1,3.0,Phone,3,31.0,E wallet,Male,2.0,4,Fashion,4,Single,3,1,12.0,1.0,1.0,0.0,190.94,1,95.47,0.25
52293,1,15.0,Phone,3,11.0,Debit Card,Male,3.0,3,Fashion,4,Single,10,1,19.0,7.0,7.0,7.0,184.46,0,23.0575,0.44
52294,0,3.0,Phone,1,23.0,Credit Card,Female,3.0,3,Fashion,5,Married,2,1,23.0,1.0,1.0,3.0,219.16000000000003,1,109.58000000000001,0.25
52295,0,12.0,Phone,1,24.0,Debit Card,Male,2.0,3,Laptop & Accessory,3,Single,1,0,11.0,1.0,1.0,7.0,145.34,0,72.67,0.08
52296,0,4.0,Computer,3,8.0,Debit Card,Female,2.0,3,Fashion,3,Married,2,1,19.0,8.0,9.0,6.0,198.52,0,19.852,1.8
52297,0,14.0,Computer,3,16.0,Credit Card,Male,2.0,5,Laptop & Accessory,4,Single,2,0,13.0,3.0,11.0,9.0,161.51,0,13.459166666666667,0.73
52298,1,10.189899366380917,Computer,3,7.0,Debit Card,Female,2.0,3,Mobile Phone,4,Single,2,1,11.0,2.0,2.0,2.0,123.02000000000001,0,41.00666666666667,0.18
52299,1,7.0,Phone,1,14.0,Debit Card,Male,2.0,3,Mobile Phone,5,Married,5,0,12.0,1.0,1.0,2.0,123.62,0,61.81,0.12
52300,0,15.0,Computer,1,8.0,Debit Card,Male,2.0,3,Grocery,3,Married,1,1,13.0,1.0,2.0,10.0,278.61,0,92.87,0.12
52301,0,28.0,Phone,1,8.0,Credit Card,Female,2.0,5,Others,3,Married,5,0,14.0,1.0,9.0,11.0,291.87,0,29.187,0.31
52302,0,29.0,Phone,2,14.0,Debit Card,Male,3.0,3,Others,4,Single,7,0,15.707921714818266,2.0,7.0,7.0,297.17,0,37.14625,0.23
52303,0,13.0,Computer,1,22.0,Debit Card,Male,3.0,3,Mobile Phone,3,Married,10,0,16.0,1.0,1.0,0.0,135.44,0,67.72,0.07
52304,0,7.0,Phone,1,15.0,Debit Card,Male,2.0,3,Fashion,1,Married,1,0,11.0,0.0,1.0,6.0,185.0,0,92.5,0.12
52305,0,13.0,Phone,1,8.0,Debit Card,Male,3.0,3,Laptop & Accessory,1,Single,2,0,13.0,3.0,8.0,8.0,146.61,0,16.290000000000003,0.57
52306,0,14.0,Computer,3,7.0,E wallet,Female,3.0,3,Laptop & Accessory,5,Married,1,0,17.0,0.0,1.0,7.0,141.03,0,70.515,0.07
52307,0,8.0,Computer,1,10.0,Debit Card,Male,2.0,3,Laptop & Accessory,3,Single,2,1,11.0,1.0,1.0,1.0,142.49,0,71.245,0.11
52308,0,24.0,Phone,2,11.0,Debit Card,Male,2.0,3,Grocery,4,Married,2,1,11.0,0.0,2.0,10.0,240.26,0,80.08666666666666,0.08
52309,0,11.0,Phone,3,8.0,Debit Card,Female,2.0,3,Laptop & Accessory,5,Married,4,0,15.0,0.0,1.0,7.0,168.93,0,84.465,0.08
52310,0,7.0,Phone,3,21.0,Credit Card,Female,3.0,3,Laptop & Accessory,5,Single,2,0,12.0,4.0,9.0,6.0,161.25,0,16.125,1.12
52311,0,0.0,Phone,1,25.0,Credit Card,Male,3.0,3,Mobile Phone,1,Married,4,0,11.0,0.0,1.0,2.0,136.69,0,68.345,1.0
52312,1,20.0,Phone,1,13.0,Credit Card,Female,2.0,4,Fashion,5,Married,8,1,14.0,1.0,5.0,9.0,200.08,0,33.34666666666667,0.24
52313,0,13.0,Phone,1,14.0,Debit Card,Male,2.0,3,Mobile Phone,4,Married,4,0,22.0,1.0,1.0,3.0,123.87,0,61.935,0.07
52314,0,9.0,Computer,3,13.0,E wallet,Female,2.0,1,Laptop & Accessory,5,Married,3,0,16.0,5.0,6.0,13.0,146.39,0,20.912857142857142,0.6
52315,0,21.0,Phone,1,10.0,Debit Card,Male,2.0,3,Fashion,1,Single,2,0,11.0,1.0,1.0,8.0,178.98,0,89.49,0.05
52316,0,0.0,Phone,3,14.0,Credit Card,Female,3.0,1,Mobile Phone,1,Married,9,0,14.0,0.0,1.0,0.0,125.34,0,62.67,1.0
52317,0,24.0,Phone,1,17.0,Cash on Delivery,Female,2.0,4,Grocery,4,Single,4,0,16.0,0.0,1.0,3.0,231.42000000000002,0,115.71000000000001,0.04
52318,0,10.189899366380917,Computer,1,7.0,Debit Card,Female,3.0,3,Mobile Phone,1,Single,2,0,15.0,1.0,1.0,0.0,116.11000000000001,0,58.05500000000001,0.09
52319,0,8.0,Phone,1,7.0,Credit Card,Female,2.0,4,Laptop & Accessory,1,Married,1,0,12.0,0.0,1.0,0.0,153.63,0,76.815,0.11
52320,0,0.0,Computer,3,8.0,Debit Card,Male,2.0,5,Laptop & Accessory,1,Single,4,0,20.0,0.0,1.0,0.0,150.71,0,75.355,1.0
52321,1,18.0,Phone,3,19.0,E wallet,Male,2.0,1,Grocery,3,Single,7,1,17.0,1.0,2.0,8.0,236.95,0,78.98333333333333,0.11
52322,0,29.0,Phone,1,29.0,Debit Card,Male,3.0,3,Grocery,4,Married,5,1,12.0,13.0,2.0,9.0,234.01999999999998,0,78.00666666666666,0.07
52323,0,10.189899366380917,Computer,1,32.0,Cash on Delivery,Female,3.0,4,Mobile Phone,3,Married,2,0,20.0,1.0,1.0,0.0,120.28999999999999,0,60.144999999999996,0.09
52324,0,13.0,Phone,1,8.0,Credit Card,Female,2.0,1,Laptop & Accessory,3,Married,6,0,20.0,6.0,11.0,8.0,163.77,0,13.6475,0.79
52325,0,7.0,Phone,1,35.0,Credit Card,Male,2.0,3,Laptop & Accessory,3,Married,5,0,13.0,5.0,7.0,7.0,154.29,0,19.28625,0.88
52326,1,0.0,Computer,3,8.0,Debit Card,Female,2.9315348837209303,4,Mobile Phone,1,Single,8,0,14.0,0.0,1.0,0.0,127.85,0,63.925,1.0
52327,1,0.0,Computer,3,24.0,E wallet,Female,3.0,3,Laptop & Accessory,3,Married,1,1,18.0,0.0,3.0,2.0,146.14,1,36.535,3.0
52328,0,11.0,Computer,1,14.0,Debit Card,Male,2.0,1,Mobile Phone,3,Married,2,0,11.0,0.0,1.0,3.0,126.1,0,63.05,0.08
52329,0,7.0,Phone,1,8.0,Cash on Delivery,Female,3.0,3,Laptop & Accessory,1,Single,2,0,11.0,4.0,4.0,11.0,166.87,0,33.374,0.5
52330,0,1.0,Phone,3,32.0,Debit Card,Male,2.0,4,Laptop & Accessory,5,Married,2,0,11.0,1.0,1.0,4.0,147.24,0,73.62,0.5
52331,1,0.0,Phone,1,28.0,Credit Card,Male,3.0,3,Laptop & Accessory,3,Married,2,1,15.0,5.0,6.0,7.0,161.79,1,23.11285714285714,6.0
52332,0,12.0,Phone,3,27.0,Debit Card,Male,2.0,4,Laptop & Accessory,1,Married,4,1,12.0,0.0,1.0,4.0,161.2,0,80.6,0.08
52333,0,24.0,Computer,3,8.0,E wallet,Male,2.0,3,Fashion,4,Married,3,0,11.0,3.0,3.0,2.0,205.96,0,51.49,0.12
52334,0,14.0,Computer,1,28.0,Debit Card,Female,3.0,3,Laptop & Accessory,1,Married,4,1,14.0,2.0,3.0,3.0,154.67,0,38.6675,0.2
52335,0,10.0,Phone,1,10.0,Debit Card,Male,2.9315348837209303,3,Mobile Phone,3,Married,8,1,15.0,1.0,1.0,3.0,129.96,0,64.98,0.09
52336,0,6.0,Computer,3,11.0,Debit Card,Male,3.0,3,Laptop & Accessory,1,Married,7,0,13.0,1.0,1.0,2.0,199.98,0,99.99,0.14
52337,0,5.0,Phone,3,8.0,E wallet,Male,2.0,3,Laptop & Accessory,4,Married,1,1,13.0,1.0,1.0,2.0,140.78,0,70.39,0.17
52338,0,12.0,Computer,1,31.0,Debit Card,Male,3.0,3,Fashion,3,Married,4,0,21.0,0.0,1.0,3.0,209.2,0,104.6,0.08
52339,0,0.0,Phone,3,24.0,Debit Card,Male,3.0,1,Laptop & Accessory,3,Married,3,0,11.0,1.0,1.0,2.0,162.32,0,81.16,1.0
52340,0,25.0,Computer,1,34.0,Credit Card,Female,2.0,1,Grocery,3,Married,3,1,11.0,1.0,2.0,2.0,232.47000000000003,0,77.49000000000001,0.08
52341,0,16.0,Phone,1,12.0,Credit Card,Female,3.0,4,Laptop & Accessory,3,Single,2,1,14.0,0.0,1.0,8.0,140.81,0,70.405,0.06
52342,0,0.0,Phone,3,16.0,E wallet,Female,3.0,4,Laptop & Accessory,1,Married,2,1,11.0,1.0,4.0,4.0,157.69,1,31.538,4.0
52343,1,0.0,Phone,1,14.0,Debit Card,Female,2.0,3,Mobile Phone,3,Single,2,1,13.0,4.0,7.0,7.0,123.94,1,15.4925,7.0
52344,0,0.0,Phone,1,8.0,Credit Card,Male,2.0,4,Mobile Phone,1,Single,1,0,12.0,1.0,1.0,1.0,139.04,0,69.52,1.0
52345,0,15.0,Phone,2,16.0,UPI,Female,2.0,3,Grocery,5,Married,1,0,14.0,1.0,1.0,9.0,267.99,0,133.995,0.06
52346,0,25.0,Phone,1,14.0,UPI,Female,2.9315348837209303,3,Mobile Phone,5,Married,10,0,13.0,1.0,1.0,4.0,129.5,0,64.75,0.04
52347,0,10.0,Phone,1,17.0,Credit Card,Female,3.0,3,Mobile Phone,3,Single,5,0,18.0,1.0,1.0,2.0,136.29,0,68.145,0.09
52348,0,8.0,Computer,1,24.0,Debit Card,Male,2.0,3,Fashion,1,Single,3,0,11.0,2.0,2.0,2.0,193.62,0,64.54,0.22
52349,0,0.0,Phone,1,7.0,Cash on Delivery,Male,2.0,3,Mobile Phone,1,Married,5,0,11.0,0.0,1.0,2.0,132.29,0,66.145,1.0
52350,0,0.0,Phone,1,13.0,UPI,Male,3.0,1,Mobile Phone,5,Single,1,0,12.0,0.0,1.0,7.0,135.78,0,67.89,1.0
52351,0,2.0,Phone,2,23.0,UPI,Male,2.0,4,Fashion,5,Single,2,0,13.0,0.0,1.0,9.0,179.88,0,89.94,0.33
52352,1,12.0,Computer,1,34.0,Debit Card,Male,3.0,4,Laptop & Accessory,5,Single,4,0,20.0,0.0,1.0,3.0,142.84,0,71.42,0.08
52353,1,0.0,Computer,1,20.0,UPI,Female,2.0,3,Fashion,1,Single,1,1,12.0,4.0,7.0,7.0,175.53,1,21.94125,7.0
52354,0,27.0,Phone,1,7.0,Credit Card,Female,2.0,3,Grocery,1,Single,7,0,19.0,1.0,12.0,7.0,273.28,0,21.02153846153846,0.43
52355,0,30.0,Phone,1,7.0,Credit Card,Female,3.0,3,Others,5,Married,4,1,15.707921714818266,1.0,1.0,5.0,297.01,0,148.505,0.03
52356,0,28.0,Phone,1,7.0,Credit Card,Male,2.0,1,Grocery,1,Married,3,0,13.0,0.0,2.0,0.0,247.32,0,82.44,0.07
52357,0,9.0,Phone,3,9.0,E wallet,Female,3.0,3,Laptop & Accessory,4,Single,4,1,16.0,0.0,1.0,1.0,192.78,0,96.39,0.1
52358,1,10.189899366380917,Computer,3,7.0,Debit Card,Female,2.0,5,Mobile Phone,3,Single,2,0,12.0,0.0,1.0,0.0,113.59,0,56.795,0.09
52359,0,3.0,Phone,3,13.0,E wallet,Female,3.0,3,Laptop & Accessory,5,Married,8,0,14.0,1.0,1.0,2.0,147.79,0,73.895,0.25
52360,0,4.0,Phone,1,14.0,Debit Card,Female,3.0,3,Grocery,4,Single,4,0,11.0,1.0,1.0,0.0,264.22,0,132.11,0.2
52361,0,7.0,Computer,1,7.0,UPI,Male,2.9315348837209303,3,Mobile Phone,5,Married,6,0,14.0,1.0,1.0,3.0,129.96,0,64.98,0.12
52362,1,10.189899366380917,Phone,1,14.0,Debit Card,Female,2.0,4,Mobile Phone,4,Single,2,0,12.0,0.0,1.0,0.0,112.61000000000001,0,56.30500000000001,0.09
52363,0,10.189899366380917,Phone,1,17.0,Debit Card,Male,3.0,3,Mobile Phone,5,Married,1,0,14.0,1.0,1.0,4.0,120.99000000000001,0,60.495000000000005,0.09
52364,0,9.0,Phone,1,10.0,Debit Card,Male,2.0,4,Laptop & Accessory,1,Single,2,0,16.0,0.0,1.0,8.0,158.1,0,79.05,0.1
52365,0,9.0,Phone,3,22.0,E wallet,Female,3.0,4,Laptop & Accessory,5,Married,5,0,13.0,1.0,1.0,2.0,156.47,0,78.235,0.1
52366,0,20.0,Phone,1,7.0,Cash on Delivery,Male,3.0,3,Mobile Phone,1,Married,8,0,12.0,1.0,1.0,2.0,134.2,0,67.1,0.05
52367,1,0.0,Phone,3,15.0,Debit Card,Male,3.0,4,Mobile Phone,5,Married,4,0,12.0,2.0,2.0,2.0,144.0,0,48.0,2.0
52368,0,10.0,Computer,1,11.0,Cash on Delivery,Male,2.0,1,Mobile Phone,3,Single,1,0,14.0,0.0,1.0,3.0,135.0,0,67.5,0.09
52369,0,10.189899366380917,Phone,1,7.0,Debit Card,Female,2.0,3,Mobile Phone,5,Married,3,0,22.0,0.0,1.0,0.0,120.66,0,60.33,0.09
52370,0,20.0,Phone,1,8.0,Credit Card,Female,2.0,3,Grocery,3,Married,4,0,19.0,1.0,5.0,6.0,271.69,0,45.281666666666666,0.24
52371,0,0.0,Phone,3,10.0,Credit Card,Female,2.0,3,Laptop & Accessory,3,Married,2,1,12.0,1.0,1.0,3.0,141.62,1,70.81,1.0
52372,0,5.0,Phone,3,13.0,E wallet,Male,3.0,3,Laptop & Accessory,1,Married,5,0,12.0,0.0,1.0,3.0,192.04,0,96.02,0.17
52373,0,7.0,Phone,1,7.0,Debit Card,Female,2.0,4,Mobile Phone,4,Married,6,0,17.0,1.0,1.0,2.0,132.94,0,66.47,0.12
52374,0,10.189899366380917,Phone,1,11.0,Credit Card,Male,2.0,1,Mobile Phone,3,Married,3,1,12.0,0.0,1.0,3.0,121.27000000000001,0,60.635000000000005,0.09
52375,0,13.0,Computer,1,15.0,UPI,Male,2.0,3,Laptop & Accessory,3,Married,4,0,11.0,0.0,1.0,7.0,139.75,0,69.875,0.07
52376,0,4.0,Phone,3,14.0,Debit Card,Male,2.0,3,Fashion,1,Married,2,0,18.0,2.0,9.0,9.0,207.93,0,20.793,1.8
52377,1,9.0,Phone,3,15.0,E wallet,Male,2.0,3,Fashion,1,Married,5,0,11.0,4.0,4.0,3.0,200.96,0,40.192,0.4
52378,1,2.0,Computer,1,8.0,Debit Card,Female,2.0,4,Mobile Phone,5,Single,3,1,23.0,0.0,1.0,0.0,136.46,1,68.23,0.33
52379,1,0.0,Computer,1,7.0,Debit Card,Female,3.0,1,Fashion,4,Single,2,0,11.0,1.0,4.0,7.0,174.46,0,34.892,4.0
52380,0,18.0,Phone,1,26.0,Credit Card,Male,3.0,5,Fashion,5,Married,3,1,18.0,1.0,1.0,7.0,208.51,0,104.255,0.05
52381,0,10.189899366380917,Phone,2,14.0,Credit Card,Female,3.0,1,Mobile Phone,4,Single,10,0,18.0,1.0,1.0,2.0,121.09,0,60.545,0.09
52382,1,0.0,Computer,1,8.0,Debit Card,Male,3.0,3,Mobile Phone,1,Married,7,1,13.0,0.0,2.0,2.0,137.22,1,45.74,2.0
52383,0,18.0,Phone,1,35.0,Cash on Delivery,Male,2.0,3,Fashion,1,Married,5,1,18.0,1.0,1.0,2.0,193.8,0,96.9,0.05
52384,0,21.0,Phone,3,13.0,E wallet,Male,3.0,3,Laptop & Accessory,5,Married,5,0,11.0,0.0,2.0,2.0,154.86,0,51.620000000000005,0.09
52385,1,0.0,Phone,2,15.0,Cash on Delivery,Female,2.9315348837209303,3,Mobile Phone,3,Married,2,0,15.0,2.0,2.0,2.0,127.41999999999999,0,42.47333333333333,2.0
52386,0,13.0,Computer,1,14.0,Credit Card,Male,2.0,4,Fashion,4,Married,3,0,11.0,4.0,2.0,8.0,237.57,0,79.19,0.14
52387,0,1.0,Phone,3,11.0,Credit Card,Male,2.0,3,Laptop & Accessory,5,Single,1,0,18.0,0.0,1.0,3.0,184.63,0,92.315,0.5
52388,0,17.0,Computer,1,11.0,Debit Card,Male,2.0,4,Mobile Phone,3,Single,4,0,14.0,0.0,1.0,3.0,131.62,0,65.81,0.06
52389,0,26.0,Phone,1,8.0,Credit Card,Male,2.0,1,Grocery,4,Single,5,0,12.0,1.0,8.0,8.0,265.98,0,29.553333333333335,0.3
52390,0,22.0,Phone,1,11.0,Cash on Delivery,Male,3.0,3,Laptop & Accessory,3,Married,3,0,14.0,0.0,1.0,2.0,166.51,0,83.255,0.04
52391,0,13.0,Phone,1,14.0,Credit Card,Male,3.0,3,Mobile Phone,3,Married,3,0,14.0,1.0,1.0,2.0,123.44999999999999,0,61.724999999999994,0.07
52392,0,17.0,Phone,1,26.0,Debit Card,Male,2.0,3,Mobile Phone,4,Single,2,0,13.0,1.0,1.0,3.0,134.2,0,67.1,0.06
52393,0,6.0,Computer,3,13.0,Credit Card,Male,2.0,3,Laptop & Accessory,5,Married,1,0,14.0,1.0,1.0,3.0,143.73,0,71.865,0.14
52394,0,7.0,Phone,3,9.0,UPI,Male,2.0,5,Laptop & Accessory,5,Single,4,0,18.0,2.0,3.0,12.0,147.59,0,36.8975,0.38
52395,0,3.0,Phone,3,22.0,Debit Card,Male,3.0,3,Laptop & Accessory,3,Married,9,0,15.0,1.0,2.0,2.0,153.01,0,51.00333333333333,0.5
52396,0,15.0,Computer,1,15.0,Credit Card,Female,3.0,3,Mobile Phone,1,Single,2,0,13.0,0.0,5.0,8.0,136.73,0,22.78833333333333,0.31
52397,0,17.0,Computer,3,7.0,E wallet,Female,3.0,3,Laptop & Accessory,3,Married,8,0,12.0,0.0,1.0,0.0,147.68,0,73.84,0.06
52398,0,10.189899366380917,Computer,1,13.0,Cash on Delivery,Male,3.0,3,Mobile Phone,3,Married,2,0,13.0,0.0,1.0,0.0,112.74000000000001,0,56.370000000000005,0.09
52399,0,30.0,Phone,1,7.0,Debit Card,Male,3.0,1,Laptop & Accessory,3,Married,1,0,24.0,1.0,2.0,8.0,149.0,0,49.666666666666664,0.06
52400,0,22.0,Phone,1,13.0,Debit Card,Male,2.0,3,Fashion,4,Married,4,0,14.0,0.0,1.0,7.0,204.66,0,102.33,0.04
52401,0,7.0,Computer,1,21.0,Credit Card,Male,3.0,3,Grocery,5,Married,8,0,14.0,1.0,6.0,9.0,270.07,0,38.58142857142857,0.75
52402,1,0.0,Computer,3,7.0,Cash on Delivery,Male,2.9315348837209303,3,Mobile Phone,3,Married,4,0,15.0,1.0,1.0,2.0,129.09,0,64.545,1.0
52403,1,0.0,Computer,3,19.0,Cash on Delivery,Female,2.0,3,Laptop & Accessory,4,Single,6,0,11.0,1.0,1.0,0.0,157.65,0,78.825,1.0
52404,1,0.0,Phone,3,30.0,Credit Card,Female,2.0,4,Laptop & Accessory,4,Single,1,1,23.0,4.0,10.0,10.0,145.99,1,13.271818181818183,10.0
52405,0,8.0,Phone,3,14.0,Debit Card,Male,3.0,3,Mobile Phone,3,Married,2,0,13.0,0.0,1.0,0.0,124.03999999999999,0,62.019999999999996,0.11
52406,1,0.0,Computer,1,15.0,Credit Card,Male,2.0,3,Mobile Phone,5,Single,3,1,11.0,0.0,1.0,0.0,131.72,1,65.86,1.0
52407,0,10.189899366380917,Computer,3,19.0,Debit Card,Female,3.0,3,Mobile Phone,4,Married,2,0,13.0,0.0,1.0,0.0,120.33000000000001,0,60.165000000000006,0.09
52408,0,17.0,Computer,1,8.0,Credit Card,Male,2.0,3,Fashion,3,Single,6,1,18.0,2.0,2.0,2.0,202.09,0,67.36333333333333,0.11
52409,0,2.0,Phone,3,25.0,Debit Card,Male,3.0,4,Laptop & Accessory,3,Married,2,0,14.0,1.0,1.0,4.0,186.2,0,93.1,0.33
52410,0,10.189899366380917,Phone,2,7.0,Debit Card,Male,2.0,3,Mobile Phone,3,Married,1,0,21.0,0.0,1.0,3.0,120.63999999999999,0,60.31999999999999,0.09
52411,0,28.0,Phone,1,10.0,Debit Card,Male,1.0,3,Laptop & Accessory,3,Married,1,1,16.0,1.0,1.0,2.0,140.35,0,70.175,0.03
52412,0,6.0,Phone,1,10.0,Credit Card,Female,2.0,4,Mobile Phone,4,Married,9,0,11.0,1.0,1.0,2.0,138.38,0,69.19,0.14
52413,0,20.0,Phone,3,20.0,Credit Card,Female,3.0,3,Laptop & Accessory,3,Married,4,1,17.0,1.0,1.0,2.0,145.91,0,72.955,0.05
52414,1,0.0,Computer,1,14.0,Credit Card,Male,2.0,4,Mobile Phone,5,Single,8,0,11.0,1.0,1.0,0.0,125.61000000000001,0,62.80500000000001,1.0
52415,0,10.189899366380917,Phone,1,7.0,Debit Card,Male,3.0,4,Mobile Phone,3,Married,2,0,14.0,0.0,1.0,0.0,115.63,0,57.815,0.09
52416,0,1.0,Computer,3,13.0,Debit Card,Male,2.0,3,Laptop & Accessory,5,Single,1,0,14.0,1.0,1.0,3.0,148.98,0,74.49,0.5
52417,0,22.0,Phone,1,9.0,Credit Card,Female,2.0,4,Laptop & Accessory,5,Married,5,0,25.0,0.0,1.0,2.0,147.89,0,73.945,0.04
52418,0,2.0,Computer,1,8.0,Debit Card,Female,3.0,3,Mobile Phone,4,Married,1,0,13.0,1.0,1.0,2.0,131.8,0,65.9,0.33
52419,0,1.0,Phone,1,35.0,Debit Card,Male,3.0,5,Laptop & Accessory,4,Married,2,0,14.0,0.0,1.0,7.0,165.49,0,82.745,0.5
52420,0,6.0,Phone,1,14.0,Debit Card,Male,3.0,3,Laptop & Accessory,3,Single,3,1,17.0,1.0,1.0,0.0,163.88,0,81.94,0.14
52421,0,5.0,Phone,1,16.0,Credit Card,Male,3.0,3,Fashion,1,Single,3,0,25.0,0.0,1.0,3.0,212.44,0,106.22,0.17
52422,0,27.0,Computer,1,17.0,Credit Card,Female,2.0,3,Grocery,1,Married,4,0,20.0,0.0,2.0,12.0,260.32,0,86.77333333333333,0.07
52423,1,0.0,Phone,1,14.0,Cash on Delivery,Male,3.0,4,Mobile Phone,5,Single,7,0,13.0,1.0,1.0,7.0,123.62,0,61.81,1.0
52424,0,17.0,Phone,1,34.0,Debit Card,Male,2.0,3,Grocery,5,Married,4,0,13.0,1.0,14.0,17.0,263.28,0,17.552,0.78
52425,0,12.0,Phone,1,12.0,Debit Card,Female,2.0,3,Fashion,4,Single,5,0,18.0,2.0,2.0,2.0,183.76,0,61.25333333333333,0.15
52426,0,19.0,Phone,3,9.0,Debit Card,Female,2.0,3,Grocery,4,Married,9,0,12.0,1.0,5.0,1.0,266.06,0,44.343333333333334,0.25
52427,0,8.0,Phone,1,22.0,Debit Card,Female,3.0,4,Fashion,4,Single,2,0,19.0,3.0,3.0,3.0,186.06,0,46.515,0.33
52428,0,10.189899366380917,Phone,1,26.0,Debit Card,Male,3.0,3,Laptop & Accessory,3,Single,1,0,14.0,1.0,1.0,2.0,122.72,0,61.36,0.09
52429,1,10.189899366380917,Phone,1,15.0,Debit Card,Male,2.0,3,Mobile Phone,5,Single,4,0,14.0,1.0,1.0,0.0,120.18,0,60.09,0.09
52430,0,7.0,Phone,3,7.0,Cash on Delivery,Male,3.0,4,Fashion,3,Married,2,1,14.0,7.0,8.0,6.0,170.83,0,18.98111111111111,1.0
52431,1,0.0,Computer,1,9.0,Debit Card,Female,2.0,3,Mobile Phone,3,Single,2,0,12.0,2.0,7.0,7.0,140.84,0,17.605,7.0
52432,0,23.0,Computer,1,28.0,Credit Card,Male,2.0,5,Grocery,1,Single,2,1,13.0,1.0,2.0,9.0,244.11,0,81.37,0.08
52433,0,10.189899366380917,Phone,3,13.0,Cash on Delivery,Male,2.0,3,Mobile Phone,3,Married,1,1,25.0,3.0,5.0,7.0,123.08000000000001,0,20.513333333333335,0.45
52434,0,15.0,Phone,1,8.0,Credit Card,Male,3.0,4,Mobile Phone,4,Married,5,0,14.0,0.0,1.0,0.0,148.41,0,74.205,0.06
52435,0,10.0,Phone,1,19.0,Credit Card,Male,2.0,3,Laptop & Accessory,1,Married,2,0,17.0,2.0,3.0,7.0,142.85,0,35.7125,0.27
52436,0,2.0,Phone,1,14.0,UPI,Female,2.0,5,Laptop & Accessory,5,Married,4,0,13.0,1.0,1.0,7.0,197.15,0,98.575,0.33
52437,0,6.0,Phone,1,31.0,Debit Card,Male,2.0,4,Laptop & Accessory,4,Single,2,0,13.0,1.0,1.0,2.0,143.2,0,71.6,0.14
52438,0,10.189899366380917,Phone,1,34.0,Cash on Delivery,Male,3.0,3,Mobile Phone,1,Married,5,0,20.0,1.0,1.0,3.0,121.32,0,60.66,0.09
52439,0,15.0,Computer,1,8.0,Debit Card,Male,2.0,3,Fashion,1,Married,3,1,14.0,4.0,13.0,9.0,201.24,0,14.374285714285715,0.81
52440,0,13.0,Phone,3,15.0,Credit Card,Male,2.0,3,Laptop & Accessory,5,Married,1,0,12.0,7.0,7.0,1.0,154.73,0,19.34125,0.5
52441,0,6.0,Phone,1,34.0,Debit Card,Male,3.0,3,Laptop & Accessory,3,Married,2,1,12.0,4.0,5.0,7.0,152.07,0,25.345,0.71
52442,0,13.0,Phone,2,12.0,Credit Card,Male,2.0,3,Grocery,1,Single,2,1,21.0,1.0,7.0,7.0,264.37,0,33.04625,0.5
52443,0,10.189899366380917,Phone,1,27.0,Cash on Delivery,Male,2.0,4,Mobile Phone,5,Married,1,0,14.0,0.0,1.0,0.0,122.96000000000001,0,61.480000000000004,0.09
52444,0,13.0,Computer,1,14.0,Debit Card,Male,3.0,3,Laptop & Accessory,1,Married,4,1,18.0,1.0,2.0,2.0,140.69,0,46.89666666666667,0.14
52445,0,18.0,Phone,1,7.0,Cash on Delivery,Male,3.0,3,Fashion,4,Married,2,0,12.0,3.0,7.0,7.0,174.41,0,21.80125,0.37
52446,0,8.0,Phone,3,14.0,Debit Card,Female,3.0,4,Mobile Phone,3,Married,1,0,23.0,2.0,4.0,2.0,124.30000000000001,0,24.860000000000003,0.44
52447,0,5.0,Phone,1,11.0,Debit Card,Female,3.0,4,Laptop & Accessory,4,Married,4,0,12.0,1.0,2.0,5.0,158.78,0,52.92666666666667,0.33
52448,0,9.0,Phone,3,14.0,Debit Card,Male,3.0,3,Mobile Phone,1,Single,4,1,21.0,1.0,1.0,2.0,126.44,0,63.22,0.1
52449,0,21.0,Phone,3,22.0,Debit Card,Female,3.0,3,Laptop & Accessory,3,Married,9,0,14.0,7.0,7.0,7.0,164.39,0,20.54875,0.32
52450,0,2.0,Phone,1,14.0,Debit Card,Male,3.0,1,Mobile Phone,3,Married,7,0,18.0,0.0,1.0,0.0,124.50999999999999,0,62.254999999999995,0.33
52451,0,6.0,Phone,3,14.0,Debit Card,Male,2.0,3,Laptop & Accessory,5,Married,3,0,13.0,2.0,2.0,2.0,163.92,0,54.63999999999999,0.29
52452,1,0.0,Phone,3,7.0,Debit Card,Male,3.0,4,Laptop & Accessory,5,Married,2,0,11.0,1.0,6.0,7.0,197.14,0,28.162857142857142,6.0
52453,0,11.0,Computer,2,16.0,UPI,Male,3.0,3,Laptop & Accessory,3,Married,4,0,11.0,0.0,1.0,2.0,160.77,0,80.385,0.08
52454,0,8.0,Phone,1,14.0,Credit Card,Male,3.0,4,Mobile Phone,5,Single,2,0,19.0,1.0,1.0,2.0,124.5,0,62.25,0.11
52455,0,7.0,Phone,3,35.0,Cash on Delivery,Male,2.0,3,Fashion,4,Married,4,0,12.0,1.0,1.0,3.0,192.5,0,96.25,0.12
52456,1,10.189899366380917,Phone,1,8.0,Debit Card,Female,3.0,3,Mobile Phone,5,Married,2,1,12.0,1.0,1.0,0.0,120.74000000000001,0,60.370000000000005,0.09
52457,1,16.0,Phone,1,8.0,Cash on Delivery,Female,3.0,4,Fashion,1,Married,1,0,16.0,0.0,1.0,9.0,201.69,0,100.845,0.06
52458,1,1.0,Phone,1,8.0,Credit Card,Male,2.0,3,Laptop & Accessory,4,Married,5,0,11.0,1.0,1.0,4.0,148.55,0,74.275,0.5
52459,0,5.0,Computer,1,7.0,Cash on Delivery,Male,3.0,3,Laptop & Accessory,5,Married,5,0,14.0,0.0,1.0,2.0,140.87,0,70.435,0.17
52460,0,21.0,Phone,1,14.0,UPI,Female,3.0,3,Mobile Phone,5,Married,9,0,12.0,6.0,7.0,6.0,123.66999999999999,0,15.458749999999998,0.32
52461,0,7.0,Phone,1,13.0,Credit Card,Male,2.9315348837209303,3,Mobile Phone,1,Single,2,0,13.0,0.0,1.0,0.0,129.72,0,64.86,0.12
52462,0,28.0,Phone,3,32.0,E wallet,Male,2.0,4,Others,1,Married,2,0,15.707921714818266,0.0,2.0,13.0,295.86,0,98.62,0.07
52463,0,7.0,Phone,1,7.0,Debit Card,Male,2.0,3,Laptop & Accessory,1,Married,10,0,17.0,0.0,2.0,1.0,154.84,0,51.61333333333334,0.25
52464,0,10.189899366380917,Phone,1,9.0,Debit Card,Female,2.0,3,Mobile Phone,1,Married,2,0,21.0,1.0,1.0,0.0,120.61000000000001,0,60.30500000000001,0.09
52465,0,11.0,Phone,3,20.0,Debit Card,Male,3.0,3,Laptop & Accessory,4,Married,1,0,11.0,3.0,7.0,7.0,199.24,0,24.905,0.58
52466,0,11.0,Phone,3,22.0,Debit Card,Female,2.0,3,Laptop & Accessory,4,Single,3,0,12.0,1.0,1.0,2.0,141.98,0,70.99,0.08
52467,0,9.0,Phone,3,7.0,Debit Card,Female,3.0,3,Laptop & Accessory,3,Single,7,0,13.0,1.0,1.0,0.0,168.15,0,84.075,0.1
52468,0,2.0,Phone,1,9.0,Credit Card,Male,2.0,3,Mobile Phone,5,Single,2,1,18.0,0.0,1.0,5.0,147.23,1,73.615,0.33
52469,0,8.0,Phone,1,16.0,Credit Card,Female,2.0,3,Laptop & Accessory,3,Single,4,1,16.0,0.0,1.0,4.0,161.42,0,80.71,0.11
52470,0,12.0,Phone,3,12.0,Credit Card,Male,2.0,1,Fashion,3,Married,3,0,11.0,3.0,7.0,6.0,182.37,0,22.79625,0.54
52471,0,2.0,Computer,1,8.0,Debit Card,Male,2.0,3,Laptop & Accessory,1,Married,2,0,19.0,1.0,1.0,3.0,188.53,0,94.265,0.33
52472,0,23.0,Phone,3,15.0,E wallet,Male,2.0,3,Others,3,Married,5,1,15.707921714818266,0.0,1.0,0.0,293.31,0,146.655,0.04
52473,0,10.189899366380917,Phone,1,16.0,Cash on Delivery,Male,2.0,1,Mobile Phone,3,Married,3,0,16.0,0.0,2.0,2.0,120.72999999999999,0,40.24333333333333,0.18
52474,0,9.0,Computer,1,12.0,Debit Card,Male,3.0,1,Laptop & Accessory,5,Married,4,1,13.0,0.0,1.0,2.0,155.62,0,77.81,0.1
52475,0,15.0,Phone,1,15.0,UPI,Male,3.0,4,Others,1,Single,9,0,15.707921714818266,1.0,1.0,1.0,296.13,0,148.065,0.06
52476,0,8.0,Phone,1,34.0,Debit Card,Male,2.0,1,Laptop & Accessory,3,Married,2,0,17.0,6.0,6.0,8.0,134.07,0,19.15285714285714,0.67
52477,0,7.0,Computer,1,16.0,Cash on Delivery,Male,3.0,4,Laptop & Accessory,3,Married,2,0,14.0,1.0,7.0,7.0,150.63,0,18.82875,0.88
52478,0,13.0,Phone,3,20.0,Debit Card,Female,2.0,3,Laptop & Accessory,5,Married,2,0,15.0,0.0,1.0,2.0,146.39,0,73.195,0.07
52479,0,16.0,Phone,1,33.0,Cash on Delivery,Male,2.0,1,Mobile Phone,4,Married,6,0,12.0,1.0,1.0,2.0,148.76,0,74.38,0.06
52480,0,8.0,Phone,1,13.0,Debit Card,Male,2.9315348837209303,4,Mobile Phone,1,Married,2,0,18.0,1.0,1.0,1.0,126.9,0,63.45,0.11
52481,0,19.0,Phone,3,7.0,Debit Card,Male,2.0,1,Grocery,5,Single,2,0,15.0,1.0,1.0,12.0,275.67,0,137.835,0.05
52482,1,0.0,Phone,1,14.0,Credit Card,Male,2.0,3,Mobile Phone,4,Married,2,1,17.0,0.0,1.0,0.0,124.08000000000001,1,62.040000000000006,1.0
52483,0,0.0,Computer,1,32.0,UPI,Female,2.9315348837209303,4,Mobile Phone,3,Married,2,1,14.0,1.0,1.0,3.0,128.14,1,64.07,1.0
52484,0,23.0,Computer,1,26.0,Credit Card,Male,2.0,3,Grocery,3,Married,3,1,15.0,0.0,12.0,3.0,212.45,0,16.342307692307692,0.5
52485,0,5.0,Phone,1,11.0,UPI,Female,2.0,1,Mobile Phone,1,Married,4,0,17.0,1.0,1.0,2.0,133.12,0,66.56,0.17
52486,0,17.0,Phone,1,13.0,Credit Card,Female,2.0,3,Others,1,Married,1,1,14.0,1.0,1.0,10.0,290.49,0,145.245,0.06
52487,0,10.189899366380917,Phone,1,13.0,Credit Card,Male,2.0,4,Mobile Phone,4,Married,2,0,12.0,1.0,1.0,1.0,121.41,0,60.705,0.09
52488,0,18.0,Phone,1,11.0,Credit Card,Female,2.0,5,Laptop & Accessory,5,Single,2,1,14.0,0.0,1.0,4.0,157.69,0,78.845,0.05
52489,0,18.0,Computer,3,32.0,E wallet,Male,2.0,4,Laptop & Accessory,5,Married,2,0,15.0,3.0,4.0,5.0,143.85,0,28.77,0.21
52490,0,4.0,Computer,3,8.0,UPI,Male,2.0,3,Laptop & Accessory,5,Single,8,0,13.0,1.0,1.0,3.0,153.32,0,76.66,0.2
52491,0,9.0,Phone,1,18.0,Debit Card,Female,3.0,3,Laptop & Accessory,3,Married,10,1,12.0,0.0,1.0,1.0,146.63,0,73.315,0.1
52492,0,7.0,Computer,1,16.0,Debit Card,Male,2.0,1,Laptop & Accessory,1,Married,2,0,13.0,3.0,7.0,2.0,147.24,0,18.405,0.88
52493,0,22.0,Phone,1,31.0,Debit Card,Female,2.0,3,Mobile Phone,5,Married,2,0,14.0,1.0,1.0,4.0,132.11,0,66.055,0.04
52494,0,12.0,Phone,1,16.0,Credit Card,Male,3.0,3,Laptop & Accessory,5,Married,3,0,13.0,3.0,7.0,7.0,153.77,0,19.22125,0.54
52495,0,0.0,Phone,1,25.0,UPI,Male,3.0,4,Mobile Phone,5,Married,2,0,11.0,0.0,1.0,7.0,140.66,0,70.33,1.0
52496,0,8.0,Phone,1,24.0,Debit Card,Male,2.0,1,Laptop & Accessory,5,Married,2,0,11.0,1.0,1.0,10.0,152.08,0,76.04,0.11
52497,0,1.0,Phone,1,33.0,Credit Card,Female,2.0,5,Laptop & Accessory,5,Married,1,0,21.0,1.0,1.0,0.0,148.77,0,74.385,0.5
52498,0,0.0,Phone,1,11.0,Credit Card,Male,2.9315348837209303,3,Mobile Phone,1,Single,2,0,18.0,0.0,2.0,2.0,131.17,0,43.72333333333333,2.0
52499,1,10.189899366380917,Computer,3,9.0,Credit Card,Female,3.0,3,Mobile Phone,1,Single,2,1,12.0,1.0,1.0,0.0,115.69,0,57.845,0.09
52500,0,20.0,Phone,2,32.0,Debit Card,Female,3.0,3,Others,3,Married,4,0,15.707921714818266,1.0,1.0,0.0,296.58,0,148.29,0.05
52501,0,12.0,Phone,1,9.0,Credit Card,Male,2.9315348837209303,4,Laptop & Accessory,3,Married,1,0,15.0,0.0,1.0,7.0,130.69,0,65.345,0.08
52502,0,13.0,Phone,1,21.0,Debit Card,Female,3.0,4,Fashion,3,Married,2,0,13.0,6.0,14.0,12.0,204.35,0,13.623333333333333,1.0
52503,0,8.0,Computer,1,14.0,Debit Card,Female,2.0,3,Laptop & Accessory,3,Married,2,0,12.0,0.0,2.0,9.0,141.48,0,47.16,0.22
52504,0,10.0,Phone,1,25.0,Debit Card,Male,2.0,3,Laptop & Accessory,3,Married,4,0,17.0,0.0,1.0,2.0,157.68,0,78.84,0.09
52505,0,12.0,Computer,1,10.0,Credit Card,Female,2.0,3,Laptop & Accessory,3,Single,1,0,13.0,3.0,3.0,8.0,150.42,0,37.605,0.23
52506,0,18.0,Phone,1,8.0,UPI,Female,2.0,4,Laptop & Accessory,1,Married,2,0,19.0,3.0,3.0,9.0,157.7,0,39.425,0.16
52507,0,11.0,Phone,1,8.0,Credit Card,Female,2.0,4,Fashion,3,Married,4,1,19.0,0.0,1.0,2.0,177.56,0,88.78,0.08
52508,1,0.0,Phone,3,16.0,Credit Card,Male,2.0,4,Fashion,5,Married,10,0,17.0,0.0,6.0,0.0,203.06,0,29.00857142857143,6.0
52509,0,10.0,Phone,1,16.0,Credit Card,Female,3.0,3,Mobile Phone,4,Married,2,0,11.0,4.0,7.0,7.0,139.36,0,17.42,0.64
52510,0,13.0,Phone,1,22.0,Debit Card,Female,2.0,3,Fashion,1,Single,7,1,15.0,3.0,3.0,3.0,179.45,0,44.8625,0.21
52511,0,17.0,Computer,2,7.0,UPI,Male,2.0,3,Laptop & Accessory,1,Married,5,1,11.0,1.0,1.0,2.0,157.43,0,78.715,0.06
52512,0,21.0,Computer,1,10.0,Credit Card,Male,2.0,4,Grocery,1,Married,3,0,25.0,0.0,2.0,2.0,252.01999999999998,0,84.00666666666666,0.09
52513,1,0.0,Phone,3,21.0,Credit Card,Male,2.0,5,Laptop & Accessory,1,Married,7,1,14.0,0.0,2.0,2.0,154.4,1,51.46666666666667,2.0
52514,0,0.0,Computer,1,8.0,Cash on Delivery,Female,2.0,3,Mobile Phone,1,Single,2,1,13.0,0.0,1.0,3.0,137.6,1,68.8,1.0
52515,0,0.0,Phone,1,14.0,Credit Card,Female,2.0,1,Mobile Phone,3,Married,8,0,17.0,0.0,1.0,2.0,135.17,0,67.585,1.0
52516,0,0.0,Computer,1,14.0,Credit Card,Male,2.0,3,Mobile Phone,1,Single,3,0,13.0,0.0,1.0,2.0,125.80000000000001,0,62.900000000000006,1.0
52517,1,10.189899366380917,Phone,1,13.0,Debit Card,Male,3.0,3,Mobile Phone,5,Single,4,1,14.0,0.0,1.0,3.0,121.66,0,60.83,0.09
52518,0,2.0,Phone,3,16.0,Credit Card,Male,2.0,4,Laptop & Accessory,3,Single,10,0,11.0,1.0,1.0,4.0,158.69,0,79.345,0.33
52519,0,9.0,Phone,1,11.0,Debit Card,Female,2.0,3,Fashion,5,Married,5,0,12.0,1.0,1.0,2.0,180.08,0,90.04,0.1
52520,0,0.0,Computer,1,8.0,Debit Card,Male,3.0,1,Laptop & Accessory,3,Married,2,0,17.0,1.0,1.0,7.0,152.06,0,76.03,1.0
52521,0,12.0,Phone,1,18.0,Credit Card,Male,3.0,3,Laptop & Accessory,4,Married,5,0,21.0,1.0,1.0,0.0,152.95,0,76.475,0.08
52522,0,22.0,Phone,1,28.0,UPI,Female,3.0,3,Grocery,4,Married,4,0,16.0,1.0,1.0,2.0,264.13,0,132.065,0.04
52523,0,23.0,Phone,1,23.0,Debit Card,Female,2.0,4,Fashion,5,Married,6,0,15.0,0.0,2.0,11.0,232.69,0,77.56333333333333,0.08
52524,0,0.0,Phone,3,8.0,Credit Card,Female,2.9315348837209303,3,Mobile Phone,3,Single,2,0,19.0,0.0,2.0,2.0,127.83000000000001,0,42.61000000000001,2.0
52525,0,7.0,Phone,1,9.0,Debit Card,Female,3.0,3,Laptop & Accessory,4,Married,2,0,12.0,1.0,7.0,9.0,154.33,0,19.29125,0.88
52526,0,10.189899366380917,Phone,1,13.0,Debit Card,Male,3.0,3,Mobile Phone,4,Single,3,0,11.0,0.0,1.0,3.0,120.13,0,60.065,0.09
52527,0,22.0,Phone,1,12.0,Debit Card,Female,2.0,4,Grocery,3,Married,3,1,19.0,2.0,2.0,12.0,239.66000000000003,0,79.88666666666667,0.09
52528,0,9.0,Computer,1,7.0,Credit Card,Female,2.0,4,Laptop & Accessory,3,Married,1,0,15.0,0.0,1.0,2.0,143.74,0,71.87,0.1
52529,0,9.0,Phone,1,9.0,Debit Card,Male,3.0,1,Laptop & Accessory,5,Married,7,0,20.0,0.0,1.0,4.0,168.42,0,84.21,0.1
52530,0,27.0,Phone,1,28.0,Credit Card,Female,3.0,3,Grocery,3,Married,4,0,25.0,1.0,4.0,7.0,274.26,0,54.852,0.14
52531,0,16.0,Phone,1,21.0,Debit Card,Male,3.0,4,Grocery,3,Married,2,0,24.0,1.0,6.0,11.0,276.03,0,39.43285714285714,0.35
52532,1,0.0,Computer,3,18.0,UPI,Male,2.0,3,Laptop & Accessory,1,Single,4,1,24.0,5.0,6.0,7.0,145.81,1,20.830000000000002,6.0
52533,0,11.0,Computer,1,7.0,Debit Card,Male,2.0,3,Laptop & Accessory,1,Married,8,0,15.0,1.0,2.0,9.0,147.35,0,49.11666666666667,0.17
52534,0,2.0,Phone,3,11.0,Credit Card,Male,2.0,4,Laptop & Accessory,4,Married,2,1,13.0,0.0,1.0,9.0,141.87,1,70.935,0.33
52535,0,6.0,Phone,3,8.0,Credit Card,Male,3.0,3,Laptop & Accessory,1,Married,2,0,14.0,1.0,1.0,4.0,155.05,0,77.525,0.14
52536,0,5.0,Phone,1,8.0,Credit Card,Male,2.0,3,Laptop & Accessory,4,Married,1,0,13.0,1.0,1.0,6.0,154.7,0,77.35,0.17
52537,0,4.0,Phone,3,11.0,Debit Card,Female,3.0,3,Laptop & Accessory,1,Married,2,0,11.0,0.0,1.0,2.0,154.76,0,77.38,0.2
52538,0,22.0,Phone,1,14.0,Credit Card,Female,3.0,3,Mobile Phone,5,Married,5,1,16.0,0.0,2.0,2.0,125.87,0,41.95666666666667,0.09
52539,0,11.0,Computer,1,14.0,Credit Card,Female,2.0,4,Mobile Phone,4,Single,2,0,22.0,0.0,3.0,3.0,124.4,0,31.1,0.25
52540,0,20.0,Phone,3,8.0,Debit Card,Female,2.0,1,Grocery,4,Married,7,0,14.0,1.0,2.0,2.0,259.72,0,86.57333333333334,0.1
52541,0,22.0,Phone,1,7.0,Debit Card,Male,2.0,3,Grocery,3,Single,5,0,14.0,1.0,2.0,0.0,253.79000000000002,0,84.59666666666668,0.09
52542,0,14.0,Phone,3,29.0,Debit Card,Male,3.0,3,Fashion,3,Single,4,1,16.0,0.0,1.0,2.0,170.82,0,85.41,0.07
52543,0,0.0,Phone,3,15.0,Debit Card,Male,2.9315348837209303,3,Mobile Phone,5,Single,2,0,11.0,0.0,1.0,2.0,127.28,0,63.64,1.0
52544,0,6.0,Computer,3,22.0,Debit Card,Female,2.0,3,Laptop & Accessory,1,Married,2,1,25.0,0.0,1.0,2.0,153.68,0,76.84,0.14
52545,0,9.0,Phone,1,32.0,Debit Card,Male,3.0,3,Laptop & Accessory,3,Married,7,0,14.0,1.0,1.0,2.0,153.47,0,76.735,0.1
52546,0,17.0,Phone,2,7.0,Debit Card,Female,2.0,3,Mobile Phone,1,Married,5,1,18.0,2.0,2.0,2.0,131.95,0,43.98333333333333,0.11
52547,1,0.0,Phone,1,14.0,Credit Card,Male,3.0,4,Mobile Phone,3,Single,2,1,11.0,1.0,1.0,2.0,139.89,1,69.945,1.0
52548,0,11.0,Phone,1,10.0,Credit Card,Female,2.0,3,Mobile Phone,3,Married,8,0,19.0,0.0,1.0,0.0,133.06,0,66.53,0.08
52549,0,26.0,Phone,1,30.0,Credit Card,Male,2.0,1,Fashion,1,Married,4,0,15.0,0.0,1.0,2.0,170.05,0,85.025,0.04
52550,1,11.0,Computer,3,14.0,Credit Card,Female,3.0,3,Mobile Phone,3,Married,3,1,11.0,1.0,7.0,7.0,126.55000000000001,0,15.818750000000001,0.58
52551,1,10.189899366380917,Phone,1,8.0,Debit Card,Male,3.0,3,Mobile Phone,4,Single,2,0,12.0,0.0,1.0,0.0,113.93,0,56.965,0.09
52552,0,0.0,Computer,1,14.0,Credit Card,Male,3.0,3,Mobile Phone,1,Single,2,0,20.0,0.0,5.0,7.0,125.69999999999999,0,20.95,5.0
52553,0,28.0,Phone,1,28.0,Cash on Delivery,Male,3.0,4,Mobile Phone,4,Married,6,0,12.0,1.0,1.0,2.0,135.37,0,67.685,0.03
52554,0,7.0,Phone,1,11.0,Credit Card,Male,2.0,4,Laptop & Accessory,1,Married,2,0,14.0,0.0,4.0,13.0,139.86,0,27.972,0.5
52555,0,30.0,Phone,1,7.0,Credit Card,Male,3.0,5,Fashion,1,Married,4,0,20.0,1.0,1.0,0.0,208.82999999999998,0,104.41499999999999,0.03
52556,0,10.189899366380917,Phone,1,27.0,Credit Card,Male,3.0,1,Mobile Phone,4,Married,2,0,18.0,0.0,2.0,13.0,120.28,0,40.093333333333334,0.18
52557,0,10.0,Computer,3,7.0,Credit Card,Male,2.0,5,Laptop & Accessory,1,Married,2,0,14.0,1.0,1.0,3.0,195.25,0,97.625,0.09
52558,0,7.0,Phone,1,25.0,Debit Card,Female,2.9315348837209303,4,Mobile Phone,1,Married,2,0,12.0,1.0,8.0,7.0,129.29,0,14.365555555555554,1.0
52559,1,10.189899366380917,Phone,3,13.0,Debit Card,Male,3.0,3,Mobile Phone,1,Married,2,1,21.0,1.0,1.0,2.0,122.75,0,61.375,0.09
52560,0,17.0,Phone,1,8.0,Debit Card,Female,3.0,1,Fashion,1,Married,2,1,19.0,1.0,6.0,7.0,178.79,0,25.541428571428572,0.33
52561,0,8.0,Computer,1,8.0,Credit Card,Male,3.0,4,Mobile Phone,1,Single,1,1,14.0,1.0,1.0,4.0,149.3,0,74.65,0.11
52562,0,16.0,Phone,3,8.0,Credit Card,Male,3.0,3,Laptop & Accessory,1,Married,2,1,17.0,3.0,8.0,8.0,178.47,0,19.83,0.47
52563,0,0.0,Phone,1,15.0,Credit Card,Male,3.0,1,Mobile Phone,3,Married,2,0,16.0,0.0,1.0,4.0,144.01,0,72.005,1.0
52564,0,14.0,Phone,3,12.0,E wallet,Male,2.0,3,Fashion,3,Single,2,0,12.0,3.0,8.0,7.0,192.41,0,21.378888888888888,0.53
52565,0,2.0,Phone,1,15.0,Credit Card,Female,2.9315348837209303,3,Mobile Phone,3,Married,10,0,17.0,0.0,1.0,2.0,129.74,0,64.87,0.33
52566,0,9.0,Phone,3,8.0,Debit Card,Female,2.0,3,Laptop & Accessory,1,Single,4,0,15.0,6.0,6.0,7.0,145.02,0,20.717142857142857,0.6
52567,0,18.0,Computer,1,7.0,Debit Card,Male,3.0,4,Fashion,3,Married,4,0,23.0,4.0,14.0,4.0,207.48000000000002,0,13.832,0.74
52568,1,10.189899366380917,Phone,2,28.0,UPI,Male,2.0,5,Mobile Phone,3,Married,2,0,11.0,0.0,1.0,0.0,115.55000000000001,0,57.775000000000006,0.09
52569,1,10.0,Computer,3,15.0,Debit Card,Male,2.0,5,Grocery,3,Married,8,0,11.0,6.0,14.0,3.0,229.36,0,15.290666666666668,1.27
52570,0,10.189899366380917,Phone,1,23.0,Credit Card,Male,3.0,5,Mobile Phone,3,Married,2,0,15.0,1.0,1.0,2.0,123.05000000000001,0,61.525000000000006,0.09
52571,0,18.0,Phone,1,34.0,Cash on Delivery,Female,2.0,4,Grocery,4,Single,2,0,11.0,1.0,8.0,6.0,267.04,0,29.671111111111113,0.42
52572,0,5.0,Computer,1,16.0,Debit Card,Male,2.0,3,Mobile Phone,3,Married,7,0,13.0,0.0,1.0,3.0,134.33,0,67.165,0.17
52573,0,4.0,Phone,1,8.0,Debit Card,Male,3.0,3,Mobile Phone,3,Married,2,0,14.0,1.0,1.0,3.0,134.77,0,67.385,0.2
52574,0,14.0,Computer,2,10.0,UPI,Male,2.0,5,Laptop & Accessory,4,Married,7,0,19.0,0.0,1.0,2.0,164.3,0,82.15,0.07
52575,0,13.0,Phone,1,14.0,Debit Card,Female,3.0,3,Laptop & Accessory,5,Married,3,1,16.0,1.0,1.0,0.0,165.16,0,82.58,0.07
52576,0,0.0,Phone,1,35.0,Credit Card,Male,3.0,3,Mobile Phone,5,Married,2,0,13.0,1.0,1.0,2.0,139.07,0,69.535,1.0
52577,0,19.0,Phone,1,19.0,Debit Card,Male,2.0,3,Laptop & Accessory,4,Single,7,0,14.0,1.0,1.0,9.0,155.62,0,77.81,0.05
52578,0,8.0,Phone,1,33.0,Debit Card,Male,2.0,3,Laptop & Accessory,3,Married,3,0,16.0,1.0,1.0,7.0,168.83,0,84.415,0.11
52579,0,3.0,Phone,1,22.0,Debit Card,Male,2.9315348837209303,3,Mobile Phone,1,Married,2,0,12.0,0.0,1.0,8.0,128.62,0,64.31,0.25
52580,0,20.0,Computer,3,8.0,E wallet,Male,2.0,3,Laptop & Accessory,4,Married,8,0,11.0,0.0,1.0,0.0,149.78,0,74.89,0.05
52581,0,19.0,Phone,3,8.0,Debit Card,Male,3.0,3,Fashion,1,Married,5,1,12.0,0.0,1.0,3.0,203.68,0,101.84,0.05
52582,1,0.0,Phone,3,19.0,E wallet,Male,3.0,4,Laptop & Accessory,5,Married,6,1,13.0,1.0,2.0,2.0,161.34,1,53.78,2.0
52583,1,0.0,Phone,3,7.0,Debit Card,Male,2.0,5,Laptop & Accessory,4,Single,7,0,15.0,0.0,1.0,0.0,167.35,0,83.675,1.0
52584,0,0.0,Phone,1,10.0,Credit Card,Female,2.0,3,Mobile Phone,4,Single,2,0,13.0,0.0,1.0,2.0,132.95,0,66.475,1.0
52585,0,4.0,Computer,1,30.0,Cash on Delivery,Female,1.0,3,Laptop & Accessory,1,Single,3,0,20.0,0.0,1.0,4.0,152.38,0,76.19,0.2
52586,0,12.0,Computer,1,7.0,Debit Card,Male,3.0,3,Laptop & Accessory,1,Married,2,1,15.0,0.0,5.0,8.0,164.72,0,27.453333333333333,0.38
52587,0,5.0,Phone,3,25.0,Debit Card,Male,3.0,5,Fashion,3,Married,4,0,13.0,0.0,1.0,2.0,196.1,0,98.05,0.17
52588,0,13.0,Phone,3,13.0,Credit Card,Male,2.0,3,Others,4,Single,2,0,15.707921714818266,12.0,12.0,8.0,298.33,0,22.948461538461537,0.86
52589,0,18.0,Phone,2,10.0,Debit Card,Female,2.0,5,Fashion,3,Married,5,0,21.0,1.0,1.0,3.0,197.56,0,98.78,0.05
52590,0,3.0,Computer,1,8.0,Cash on Delivery,Female,3.0,4,Mobile Phone,5,Single,1,0,16.0,0.0,1.0,7.0,149.68,0,74.84,0.25
52591,0,10.189899366380917,Computer,2,16.0,Credit Card,Male,2.0,3,Mobile Phone,1,Married,1,0,14.0,0.0,2.0,1.0,121.44999999999999,0,40.48333333333333,0.18
52592,1,10.189899366380917,Computer,2,14.0,UPI,Female,3.0,4,Mobile Phone,1,Married,7,0,11.0,1.0,1.0,2.0,121.80000000000001,0,60.900000000000006,0.09
52593,0,4.0,Phone,3,11.0,Cash on Delivery,Male,2.0,3,Laptop & Accessory,3,Married,2,0,19.0,1.0,1.0,2.0,183.46,0,91.73,0.2
52594,0,0.0,Phone,1,14.0,Credit Card,Female,3.0,3,Mobile Phone,1,Single,2,0,11.0,0.0,1.0,4.0,134.45,0,67.225,1.0
52595,1,0.0,Phone,3,15.0,E wallet,Female,2.9315348837209303,5,Mobile Phone,4,Single,2,0,13.0,2.0,2.0,2.0,127.6,0,42.53333333333333,2.0
52596,0,2.0,Computer,1,7.0,Debit Card,Male,3.0,1,Laptop & Accessory,3,Single,9,1,12.0,1.0,1.0,2.0,162.94,1,81.47,0.33
52597,0,3.0,Phone,3,21.0,E wallet,Male,3.0,4,Fashion,5,Married,3,0,11.0,1.0,1.0,7.0,171.4,0,85.7,0.25
52598,0,7.0,Phone,1,8.0,Credit Card,Male,2.9315348837209303,1,Mobile Phone,1,Married,1,1,14.0,1.0,1.0,2.0,129.32,0,64.66,0.12
52599,0,6.0,Computer,3,8.0,E wallet,Female,3.0,3,Laptop & Accessory,4,Single,9,0,15.0,1.0,1.0,7.0,151.47,0,75.735,0.14
52600,0,22.0,Phone,3,17.0,E wallet,Female,3.0,3,Laptop & Accessory,1,Single,4,0,12.0,0.0,1.0,4.0,145.07,0,72.535,0.04
52601,1,0.0,Phone,3,22.0,Debit Card,Female,3.0,3,Fashion,5,Single,3,1,20.0,1.0,1.0,0.0,185.64,1,92.82,1.0
52602,0,11.0,Computer,1,14.0,Credit Card,Female,3.0,4,Mobile Phone,4,Married,5,0,14.0,0.0,1.0,5.0,124.68,0,62.34,0.08
52603,1,0.0,Phone,3,22.0,E wallet,Male,3.0,3,Fashion,3,Married,3,0,13.0,0.0,1.0,0.0,181.61,0,90.805,1.0
52604,0,10.189899366380917,Phone,1,10.0,Cash on Delivery,Female,3.0,4,Mobile Phone,5,Married,2,0,13.0,0.0,1.0,0.0,121.09,0,60.545,0.09
52605,0,3.0,Phone,1,22.0,Debit Card,Male,2.0,1,Laptop & Accessory,3,Married,4,0,16.0,1.0,1.0,7.0,152.94,0,76.47,0.25
52606,0,5.0,Computer,1,11.0,Cash on Delivery,Male,2.9315348837209303,3,Mobile Phone,4,Single,3,0,14.0,1.0,1.0,7.0,127.18,0,63.59,0.17
52607,0,11.0,Phone,1,24.0,Credit Card,Male,2.0,5,Laptop & Accessory,1,Married,4,1,16.0,0.0,1.0,0.0,158.11,0,79.055,0.08
52608,1,6.0,Computer,1,14.0,Cash on Delivery,Male,2.0,4,Mobile Phone,3,Married,10,1,16.0,1.0,1.0,0.0,124.37,0,62.185,0.14
52609,0,15.0,Phone,1,18.0,Credit Card,Male,2.9315348837209303,3,Mobile Phone,4,Married,9,0,22.0,1.0,1.0,4.0,127.66,0,63.83,0.06
52610,0,28.0,Phone,1,8.0,Credit Card,Male,2.0,4,Others,5,Married,9,0,12.0,1.0,1.0,0.0,290.38,0,145.19,0.03
52611,0,6.0,Computer,1,10.0,Cash on Delivery,Male,2.9315348837209303,3,Laptop & Accessory,4,Married,6,0,15.0,0.0,1.0,7.0,130.55,0,65.275,0.14
52612,0,10.189899366380917,Phone,1,15.0,Debit Card,Male,3.0,3,Mobile Phone,5,Married,2,0,20.0,0.0,1.0,4.0,122.88999999999999,0,61.44499999999999,0.09
52613,0,7.0,Computer,3,16.0,Debit Card,Male,2.0,3,Laptop & Accessory,3,Married,2,1,14.0,1.0,1.0,7.0,140.01,0,70.005,0.12
52614,0,26.0,Computer,1,7.0,Credit Card,Female,2.0,4,Grocery,3,Married,5,1,20.0,1.0,1.0,3.0,229.64999999999998,0,114.82499999999999,0.04
52615,0,16.0,Phone,2,8.0,Debit Card,Male,3.0,3,Mobile Phone,1,Single,1,0,13.0,1.0,1.0,8.0,135.39,0,67.695,0.06
52616,0,7.0,Phone,3,9.0,Debit Card,Female,2.0,5,Laptop & Accessory,1,Single,6,0,12.0,2.0,2.0,2.0,160.29,0,53.43,0.25
52617,1,0.0,Phone,3,13.0,E wallet,Male,2.9315348837209303,3,Mobile Phone,4,Single,2,0,13.0,0.0,1.0,0.0,126.78999999999999,0,63.394999999999996,1.0
52618,0,11.0,Phone,1,12.0,UPI,Female,2.0,4,Mobile Phone,3,Married,2,0,11.0,1.0,1.0,4.0,137.02,0,68.51,0.08
52619,1,0.0,Phone,1,14.0,Credit Card,Female,3.0,3,Mobile Phone,5,Married,2,1,17.0,0.0,1.0,0.0,123.97999999999999,1,61.989999999999995,1.0
52620,0,4.0,Phone,3,35.0,E wallet,Female,3.0,4,Laptop & Accessory,1,Married,2,0,14.0,0.0,5.0,7.0,154.68,0,25.78,1.0
52621,0,24.0,Phone,1,9.0,Cash on Delivery,Female,2.0,3,Fashion,3,Married,3,0,11.0,2.0,2.0,3.0,231.16000000000003,0,77.05333333333334,0.08
52622,0,10.0,Phone,3,15.0,E wallet,Male,2.0,4,Laptop & Accessory,4,Married,2,0,14.0,1.0,1.0,3.0,141.89,0,70.945,0.09
52623,0,19.0,Phone,1,8.0,Credit Card,Male,2.0,3,Others,1,Married,8,1,15.707921714818266,2.0,2.0,2.0,293.28,0,97.75999999999999,0.1
52624,0,9.0,Phone,1,16.0,Debit Card,Male,2.0,3,Fashion,5,Married,8,1,13.0,2.0,5.0,7.0,183.21,0,30.535,0.5
52625,1,7.0,Computer,1,14.0,Credit Card,Male,3.0,3,Mobile Phone,4,Married,2,1,12.0,2.0,2.0,3.0,123.41999999999999,0,41.13999999999999,0.25
52626,0,10.0,Phone,2,14.0,UPI,Male,2.0,3,Laptop & Accessory,4,Married,3,0,13.0,3.0,4.0,7.0,140.71,0,28.142000000000003,0.36
52627,1,0.0,Phone,3,33.0,Debit Card,Male,2.0,3,Laptop & Accessory,1,Single,2,1,18.0,3.0,7.0,7.0,158.13,1,19.76625,7.0
52628,0,6.0,Phone,1,14.0,Debit Card,Male,2.9315348837209303,1,Mobile Phone,5,Married,7,0,19.0,3.0,7.0,6.0,131.43,0,16.42875,1.0
52629,0,10.189899366380917,Phone,1,7.0,Debit Card,Male,2.0,3,Mobile Phone,1,Married,2,0,11.0,0.0,1.0,3.0,120.44,0,60.22,0.09
52630,0,12.0,Phone,1,16.0,Credit Card,Male,3.0,3,Fashion,3,Single,8,0,21.0,2.0,2.0,2.0,234.64,0,78.21333333333332,0.15
52631,0,19.0,Computer,3,32.0,Debit Card,Male,3.0,4,Laptop & Accessory,4,Single,9,0,15.0,1.0,2.0,2.0,179.91,0,59.97,0.1
52632,0,13.0,Phone,1,8.0,Debit Card,Female,3.0,3,Mobile Phone,5,Married,5,0,17.0,1.0,1.0,2.0,133.77,0,66.885,0.07
52633,0,15.0,Phone,1,19.0,Credit Card,Male,3.0,1,Laptop & Accessory,5,Married,6,0,18.0,1.0,1.0,0.0,155.38,0,77.69,0.06
52634,0,8.0,Computer,1,8.0,Credit Card,Male,2.0,3,Laptop & Accessory,1,Married,3,0,14.0,1.0,1.0,7.0,157.62,0,78.81,0.11
52635,0,11.0,Computer,2,14.0,UPI,Male,3.0,3,Mobile Phone,4,Married,6,0,13.0,2.0,3.0,8.0,125.91999999999999,0,31.479999999999997,0.25
52636,1,0.0,Computer,1,15.0,Debit Card,Male,3.0,3,Laptop & Accessory,5,Married,5,0,17.0,0.0,1.0,7.0,153.46,0,76.73,1.0
52637,1,0.0,Phone,1,16.0,Credit Card,Male,2.0,3,Laptop & Accessory,5,Single,2,0,15.0,0.0,1.0,8.0,142.13,0,71.065,1.0
52638,0,12.0,Computer,3,26.0,Debit Card,Male,2.0,3,Laptop & Accessory,1,Married,3,0,18.0,1.0,2.0,2.0,141.27,0,47.09,0.15
52639,0,16.0,Computer,1,14.0,Debit Card,Male,2.0,3,Mobile Phone,3,Single,5,0,13.0,1.0,1.0,2.0,124.38,0,62.19,0.06
52640,0,14.0,Phone,1,11.0,Debit Card,Male,2.0,1,Laptop & Accessory,4,Single,4,0,12.0,0.0,1.0,2.0,168.7,0,84.35,0.07
52641,0,14.0,Phone,3,10.0,E wallet,Female,2.0,3,Fashion,3,Married,1,1,13.0,5.0,13.0,5.0,204.47,0,14.605,0.87
52642,0,3.0,Phone,1,16.0,Credit Card,Female,3.0,3,Fashion,3,Single,10,0,14.0,0.0,1.0,2.0,196.67,0,98.335,0.25
52643,1,10.189899366380917,Phone,2,26.0,Credit Card,Female,3.0,3,Mobile Phone,4,Married,1,1,11.0,0.0,1.0,4.0,121.47999999999999,0,60.739999999999995,0.09
52644,1,9.0,Phone,1,27.0,Credit Card,Female,3.0,3,Laptop & Accessory,4,Married,5,0,22.0,3.0,3.0,7.0,189.26,0,47.315,0.3
52645,0,13.0,Phone,1,7.0,Debit Card,Female,2.0,3,Laptop & Accessory,1,Married,5,0,17.0,0.0,1.0,3.0,165.13,0,82.565,0.07
52646,0,7.0,Phone,3,14.0,Cash on Delivery,Male,3.0,1,Laptop & Accessory,3,Married,2,0,21.0,2.0,4.0,8.0,167.99,0,33.598,0.5
52647,0,30.0,Computer,3,8.0,Credit Card,Male,2.0,3,Grocery,4,Married,5,0,22.0,1.0,14.0,14.0,262.91,0,17.527333333333335,0.45
52648,0,8.0,Phone,1,29.0,Credit Card,Male,2.9315348837209303,5,Mobile Phone,3,Married,1,0,16.0,0.0,1.0,3.0,127.05000000000001,0,63.525000000000006,0.11
52649,0,20.0,Phone,1,10.0,Debit Card,Female,3.0,4,Fashion,4,Married,9,1,12.0,5.0,14.0,10.0,203.33,0,13.555333333333333,0.67
52650,0,13.0,Phone,1,18.0,Debit Card,Female,2.0,3,Laptop & Accessory,5,Married,3,0,12.0,1.0,7.0,7.0,144.48,0,18.06,0.5
52651,0,27.0,Phone,1,13.0,Credit Card,Female,3.0,3,Laptop & Accessory,1,Married,5,0,15.0,1.0,1.0,7.0,168.54,0,84.27,0.04
52652,0,4.0,Computer,3,13.0,E wallet,Female,3.0,3,Fashion,5,Married,3,0,14.0,2.0,2.0,2.0,196.37,0,65.45666666666666,0.4
52653,0,1.0,Phone,1,7.0,Credit Card,Female,3.0,3,Mobile Phone,5,Married,2,0,25.0,1.0,1.0,2.0,135.91,0,67.955,0.5
52654,0,11.0,Phone,3,8.0,E wallet,Female,3.0,5,Laptop & Accessory,1,Married,3,1,20.0,0.0,1.0,3.0,154.05,0,77.025,0.08
52655,0,0.0,Phone,3,16.0,Credit Card,Male,2.0,3,Laptop & Accessory,1,Single,2,0,13.0,1.0,1.0,2.0,146.84,0,73.42,1.0
52656,0,30.0,Computer,1,21.0,Debit Card,Male,2.0,3,Grocery,3,Married,3,1,14.0,2.0,2.0,2.0,257.87,0,85.95666666666666,0.06
52657,0,10.189899366380917,Computer,1,20.0,Credit Card,Female,2.0,3,Mobile Phone,3,Single,2,0,16.0,1.0,1.0,0.0,115.13999999999999,0,57.56999999999999,0.09
52658,1,0.0,Phone,2,24.0,UPI,Male,2.9315348837209303,1,Mobile Phone,5,Married,1,0,17.0,1.0,1.0,0.0,129.56,0,64.78,1.0
52659,1,0.0,Phone,2,14.0,UPI,Male,2.0,4,Mobile Phone,5,Married,5,1,15.0,2.0,2.0,0.0,123.35,1,41.11666666666667,2.0
52660,0,18.0,Computer,3,8.0,Debit Card,Female,3.0,3,Laptop & Accessory,3,Married,5,0,22.0,3.0,5.0,7.0,151.54,0,25.256666666666664,0.26
52661,0,9.0,Phone,1,8.0,UPI,Female,3.0,3,Laptop & Accessory,4,Married,5,1,22.0,1.0,1.0,0.0,169.62,0,84.81,0.1
52662,0,16.0,Computer,3,8.0,Debit Card,Male,3.0,3,Laptop & Accessory,1,Married,2,0,20.0,7.0,7.0,7.0,156.75,0,19.59375,0.41
52663,0,0.0,Computer,1,14.0,Debit Card,Female,2.0,3,Mobile Phone,1,Single,1,1,14.0,1.0,1.0,2.0,123.78999999999999,1,61.894999999999996,1.0
52664,0,2.0,Computer,1,26.0,Credit Card,Male,2.0,3,Mobile Phone,1,Married,2,0,13.0,1.0,3.0,10.0,138.12,0,34.53,1.0
52665,0,5.0,Computer,3,16.0,E wallet,Male,3.0,3,Laptop & Accessory,1,Single,9,0,13.0,0.0,1.0,0.0,146.48,0,73.24,0.17
52666,0,15.0,Computer,1,16.0,Cash on Delivery,Male,2.9315348837209303,3,Mobile Phone,3,Married,4,0,22.0,3.0,3.0,3.0,129.36,0,32.34,0.19
52667,0,10.189899366380917,Phone,1,15.0,Debit Card,Female,3.0,3,Mobile Phone,3,Single,5,0,12.0,0.0,2.0,0.0,121.05000000000001,0,40.35,0.18
52668,0,19.0,Phone,1,8.0,Debit Card,Male,2.0,3,Fashion,1,Married,4,0,14.0,0.0,4.0,7.0,185.78,0,37.156,0.2
52669,0,1.0,Computer,2,7.0,Debit Card,Male,2.9315348837209303,3,Mobile Phone,1,Married,2,0,15.0,1.0,2.0,2.0,127.06,0,42.35333333333333,1.0
52670,0,2.0,Phone,1,35.0,Debit Card,Male,3.0,5,Laptop & Accessory,3,Married,9,0,17.0,0.0,1.0,6.0,163.84,0,81.92,0.33
52671,0,15.0,Phone,1,14.0,Debit Card,Male,2.0,3,Mobile Phone,3,Single,5,0,13.0,1.0,1.0,0.0,139.68,0,69.84,0.06
52672,1,0.0,Phone,3,8.0,E wallet,Male,2.0,4,Laptop & Accessory,4,Single,8,1,12.0,1.0,2.0,2.0,199.07,1,66.35666666666667,2.0
52673,0,19.0,Phone,3,9.0,Cash on Delivery,Female,2.0,1,Grocery,5,Married,3,0,12.0,2.0,2.0,8.0,232.25,0,77.41666666666667,0.1
52674,0,0.0,Phone,3,29.0,Credit Card,Female,2.0,4,Laptop & Accessory,3,Married,2,0,21.0,3.0,5.0,8.0,135.4,0,22.566666666666666,5.0
52675,0,2.0,Phone,2,12.0,Credit Card,Male,2.9315348837209303,4,Mobile Phone,4,Married,2,0,11.0,1.0,1.0,0.0,128.04,0,64.02,0.33
52676,0,16.0,Phone,1,12.0,Credit Card,Female,2.0,4,Others,3,Married,8,0,15.707921714818266,6.0,6.0,14.0,293.92,0,41.98857142857143,0.35
52677,0,21.0,Phone,1,16.0,Debit Card,Male,3.0,4,Others,4,Married,5,0,15.707921714818266,3.0,12.0,9.0,296.65,0,22.819230769230767,0.55
52678,1,0.0,Computer,1,14.0,Debit Card,Male,3.0,4,Mobile Phone,1,Single,2,1,24.0,1.0,1.0,0.0,124.38999999999999,1,62.19499999999999,1.0
52679,1,9.0,Phone,3,16.0,Debit Card,Female,3.0,3,Fashion,4,Married,6,0,21.0,1.0,1.0,7.0,173.14,0,86.57,0.1
52680,0,0.0,Computer,1,21.0,Debit Card,Female,3.0,4,Mobile Phone,5,Married,1,0,19.0,0.0,7.0,3.0,147.74,0,18.4675,7.0
52681,0,12.0,Phone,1,25.0,UPI,Male,2.0,3,Laptop & Accessory,1,Married,9,0,14.0,0.0,2.0,2.0,139.02,0,46.34,0.15
52682,0,28.0,Phone,1,8.0,Cash on Delivery,Male,2.9315348837209303,4,Mobile Phone,1,Married,9,0,20.0,1.0,1.0,4.0,126.62,0,63.31,0.03
52683,0,1.0,Phone,3,9.0,Credit Card,Female,2.9315348837209303,3,Mobile Phone,4,Married,2,0,19.0,1.0,1.0,0.0,128.56,0,64.28,0.5
52684,1,0.0,Phone,3,15.0,Credit Card,Male,2.0,3,Mobile Phone,1,Single,2,0,13.0,0.0,1.0,0.0,110.81,0,55.405,1.0
52685,1,0.0,Phone,1,14.0,Debit Card,Male,3.0,3,Mobile Phone,4,Single,2,1,23.0,1.0,1.0,0.0,124.72,1,62.36,1.0
52686,0,9.0,Phone,3,16.0,Cash on Delivery,Female,3.0,4,Laptop & Accessory,3,Married,2,1,13.0,0.0,1.0,7.0,156.73,0,78.365,0.1
52687,0,4.0,Phone,1,26.0,Debit Card,Male,2.0,3,Laptop & Accessory,3,Married,2,0,11.0,0.0,1.0,2.0,141.97,0,70.985,0.2
52688,0,7.0,Phone,3,10.0,Debit Card,Male,3.0,3,Fashion,1,Married,3,1,13.0,0.0,1.0,0.0,197.13,0,98.565,0.12
52689,0,10.189899366380917,Phone,1,13.0,Debit Card,Male,2.0,3,Mobile Phone,5,Single,4,0,14.0,0.0,1.0,2.0,120.62,0,60.31,0.09
52690,0,10.0,Phone,1,13.0,Credit Card,Male,3.0,3,Laptop & Accessory,5,Married,6,1,22.0,0.0,1.0,4.0,142.84,0,71.42,0.09
52691,0,8.0,Phone,1,22.0,UPI,Female,2.0,4,Laptop & Accessory,4,Married,1,1,11.0,0.0,1.0,2.0,147.88,0,73.94,0.11
52692,0,18.0,Phone,1,31.0,Debit Card,Female,3.0,4,Laptop & Accessory,1,Married,1,0,13.0,0.0,3.0,8.0,159.06,0,39.765,0.16
52693,0,9.0,Computer,2,8.0,UPI,Male,3.0,4,Laptop & Accessory,1,Single,2,0,21.0,1.0,1.0,8.0,138.86,0,69.43,0.1
52694,0,13.0,Phone,1,7.0,Debit Card,Male,3.0,3,Grocery,5,Married,3,0,11.0,1.0,11.0,16.0,268.23,0,22.352500000000003,0.79
52695,0,0.0,Phone,1,7.0,Debit Card,Female,2.9315348837209303,4,Mobile Phone,3,Married,2,1,13.0,0.0,1.0,0.0,129.33,1,64.665,1.0
52696,0,0.0,Phone,3,8.0,Credit Card,Female,2.0,1,Laptop & Accessory,3,Single,1,0,14.0,0.0,1.0,7.0,165.0,0,82.5,1.0
52697,0,21.0,Computer,1,28.0,Credit Card,Female,2.0,3,Grocery,1,Married,4,0,11.0,1.0,4.0,7.0,271.74,0,54.348,0.18
52698,0,17.0,Phone,1,7.0,Debit Card,Male,3.0,1,Laptop & Accessory,5,Married,3,0,15.0,1.0,2.0,2.0,150.33,0,50.11000000000001,0.11
52699,1,10.189899366380917,Computer,1,22.0,Cash on Delivery,Male,2.0,5,Mobile Phone,5,Married,2,1,23.0,0.0,3.0,0.0,123.07,0,30.7675,0.27
52700,1,19.0,Phone,1,14.0,Debit Card,Male,3.0,3,Mobile Phone,1,Single,2,0,16.0,0.0,1.0,0.0,125.87,0,62.935,0.05
52701,0,9.0,Phone,3,23.0,E wallet,Male,2.0,4,Laptop & Accessory,4,Married,3,0,16.0,1.0,1.0,3.0,155.07,0,77.535,0.1
52702,0,14.0,Phone,3,14.0,E wallet,Female,2.0,3,Laptop & Accessory,4,Married,6,0,21.0,0.0,1.0,4.0,143.93,0,71.965,0.07
52703,0,15.0,Phone,1,12.0,Credit Card,Male,2.0,3,Fashion,5,Married,10,0,13.0,5.0,2.0,7.0,233.48000000000002,0,77.82666666666667,0.12
52704,0,4.0,Phone,3,16.0,Credit Card,Female,2.0,3,Laptop & Accessory,1,Married,3,1,11.0,1.0,1.0,4.0,165.83,0,82.915,0.2
52705,0,7.0,Phone,3,9.0,Credit Card,Female,3.0,4,Laptop & Accessory,1,Married,4,1,12.0,0.0,1.0,1.0,181.03,0,90.515,0.12
52706,0,4.0,Phone,1,10.0,Credit Card,Female,3.0,1,Mobile Phone,3,Married,9,0,12.0,1.0,2.0,2.0,139.78,0,46.593333333333334,0.4
52707,0,0.0,Computer,1,14.0,UPI,Male,3.0,1,Mobile Phone,1,Married,1,0,18.0,2.0,7.0,7.0,125.44,0,15.68,7.0
52708,0,18.0,Computer,1,7.0,Credit Card,Male,2.0,3,Laptop & Accessory,3,Single,5,0,12.0,0.0,1.0,3.0,153.99,0,76.995,0.05
52709,0,6.0,Phone,3,16.0,E wallet,Male,2.0,3,Laptop & Accessory,3,Single,2,0,14.0,0.0,1.0,9.0,154.87,0,77.435,0.14
52710,0,1.0,Computer,3,7.0,Debit Card,Male,2.0,4,Laptop & Accessory,1,Married,2,1,12.0,1.0,1.0,7.0,168.34,1,84.17,0.5
52711,1,0.0,Computer,3,30.0,Cash on Delivery,Male,2.0,1,Mobile Phone,5,Single,2,0,17.0,0.0,1.0,0.0,110.91,0,55.455,1.0
52712,0,12.0,Computer,3,27.0,Debit Card,Female,2.0,5,Laptop & Accessory,3,Married,7,0,19.0,0.0,1.0,2.0,157.36,0,78.68,0.08
52713,0,10.189899366380917,Phone,1,8.0,Cash on Delivery,Male,2.0,3,Mobile Phone,4,Married,2,0,11.0,0.0,1.0,2.0,122.25999999999999,0,61.129999999999995,0.09
52714,0,7.0,Computer,1,28.0,UPI,Male,2.0,4,Laptop & Accessory,1,Married,2,1,15.0,3.0,6.0,11.0,157.47,0,22.495714285714286,0.75
52715,1,0.0,Phone,3,19.0,E wallet,Female,2.0,3,Laptop & Accessory,3,Single,4,1,11.0,0.0,2.0,2.0,198.54,1,66.17999999999999,2.0
52716,0,20.0,Computer,1,20.0,Cash on Delivery,Male,3.0,3,Laptop & Accessory,4,Married,9,0,18.0,0.0,1.0,7.0,154.67,0,77.335,0.05
52717,0,29.0,Phone,3,17.0,E wallet,Female,2.0,4,Laptop & Accessory,5,Married,5,0,16.0,0.0,1.0,0.0,153.8,0,76.9,0.03
52718,0,12.0,Phone,1,15.0,Credit Card,Male,2.0,3,Laptop & Accessory,5,Married,2,0,25.0,0.0,7.0,9.0,151.51,0,18.93875,0.54
52719,0,10.189899366380917,Computer,1,14.0,Credit Card,Female,2.0,4,Laptop & Accessory,4,Married,2,1,16.0,1.0,1.0,7.0,121.33000000000001,0,60.665000000000006,0.09
52720,0,60.0,Phone,3,27.0,Debit Card,Female,3.0,3,Grocery,1,Married,5,1,13.0,1.0,1.0,0.0,278.75,0,139.375,0.02
52721,1,0.0,Computer,1,14.0,Debit Card,Female,2.0,1,Mobile Phone,3,Single,4,1,14.0,0.0,1.0,3.0,124.32,1,62.16,1.0
52722,0,11.0,Phone,1,15.0,Debit Card,Male,3.0,3,Mobile Phone,1,Married,3,0,19.0,0.0,1.0,3.0,147.71,0,73.855,0.08
52723,0,22.0,Computer,1,8.0,Debit Card,Male,2.0,3,Others,1,Married,4,0,15.0,1.0,4.0,3.0,291.61,0,58.322,0.17
52724,0,15.0,Phone,3,18.0,E wallet,Male,3.0,3,Laptop & Accessory,1,Married,4,1,12.0,1.0,1.0,0.0,150.87,0,75.435,0.06
52725,1,0.0,Computer,2,28.0,UPI,Female,2.9315348837209303,4,Mobile Phone,4,Married,2,0,12.0,1.0,1.0,0.0,128.63,0,64.315,1.0
52726,0,8.0,Phone,3,24.0,Credit Card,Male,3.0,3,Laptop & Accessory,5,Married,1,0,16.0,1.0,1.0,4.0,155.61,0,77.805,0.11
52727,0,10.189899366380917,Computer,1,22.0,Credit Card,Male,2.0,3,Mobile Phone,3,Single,2,0,14.0,0.0,1.0,4.0,121.44,0,60.72,0.09
52728,0,4.0,Computer,1,9.0,Credit Card,Male,2.9315348837209303,3,Mobile Phone,5,Married,2,1,13.0,2.0,2.0,3.0,130.65,0,43.550000000000004,0.4
52729,0,9.0,Computer,1,15.0,Debit Card,Male,2.9315348837209303,1,Mobile Phone,4,Married,2,0,22.0,1.0,1.0,2.0,128.1,0,64.05,0.1
52730,0,7.0,Phone,3,7.0,E wallet,Male,2.0,3,Fashion,1,Single,2,0,21.0,2.0,2.0,1.0,198.88,0,66.29333333333334,0.25
52731,0,7.0,Phone,3,19.0,Credit Card,Male,2.0,3,Fashion,3,Married,2,0,18.0,0.0,1.0,1.0,186.28,0,93.14,0.12
52732,0,0.0,Phone,1,7.0,Credit Card,Male,2.9315348837209303,3,Mobile Phone,5,Single,1,0,13.0,7.0,7.0,6.0,128.67,0,16.08375,7.0
52733,0,2.0,Phone,1,7.0,Debit Card,Male,2.0,3,Laptop & Accessory,5,Married,1,0,12.0,0.0,1.0,2.0,153.73,0,76.865,0.33
52734,0,5.0,Computer,1,21.0,Credit Card,Female,2.0,3,Laptop & Accessory,1,Married,6,0,18.0,0.0,1.0,2.0,166.67,0,83.335,0.17
52735,0,4.0,Computer,1,7.0,Debit Card,Male,2.0,5,Laptop & Accessory,5,Married,2,0,21.0,6.0,8.0,7.0,150.03,0,16.67,1.6
52736,1,0.0,Phone,1,14.0,Cash on Delivery,Male,2.0,4,Mobile Phone,1,Married,6,0,12.0,1.0,1.0,3.0,123.66999999999999,0,61.834999999999994,1.0
52737,0,11.0,Phone,3,7.0,Debit Card,Male,2.9315348837209303,4,Mobile Phone,5,Single,5,0,14.0,1.0,1.0,0.0,128.58,0,64.29,0.08
52738,0,8.0,Phone,3,13.0,Debit Card,Female,2.0,3,Laptop & Accessory,1,Married,2,1,11.0,1.0,1.0,9.0,152.04,0,76.02,0.11
52739,0,0.0,Phone,3,15.0,E wallet,Male,2.0,3,Laptop & Accessory,1,Single,2,0,14.0,1.0,1.0,7.0,141.05,0,70.525,1.0
52740,0,5.0,Phone,1,11.0,Debit Card,Male,2.0,4,Laptop & Accessory,1,Single,9,0,24.0,1.0,1.0,0.0,196.79,0,98.395,0.17
52741,1,0.0,Computer,3,32.0,E wallet,Male,3.0,3,Laptop & Accessory,1,Married,2,1,11.0,0.0,1.0,8.0,156.17,1,78.085,1.0
52742,1,16.0,Phone,3,30.0,Debit Card,Male,3.0,3,Fashion,5,Single,7,1,13.0,0.0,2.0,2.0,204.48,0,68.16,0.12
52743,0,27.0,Phone,1,15.0,Debit Card,Female,2.9315348837209303,3,Laptop & Accessory,3,Married,4,0,11.0,1.0,2.0,3.0,128.97,0,42.99,0.07
52744,0,6.0,Computer,1,13.0,Debit Card,Male,2.0,3,Laptop & Accessory,3,Married,2,0,20.0,0.0,2.0,8.0,159.68,0,53.22666666666667,0.29
52745,0,16.0,Phone,1,17.0,Debit Card,Male,1.0,3,Fashion,3,Married,2,0,17.0,1.0,1.0,9.0,175.1,0,87.55,0.06
52746,0,11.0,Computer,2,7.0,UPI,Male,2.9315348837209303,3,Mobile Phone,4,Married,1,1,11.0,0.0,1.0,2.0,129.91,0,64.955,0.08
52747,0,28.0,Phone,2,32.0,UPI,Male,3.0,1,Others,4,Married,5,1,15.707921714818266,1.0,1.0,4.0,296.36,0,148.18,0.03
52748,0,4.0,Phone,1,8.0,Credit Card,Female,2.0,5,Mobile Phone,1,Married,2,1,11.0,0.0,1.0,0.0,111.28999999999999,0,55.644999999999996,0.2
52749,0,12.0,Phone,3,21.0,E wallet,Male,3.0,3,Grocery,5,Single,1,0,12.0,4.0,2.0,10.0,233.41000000000003,0,77.80333333333334,0.15
52750,0,15.0,Computer,1,29.0,Debit Card,Male,2.0,4,Laptop & Accessory,3,Single,2,0,12.0,3.0,3.0,7.0,143.32,0,35.83,0.19
52751,0,4.0,Computer,1,16.0,Credit Card,Female,2.0,3,Fashion,3,Married,5,0,20.0,3.0,4.0,3.0,210.31,0,42.062,0.8
52752,0,27.0,Phone,1,16.0,Credit Card,Female,3.0,3,Laptop & Accessory,5,Single,7,1,19.0,0.0,1.0,4.0,144.4,0,72.2,0.04
52753,0,0.0,Phone,1,7.0,Debit Card,Male,2.0,4,Laptop & Accessory,3,Single,2,0,12.0,1.0,1.0,2.0,146.17,0,73.085,1.0
52754,0,0.0,Phone,1,14.0,UPI,Male,3.0,3,Mobile Phone,1,Single,2,0,13.0,1.0,1.0,4.0,126.47,0,63.235,1.0
52755,0,13.0,Computer,1,17.0,Cash on Delivery,Female,3.0,3,Laptop & Accessory,3,Married,2,0,11.0,7.0,9.0,4.0,163.23,0,16.323,0.64
52756,0,13.0,Phone,3,8.0,E wallet,Female,3.0,3,Laptop & Accessory,4,Married,4,0,14.0,1.0,5.0,10.0,156.77,0,26.128333333333334,0.36
52757,0,10.189899366380917,Phone,2,8.0,UPI,Female,2.0,3,Mobile Phone,4,Married,5,0,14.0,0.0,1.0,2.0,121.87,0,60.935,0.09
52758,0,3.0,Phone,1,7.0,Credit Card,Male,3.0,3,Mobile Phone,4,Married,2,0,13.0,1.0,1.0,7.0,137.48,0,68.74,0.25
52759,0,0.0,Phone,1,8.0,UPI,Male,2.0,3,Mobile Phone,3,Married,7,1,19.0,0.0,1.0,2.0,139.77,1,69.885,1.0
52760,0,20.0,Phone,1,31.0,Credit Card,Male,2.0,3,Fashion,3,Single,3,0,23.0,9.0,12.0,11.0,186.33,0,14.333076923076923,0.57
52761,0,10.189899366380917,Computer,1,7.0,Credit Card,Male,2.0,4,Mobile Phone,3,Married,2,0,12.0,0.0,1.0,0.0,120.08000000000001,0,60.040000000000006,0.09
52762,0,11.0,Phone,3,7.0,Debit Card,Male,2.0,3,Laptop & Accessory,4,Married,1,0,15.0,1.0,5.0,8.0,144.4,0,24.066666666666666,0.42
52763,0,4.0,Phone,3,8.0,Debit Card,Male,2.9315348837209303,3,Mobile Phone,3,Married,1,0,19.0,0.0,1.0,2.0,130.67,0,65.335,0.2
52764,0,11.0,Computer,1,12.0,Debit Card,Male,3.0,4,Laptop & Accessory,3,Married,3,0,11.0,2.0,7.0,7.0,153.21,0,19.15125,0.58
52765,0,15.0,Phone,1,24.0,Debit Card,Male,2.0,3,Laptop & Accessory,5,Married,7,1,17.0,1.0,1.0,2.0,154.1,0,77.05,0.06
52766,0,14.0,Phone,1,7.0,Debit Card,Male,2.9315348837209303,3,Mobile Phone,1,Married,4,0,22.0,0.0,1.0,0.0,127.82,0,63.91,0.07
52767,0,20.0,Computer,1,7.0,Credit Card,Female,3.0,3,Fashion,4,Married,1,0,18.0,0.0,5.0,3.0,219.57,0,36.595,0.24
52768,0,8.0,Phone,1,17.0,Credit Card,Male,2.0,3,Mobile Phone,3,Married,8,1,11.0,2.0,2.0,2.0,126.6,0,42.199999999999996,0.22
52769,0,0.0,Phone,1,7.0,Debit Card,Male,3.0,3,Mobile Phone,3,Single,1,0,12.0,1.0,1.0,2.0,133.75,0,66.875,1.0
52770,0,8.0,Phone,1,15.0,Credit Card,Male,2.0,3,Laptop & Accessory,3,Single,2,0,19.0,0.0,1.0,8.0,150.98,0,75.49,0.11
52771,0,6.0,Phone,1,21.0,Credit Card,Female,3.0,3,Laptop & Accessory,1,Married,1,1,13.0,6.0,8.0,1.0,148.78,0,16.531111111111112,1.14
52772,0,5.0,Phone,1,35.0,Debit Card,Female,2.9315348837209303,4,Mobile Phone,4,Single,2,0,13.0,0.0,4.0,1.0,128.37,0,25.674,0.67
52773,0,13.0,Phone,1,14.0,Debit Card,Male,2.0,3,Mobile Phone,1,Married,9,0,19.0,1.0,1.0,0.0,124.06,0,62.03,0.07
52774,0,10.189899366380917,Phone,3,7.0,Credit Card,Male,3.0,4,Mobile Phone,4,Married,1,0,14.0,2.0,2.0,2.0,122.69,0,40.89666666666667,0.18
52775,0,12.0,Phone,1,30.0,Debit Card,Male,2.0,3,Laptop & Accessory,1,Single,8,0,13.0,0.0,1.0,7.0,141.08,0,70.54,0.08
52776,0,11.0,Phone,1,16.0,Credit Card,Female,3.0,5,Fashion,3,Married,4,0,12.0,0.0,2.0,11.0,232.06,0,77.35333333333334,0.17
52777,0,5.0,Phone,3,7.0,E wallet,Female,2.0,3,Fashion,1,Married,2,0,19.0,0.0,5.0,7.0,204.22,0,34.03666666666667,0.83
52778,0,10.0,Phone,1,16.0,Debit Card,Female,2.0,1,Fashion,1,Married,2,1,25.0,5.0,2.0,8.0,237.44,0,79.14666666666666,0.18
52779,0,0.0,Phone,3,14.0,UPI,Female,2.0,3,Laptop & Accessory,3,Married,1,1,22.0,0.0,1.0,4.0,149.07,1,74.535,1.0
52780,0,25.0,Computer,3,35.0,Debit Card,Male,2.0,3,Mobile Phone,1,Married,3,0,15.0,1.0,1.0,0.0,134.82,0,67.41,0.04
52781,0,17.0,Phone,1,14.0,Credit Card,Male,2.0,3,Mobile Phone,1,Single,7,1,12.0,1.0,1.0,2.0,124.36000000000001,0,62.18000000000001,0.06
52782,0,0.0,Phone,3,14.0,Credit Card,Male,2.0,3,Mobile Phone,5,Single,2,1,11.0,1.0,1.0,2.0,123.80000000000001,1,61.900000000000006,1.0
52783,0,12.0,Computer,1,15.0,Debit Card,Male,2.0,3,Others,1,Single,3,0,15.707921714818266,1.0,1.0,3.0,294.31,0,147.155,0.08
52784,1,10.189899366380917,Computer,3,15.0,E wallet,Male,2.0,3,Mobile Phone,5,Married,2,0,19.0,1.0,1.0,0.0,117.9,0,58.95,0.09
52785,0,9.0,Phone,3,9.0,Credit Card,Female,3.0,4,Fashion,1,Married,1,0,19.0,0.0,3.0,4.0,176.44,0,44.11,0.3
52786,0,9.0,Computer,1,10.0,Debit Card,Female,3.0,3,Laptop & Accessory,4,Married,8,0,13.0,0.0,1.0,2.0,151.31,0,75.655,0.1
52787,0,29.0,Computer,1,7.0,Debit Card,Male,2.0,3,Laptop & Accessory,3,Married,2,0,21.0,0.0,1.0,9.0,163.06,0,81.53,0.03
52788,1,0.0,Phone,1,7.0,Credit Card,Male,2.0,3,Mobile Phone,1,Married,10,1,14.0,2.0,2.0,2.0,147.87,1,49.29,2.0
52789,0,15.0,Phone,1,8.0,Debit Card,Male,2.0,3,Others,3,Married,6,0,11.0,1.0,4.0,14.0,288.8,0,57.760000000000005,0.25
52790,1,19.0,Phone,1,14.0,Cash on Delivery,Male,3.0,3,Mobile Phone,3,Married,9,0,11.0,6.0,9.0,8.0,123.38999999999999,0,12.338999999999999,0.45
52791,0,14.0,Phone,1,34.0,Debit Card,Female,2.0,4,Grocery,4,Married,1,0,23.0,1.0,2.0,10.0,235.7,0,78.56666666666666,0.13
52792,0,7.0,Phone,3,34.0,E wallet,Female,3.0,4,Laptop & Accessory,3,Married,2,0,21.0,1.0,1.0,7.0,167.12,0,83.56,0.12
52793,0,9.0,Computer,3,21.0,E wallet,Male,2.0,5,Laptop & Accessory,1,Married,2,0,24.0,5.0,11.0,11.0,154.06,0,12.838333333333333,1.1
52794,0,14.0,Phone,3,9.0,Debit Card,Male,2.0,4,Laptop & Accessory,4,Married,3,0,11.0,1.0,1.0,4.0,189.38,0,94.69,0.07
52795,0,5.0,Phone,1,14.0,Cash on Delivery,Male,3.0,3,Mobile Phone,5,Single,2,0,14.0,0.0,1.0,2.0,124.38999999999999,0,62.19499999999999,0.17
52796,0,8.0,Phone,2,32.0,Debit Card,Female,2.0,3,Fashion,1,Single,2,1,16.0,1.0,1.0,7.0,188.37,0,94.185,0.11
52797,0,11.0,Phone,3,16.0,Debit Card,Female,3.0,3,Laptop & Accessory,1,Married,2,0,11.0,0.0,1.0,9.0,153.43,0,76.715,0.08
52798,1,13.0,Computer,3,7.0,Debit Card,Male,3.0,3,Laptop & Accessory,3,Married,8,0,12.0,1.0,1.0,1.0,167.28,0,83.64,0.07
52799,0,9.0,Phone,3,17.0,E wallet,Female,3.0,4,Laptop & Accessory,1,Married,5,0,13.0,1.0,1.0,0.0,166.52,0,83.26,0.1
52800,0,18.0,Phone,3,26.0,Debit Card,Female,2.0,3,Laptop & Accessory,3,Single,9,0,15.0,0.0,1.0,1.0,148.5,0,74.25,0.05
52801,0,13.0,Phone,1,8.0,Debit Card,Male,2.9315348837209303,4,Mobile Phone,3,Single,3,0,14.0,0.0,2.0,2.0,128.09,0,42.696666666666665,0.14
52802,0,8.0,Computer,1,24.0,Debit Card,Male,3.0,3,Laptop & Accessory,3,Married,2,1,14.0,0.0,1.0,2.0,156.89,0,78.445,0.11
52803,0,10.189899366380917,Phone,1,8.0,Credit Card,Female,3.0,3,Mobile Phone,3,Married,3,0,14.0,0.0,1.0,2.0,120.00999999999999,0,60.004999999999995,0.09
52804,0,8.0,Phone,1,7.0,Debit Card,Female,2.9315348837209303,5,Mobile Phone,1,Married,2,0,12.0,1.0,1.0,1.0,129.77,0,64.885,0.11
52805,0,2.0,Phone,1,19.0,UPI,Male,2.0,4,Laptop & Accessory,4,Married,5,1,13.0,0.0,1.0,3.0,140.25,1,70.125,0.33
52806,0,2.0,Phone,1,34.0,Credit Card,Female,3.0,4,Mobile Phone,5,Single,2,0,14.0,0.0,1.0,4.0,137.85,0,68.925,0.33
52807,1,13.0,Phone,3,34.0,E wallet,Male,2.0,4,Fashion,5,Married,5,1,13.0,2.0,2.0,0.0,208.54000000000002,0,69.51333333333334,0.14
52808,0,12.0,Phone,3,30.0,E wallet,Female,2.0,4,Grocery,1,Married,1,0,11.0,3.0,9.0,3.0,220.31,0,22.031,0.69
52809,0,4.0,Computer,1,11.0,Credit Card,Male,3.0,3,Laptop & Accessory,5,Single,1,0,19.0,1.0,1.0,7.0,199.36,0,99.68,0.2
52810,0,0.0,Phone,3,11.0,UPI,Female,2.9315348837209303,4,Mobile Phone,3,Single,1,0,18.0,1.0,1.0,0.0,129.66,0,64.83,1.0
52811,0,9.0,Computer,1,14.0,Credit Card,Male,2.0,1,Laptop & Accessory,1,Married,5,0,17.0,0.0,1.0,3.0,125.71000000000001,0,62.855000000000004,0.1
52812,0,12.0,Phone,1,12.0,Credit Card,Male,2.0,4,Fashion,5,Married,5,0,15.0,0.0,1.0,7.0,199.91,0,99.955,0.08
52813,0,0.0,Phone,1,10.0,Debit Card,Male,2.0,1,Laptop & Accessory,4,Married,2,1,20.0,0.0,1.0,3.0,161.42,1,80.71,1.0
52814,0,22.0,Computer,3,8.0,Credit Card,Male,3.0,4,Laptop & Accessory,4,Married,3,0,14.0,1.0,1.0,8.0,153.9,0,76.95,0.04
52815,0,7.0,Phone,1,14.0,Credit Card,Male,2.0,1,Laptop & Accessory,3,Married,3,0,12.0,1.0,1.0,2.0,144.04,0,72.02,0.12
52816,1,5.0,Phone,3,7.0,Debit Card,Female,4.0,4,Laptop & Accessory,2,Single,10,1,12.0,2.0,2.0,6.0,184.93,0,61.64333333333334,0.33
52817,1,1.0,Phone,1,9.0,UPI,Male,4.0,5,Mobile Phone,3,Single,8,1,16.0,1.0,2.0,1.0,145.9,1,48.63333333333333,1.0
52818,1,1.0,Phone,1,31.0,Debit Card,Male,3.0,5,Mobile Phone,3,Single,7,1,15.0,1.0,2.0,4.0,145.28,1,48.42666666666667,1.0
52819,1,1.0,Phone,3,16.0,Debit Card,Male,3.0,5,Laptop & Accessory,5,Single,9,0,24.0,1.0,2.0,4.0,159.07,0,53.02333333333333,1.0
52820,1,1.0,Phone,1,13.0,Credit Card,Male,3.0,4,Mobile Phone,5,Single,4,0,12.0,2.0,2.0,4.0,154.6,0,51.53333333333333,1.0
52821,1,1.0,Computer,1,23.0,Debit Card,Female,4.0,6,Mobile Phone,5,Single,3,1,23.0,5.0,7.0,8.0,164.19,1,20.52375,3.5
52822,1,3.0,Phone,3,12.0,Cash on Delivery,Male,3.0,4,Laptop & Accessory,2,Divorced,5,0,15.0,1.0,2.0,1.0,145.86,0,48.620000000000005,0.5
52823,1,1.0,Phone,1,7.0,Credit Card,Male,4.0,4,Mobile Phone,2,Divorced,4,1,17.0,3.0,3.0,1.0,147.93,1,36.9825,1.5
52824,1,14.0,Phone,3,10.0,E wallet,Male,3.0,5,Mobile Phone,3,Divorced,3,1,15.0,1.0,2.0,3.0,151.83,0,50.61000000000001,0.13
52825,1,1.0,Phone,1,32.0,Debit Card,Male,3.0,6,Mobile Phone,3,Single,3,0,13.0,2.0,2.0,2.0,147.93,0,49.31,1.0
52826,1,5.0,Phone,1,19.0,Cash on Delivery,Female,3.0,4,Others,3,Divorced,3,0,15.707921714818266,10.0,16.0,9.0,320.45,0,18.849999999999998,2.67
52827,1,12.0,Phone,1,7.0,Debit Card,Male,4.0,5,Fashion,3,Single,11,1,14.0,1.0,2.0,1.0,178.81,0,59.60333333333333,0.15
52828,1,1.0,Phone,1,12.0,Cash on Delivery,Male,3.0,4,Mobile Phone,3,Single,3,1,14.0,3.0,3.0,3.0,159.41,1,39.8525,1.5
52829,1,1.0,Phone,1,16.0,Credit Card,Male,4.0,5,Mobile Phone,3,Divorced,2,1,18.0,1.0,2.0,1.0,158.88,1,52.96,1.0
52830,1,10.0,Phone,3,16.0,Credit Card,Male,4.0,5,Fashion,2,Single,3,0,17.0,1.0,5.0,3.0,221.19,0,36.865,0.45
52831,1,1.0,Phone,2,13.0,UPI,Male,4.0,4,Mobile Phone,5,Married,6,1,23.0,2.0,2.0,3.0,145.73,1,48.57666666666666,1.0
52832,1,1.0,Computer,1,13.0,Debit Card,Female,4.0,5,Mobile Phone,2,Single,3,1,19.0,2.0,2.0,1.0,154.26,1,51.419999999999995,1.0
52833,1,1.0,Phone,3,12.0,E wallet,Male,3.0,5,Laptop & Accessory,3,Single,3,1,12.0,2.0,2.0,4.0,182.44,1,60.81333333333333,1.0
52834,1,1.0,Computer,1,14.0,Debit Card,Male,4.0,6,Laptop & Accessory,3,Single,3,1,25.0,2.0,2.0,7.0,185.74,1,61.913333333333334,1.0
52835,1,20.0,Phone,1,21.0,Debit Card,Female,4.0,4,Mobile Phone,4,Divorced,11,1,19.0,2.0,5.0,4.0,174.63,0,29.105,0.24
52836,1,1.0,Phone,3,13.0,Debit Card,Male,4.0,6,Laptop & Accessory,3,Divorced,6,1,19.0,7.0,8.0,8.0,186.72,1,20.746666666666666,4.0
52837,1,21.0,Phone,1,30.0,Credit Card,Female,4.0,4,Fashion,2,Divorced,3,0,13.0,12.0,16.0,3.0,228.12,0,13.418823529411766,0.73
52838,1,1.0,Phone,3,29.0,E wallet,Male,3.0,4,Mobile Phone,3,Single,3,1,20.0,1.0,2.0,1.0,141.75,1,47.25,1.0
52839,1,1.0,Phone,3,27.0,Debit Card,Female,4.0,6,Laptop & Accessory,3,Divorced,5,1,12.0,2.0,3.0,3.0,170.59,1,42.6475,1.5
52840,1,15.0,Computer,1,15.0,Debit Card,Male,3.0,6,Fashion,2,Single,4,0,16.0,1.0,2.0,4.0,231.5,0,77.16666666666667,0.12
52841,1,1.0,Phone,1,16.0,Credit Card,Female,3.0,4,Mobile Phone,5,Single,9,0,23.0,2.0,2.0,5.0,167.0,0,55.666666666666664,1.0
52842,0,9.0,Phone,3,7.0,E wallet,Male,4.0,4,Fashion,4,Divorced,3,0,14.0,2.0,2.0,7.0,197.95,0,65.98333333333333,0.2
52843,0,27.0,Phone,3,13.0,E wallet,Male,3.0,4,Laptop & Accessory,3,Divorced,4,1,21.0,1.0,5.0,6.0,148.06,0,24.676666666666666,0.18
52844,0,19.0,Phone,1,16.0,Debit Card,Male,3.0,4,Laptop & Accessory,4,Married,10,0,19.0,2.0,2.0,16.0,148.48,0,49.49333333333333,0.1
52845,0,6.0,Computer,3,15.0,E wallet,Female,3.0,4,Fashion,2,Single,3,0,15.0,3.0,4.0,3.0,214.98,0,42.995999999999995,0.57
52846,0,3.0,Computer,1,7.0,Cash on Delivery,Male,3.0,4,Laptop & Accessory,3,Divorced,3,0,14.0,1.0,2.0,10.0,168.19,0,56.06333333333333,0.5
52847,0,1.0,Phone,1,14.0,Credit Card,Male,3.0,5,Laptop & Accessory,3,Divorced,4,0,18.0,2.0,2.0,1.0,186.32,0,62.10666666666666,1.0
52848,0,31.0,Phone,1,16.0,Credit Card,Female,4.0,5,Mobile Phone,4,Divorced,6,1,21.0,2.0,2.0,1.0,158.46,0,52.82,0.06
52849,0,14.0,Phone,3,11.0,E wallet,Male,4.0,5,Fashion,2,Divorced,9,0,12.0,3.0,2.0,12.0,233.55,0,77.85000000000001,0.13
52850,0,8.0,Computer,3,9.0,E wallet,Female,4.0,4,Mobile Phone,3,Divorced,8,0,19.0,2.0,2.0,3.0,147.31,0,49.10333333333333,0.22
52851,0,1.0,Phone,1,26.0,Credit Card,Male,4.0,4,Mobile Phone,2,Divorced,3,0,25.0,1.0,3.0,3.0,148.23,0,37.0575,1.5
52852,0,1.0,Computer,1,16.0,Credit Card,Male,3.0,4,Mobile Phone,4,Married,8,0,19.0,1.0,3.0,3.0,145.24,0,36.31,1.5
52853,0,2.0,Phone,1,28.0,Credit Card,Male,3.0,4,Mobile Phone,2,Divorced,3,0,12.0,1.0,2.0,3.0,152.13,0,50.71,0.67
52854,0,31.0,Phone,1,31.0,Debit Card,Male,3.0,3,Fashion,2,Married,5,1,17.0,2.0,2.0,3.0,219.39,0,73.13,0.06
52855,0,1.0,Computer,1,10.0,Credit Card,Male,4.0,5,Mobile Phone,3,Married,3,1,16.0,1.0,2.0,2.0,150.66,1,50.22,1.0
52856,0,24.0,Phone,1,18.0,Debit Card,Female,3.0,4,Others,4,Single,5,0,16.0,3.0,5.0,5.0,324.26,0,54.04333333333333,0.2
52857,0,15.0,Phone,1,21.0,Debit Card,Male,3.0,4,Mobile Phone,3,Married,6,0,13.0,2.0,2.0,9.0,149.51,0,49.836666666666666,0.12
52858,0,4.0,Phone,3,12.0,Debit Card,Female,3.0,4,Fashion,2,Divorced,4,0,13.0,3.0,8.0,3.0,219.19,0,24.354444444444443,1.6
52859,0,12.0,Phone,3,7.0,Debit Card,Female,3.0,5,Laptop & Accessory,2,Single,6,0,23.0,2.0,2.0,3.0,211.86,0,70.62,0.15
52860,0,6.0,Phone,1,13.0,Debit Card,Male,3.0,4,Mobile Phone,3,Single,5,0,21.0,1.0,2.0,5.0,155.38,0,51.79333333333333,0.29
52861,0,1.0,Phone,1,24.0,Cash on Delivery,Male,3.0,4,Mobile Phone,4,Divorced,2,1,17.0,2.0,2.0,2.0,155.58,1,51.86000000000001,1.0
52862,1,1.0,Computer,3,7.0,Cash on Delivery,Female,4.0,6,Mobile Phone,5,Single,2,0,22.0,2.0,2.0,1.0,148.25,0,49.416666666666664,1.0
52863,0,10.0,Computer,1,10.0,Credit Card,Male,2.0,4,Mobile Phone,4,Single,6,0,13.0,5.0,8.0,3.0,145.88,0,16.20888888888889,0.73
52864,0,4.0,Computer,1,16.0,Credit Card,Male,4.0,4,Laptop & Accessory,5,Married,3,0,12.0,1.0,7.0,11.0,155.72,0,19.465,1.4
52865,0,19.0,Phone,3,11.0,Debit Card,Female,2.0,4,Laptop & Accessory,5,Married,6,1,12.0,1.0,2.0,4.0,175.06,0,58.35333333333333,0.1
52866,0,30.0,Phone,1,15.0,Debit Card,Female,4.0,4,Mobile Phone,5,Married,6,1,19.0,2.0,3.0,3.0,167.57,0,41.8925,0.1
52867,0,7.0,Phone,1,9.0,Debit Card,Male,3.0,4,Mobile Phone,2,Single,2,0,15.0,1.0,2.0,3.0,150.0,0,50.0,0.25
52868,1,1.0,Phone,1,9.0,Debit Card,Male,3.0,5,Mobile Phone,2,Single,3,0,23.0,1.0,2.0,1.0,136.02,0,45.34,1.0
52869,0,20.0,Phone,3,7.0,E wallet,Female,4.0,4,Fashion,5,Married,3,0,26.0,5.0,16.0,3.0,229.53,0,13.501764705882353,0.76
52870,0,12.0,Phone,1,16.0,Debit Card,Female,4.0,4,Mobile Phone,2,Single,3,0,13.0,2.0,3.0,2.0,147.88,0,36.97,0.23
52871,0,5.0,Phone,1,19.0,Credit Card,Female,4.0,4,Mobile Phone,2,Divorced,10,1,24.0,2.0,2.0,3.0,164.29,0,54.76333333333333,0.33
52872,0,8.0,Phone,1,34.0,Credit Card,Female,4.0,4,Mobile Phone,4,Single,4,0,16.0,2.0,2.0,3.0,148.11,0,49.370000000000005,0.22
52873,1,5.0,Phone,3,27.0,E wallet,Female,4.0,4,Mobile Phone,4,Single,3,1,23.0,1.0,2.0,3.0,156.4,0,52.13333333333333,0.33
52874,0,24.0,Phone,1,7.0,Credit Card,Male,3.0,5,Mobile Phone,3,Divorced,4,0,16.0,1.0,2.0,3.0,161.9,0,53.96666666666667,0.08
52875,0,27.0,Phone,1,20.0,Credit Card,Female,3.0,3,Laptop & Accessory,5,Married,3,0,12.0,2.0,2.0,4.0,169.5,0,56.5,0.07
52876,0,7.0,Phone,1,21.0,Credit Card,Female,4.0,4,Mobile Phone,4,Divorced,3,0,14.0,1.0,2.0,7.0,152.56,0,50.85333333333333,0.25
52877,0,14.0,Phone,1,11.0,Credit Card,Female,3.0,4,Others,3,Divorced,3,0,15.707921714818266,1.0,10.0,10.0,315.33,0,28.666363636363634,0.67
52878,0,29.0,Phone,1,21.0,Credit Card,Male,4.0,3,Others,4,Single,10,0,15.707921714818266,1.0,3.0,16.0,312.22,0,78.055,0.1
52879,0,8.0,Computer,1,9.0,Debit Card,Male,3.0,5,Laptop & Accessory,3,Divorced,3,0,18.0,1.0,2.0,3.0,220.47,0,73.49,0.22
52880,0,25.0,Phone,1,10.0,Credit Card,Female,4.0,4,Grocery,4,Single,5,0,19.0,1.0,2.0,1.0,262.34,0,87.44666666666666,0.08
52881,0,26.0,Phone,1,7.0,Debit Card,Male,4.0,5,Others,3,Divorced,2,0,15.0,2.0,12.0,10.0,324.99,0,24.99923076923077,0.44
52882,0,1.0,Phone,1,16.0,Credit Card,Female,3.0,4,Mobile Phone,4,Single,3,0,17.0,2.0,2.0,4.0,147.79,0,49.26333333333333,1.0
52883,1,1.0,Phone,1,30.0,Debit Card,Male,3.0,5,Laptop & Accessory,3,Divorced,5,1,14.0,2.0,2.0,2.0,184.16,1,61.38666666666666,1.0
52884,0,17.0,Computer,1,14.0,Credit Card,Male,3.0,3,Mobile Phone,2,Married,6,0,15.0,1.0,3.0,3.0,145.89,0,36.4725,0.17
52885,0,19.0,Computer,1,9.0,Credit Card,Male,4.0,5,Grocery,2,Divorced,11,0,15.707921714818266,10.0,12.0,9.0,292.92,0,22.532307692307693,0.6
52886,0,11.0,Phone,1,28.0,Debit Card,Male,4.0,3,Mobile Phone,5,Divorced,3,1,13.0,1.0,2.0,8.0,160.64,0,53.54666666666666,0.17
52887,0,9.0,Computer,1,9.0,Credit Card,Female,3.0,4,Laptop & Accessory,4,Single,7,0,12.0,2.0,2.0,3.0,169.25,0,56.416666666666664,0.2
52888,0,16.0,Computer,1,28.0,Credit Card,Female,3.0,4,Laptop & Accessory,3,Married,4,0,17.0,1.0,2.0,3.0,177.65,0,59.21666666666667,0.12
52889,0,12.0,Phone,1,9.0,Debit Card,Male,3.0,4,Laptop & Accessory,3,Divorced,11,0,15.0,1.0,2.0,1.0,190.53,0,63.51,0.15
52890,0,12.0,Phone,1,36.0,Cash on Delivery,Male,3.0,4,Laptop & Accessory,2,Divorced,5,0,19.0,1.0,2.0,8.0,187.61,0,62.53666666666667,0.15
52891,0,1.0,Computer,1,7.0,Cash on Delivery,Male,3.0,5,Laptop & Accessory,5,Divorced,7,0,20.0,1.0,3.0,1.0,167.98,0,41.995,1.5
52892,0,23.0,Computer,1,25.0,Debit Card,Male,4.0,4,Laptop & Accessory,2,Married,3,1,16.0,1.0,2.0,8.0,193.04,0,64.34666666666666,0.08
52893,0,8.0,Computer,1,17.0,Credit Card,Male,3.0,4,Mobile Phone,3,Married,3,1,18.0,3.0,3.0,1.0,163.15,0,40.7875,0.33
52894,0,14.0,Phone,1,26.0,Credit Card,Male,3.0,4,Laptop & Accessory,2,Divorced,10,1,16.0,2.0,4.0,8.0,152.41,0,30.482,0.27
52895,1,2.0,Phone,1,36.0,Credit Card,Male,4.0,4,Laptop & Accessory,5,Divorced,9,1,20.0,1.0,2.0,1.0,191.73,1,63.91,0.67
52896,1,1.0,Phone,3,34.0,E wallet,Female,3.0,4,Fashion,2,Divorced,3,0,23.0,2.0,2.0,10.0,201.39,0,67.13,1.0
52897,0,1.0,Phone,1,12.0,Debit Card,Male,3.0,3,Mobile Phone,4,Married,3,1,17.0,1.0,3.0,3.0,148.28,1,37.07,1.5
52898,0,10.0,Computer,1,25.0,Credit Card,Female,4.0,4,Mobile Phone,2,Single,3,0,14.0,2.0,2.0,8.0,146.53,0,48.843333333333334,0.18
52899,0,14.0,Computer,1,16.0,Debit Card,Male,4.0,5,Laptop & Accessory,2,Divorced,11,0,15.0,2.0,2.0,3.0,173.76,0,57.919999999999995,0.13
52900,0,20.0,Phone,1,7.0,Credit Card,Male,4.0,4,Fashion,5,Married,9,0,17.0,1.0,2.0,3.0,218.96,0,72.98666666666666,0.1
52901,1,1.0,Phone,3,11.0,Credit Card,Male,3.0,6,Fashion,2,Divorced,3,0,12.0,8.0,10.0,3.0,229.0,0,20.818181818181817,5.0
52902,0,4.0,Computer,1,7.0,Debit Card,Male,3.0,5,Fashion,3,Single,3,0,23.0,3.0,6.0,3.0,209.74,0,29.962857142857143,1.2
52903,0,1.0,Computer,3,27.0,Debit Card,Female,3.0,4,Laptop & Accessory,3,Single,3,0,15.0,2.0,2.0,3.0,224.81,0,74.93666666666667,1.0
52904,0,25.0,Phone,1,15.0,Debit Card,Male,3.0,5,Fashion,4,Divorced,7,0,17.0,2.0,2.0,8.0,249.89999999999998,0,83.3,0.08
52905,1,1.0,Phone,1,10.0,Cash on Delivery,Female,3.0,4,Mobile Phone,5,Single,7,1,12.0,2.0,2.0,5.0,151.57,1,50.52333333333333,1.0
52906,0,15.0,Phone,3,13.0,Debit Card,Female,4.0,4,Fashion,2,Single,5,1,19.0,1.0,2.0,1.0,260.91,0,86.97000000000001,0.12
52907,1,1.0,Computer,3,33.0,E wallet,Female,3.0,5,Laptop & Accessory,5,Single,7,0,16.0,1.0,2.0,2.0,191.96,0,63.98666666666667,1.0
52908,1,1.0,Phone,1,7.0,Cash on Delivery,Male,3.0,4,Mobile Phone,3,Single,2,0,15.0,1.0,2.0,6.0,145.58,0,48.52666666666667,1.0
52909,0,19.0,Computer,3,13.0,Credit Card,Female,3.0,5,Fashion,2,Single,8,0,13.0,13.0,13.0,3.0,213.65,0,15.260714285714286,0.65
52910,0,28.0,Phone,3,10.0,E wallet,Female,3.0,4,Laptop & Accessory,5,Divorced,4,0,15.0,2.0,2.0,6.0,184.4,0,61.46666666666667,0.07
52911,0,10.0,Phone,1,12.0,Debit Card,Male,4.0,4,Laptop & Accessory,4,Single,10,0,17.0,1.0,4.0,8.0,184.14,0,36.827999999999996,0.36
52912,0,7.0,Phone,1,11.0,Credit Card,Female,3.0,5,Mobile Phone,4,Divorced,8,0,22.0,1.0,2.0,2.0,151.22,0,50.406666666666666,0.25
52913,0,11.0,Computer,1,18.0,UPI,Male,3.0,4,Fashion,2,Married,3,1,15.0,1.0,2.0,8.0,246.85000000000002,0,82.28333333333335,0.17
52914,0,12.0,Phone,3,10.0,Debit Card,Male,4.0,4,Fashion,3,Married,2,0,13.0,2.0,6.0,3.0,231.08999999999997,0,33.012857142857136,0.46
52915,0,5.0,Computer,1,7.0,Credit Card,Male,3.0,6,Laptop & Accessory,3,Divorced,2,0,13.0,2.0,2.0,5.0,168.45,0,56.15,0.33
52916,0,31.0,Phone,1,10.0,Debit Card,Male,4.0,5,Mobile Phone,2,Divorced,5,0,18.0,1.0,2.0,1.0,146.77,0,48.92333333333334,0.06
52917,0,11.0,Computer,3,11.0,E wallet,Male,3.0,4,Mobile Phone,2,Married,6,0,18.0,2.0,6.0,9.0,25.0,0,3.5714285714285716,0.5
52918,0,3.0,Computer,3,7.0,Credit Card,Female,3.0,4,Fashion,2,Divorced,3,0,15.0,5.0,5.0,2.0,204.18,0,34.03,1.25
52919,0,9.0,Computer,3,7.0,E wallet,Female,4.0,4,Fashion,3,Single,3,0,15.0,2.0,2.0,3.0,212.89,0,70.96333333333332,0.2
52920,1,1.0,Phone,1,25.0,Credit Card,Male,3.0,5,Mobile Phone,2,Single,3,1,14.0,1.0,2.0,2.0,148.89,1,49.629999999999995,1.0
52921,0,26.0,Phone,1,9.0,Debit Card,Female,3.0,5,Mobile Phone,2,Single,9,0,16.0,1.0,3.0,3.0,157.12,0,39.28,0.11
52922,0,16.0,Phone,1,11.0,Cash on Delivery,Male,3.0,4,Others,2,Divorced,3,0,15.707921714818266,1.0,12.0,16.0,317.32,0,24.409230769230767,0.71
52923,0,31.0,Phone,2,13.0,Credit Card,Male,3.0,4,Mobile Phone,3,Divorced,10,0,18.0,3.0,3.0,3.0,147.67,0,36.9175,0.09
52924,0,24.0,Phone,3,7.0,Credit Card,Female,4.0,4,Others,2,Married,5,0,15.707921714818266,2.0,2.0,7.0,320.17,0,106.72333333333334,0.08
52925,1,1.0,Phone,1,21.0,Credit Card,Male,3.0,4,Mobile Phone,2,Divorced,7,1,14.0,1.0,2.0,5.0,149.36,1,49.78666666666667,1.0
52926,0,17.0,Phone,3,23.0,E wallet,Female,4.0,4,Grocery,2,Divorced,7,1,23.0,1.0,2.0,10.0,285.64,0,95.21333333333332,0.11
52927,1,1.0,Phone,1,9.0,Debit Card,Female,3.0,4,Mobile Phone,5,Divorced,9,0,21.0,2.0,2.0,8.0,152.07,0,50.69,1.0
52928,0,26.0,Computer,3,9.0,Debit Card,Male,4.0,5,Others,3,Single,3,1,15.707921714818266,8.0,16.0,13.0,315.68,0,18.569411764705883,0.59
52929,0,6.0,Phone,3,11.0,Debit Card,Female,3.0,4,Mobile Phone,4,Divorced,4,0,12.0,2.0,2.0,3.0,164.31,0,54.77,0.29
52930,1,1.0,Phone,1,7.0,Debit Card,Male,4.0,5,Mobile Phone,3,Single,2,1,15.0,2.0,2.0,3.0,162.3,1,54.1,1.0
52931,0,13.0,Phone,1,7.0,Credit Card,Female,4.0,4,Mobile Phone,3,Married,9,0,15.0,1.0,2.0,3.0,147.32,0,49.10666666666666,0.14
52932,0,6.0,Computer,3,33.0,E wallet,Male,4.0,4,Laptop & Accessory,2,Divorced,2,0,19.0,2.0,3.0,3.0,169.65,0,42.4125,0.43
52933,0,15.0,Phone,1,26.0,Debit Card,Male,3.0,4,Laptop & Accessory,5,Married,4,0,17.0,2.0,2.0,1.0,155.72,0,51.906666666666666,0.12
52934,0,14.0,Phone,1,31.0,Cash on Delivery,Male,4.0,4,Laptop & Accessory,2,Married,3,0,18.0,3.0,5.0,8.0,158.19,0,26.365,0.33
52935,0,19.0,Phone,1,7.0,UPI,Male,4.0,3,Others,2,Divorced,2,0,15.707921714818266,2.0,2.0,8.0,317.02,0,105.67333333333333,0.1
52936,0,5.0,Computer,1,10.0,Credit Card,Male,4.0,4,Fashion,3,Married,11,0,13.0,1.0,3.0,3.0,261.75,0,65.4375,0.5
52937,0,7.0,Phone,1,12.0,Debit Card,Female,4.0,5,Mobile Phone,2,Divorced,3,0,14.0,1.0,2.0,3.0,154.11,0,51.370000000000005,0.25
52938,0,8.0,Phone,1,9.0,Debit Card,Male,3.0,5,Laptop & Accessory,5,Divorced,8,0,14.0,1.0,6.0,10.0,184.57,0,26.367142857142856,0.67
52939,0,11.0,Phone,1,7.0,Credit Card,Female,3.0,5,Mobile Phone,5,Divorced,4,0,15.0,2.0,2.0,3.0,164.2,0,54.73333333333333,0.17
52940,0,19.0,Computer,1,14.0,Debit Card,Male,4.0,3,Laptop & Accessory,3,Divorced,6,0,18.0,1.0,2.0,3.0,189.34,0,63.11333333333334,0.1
52941,1,1.0,Computer,1,17.0,Credit Card,Male,4.0,4,Fashion,3,Married,8,0,12.0,2.0,2.0,3.0,225.48,0,75.16,1.0
52942,0,13.0,Computer,1,9.0,Cash on Delivery,Female,4.0,4,Fashion,3,Single,2,0,26.0,11.0,2.0,9.0,234.38,0,78.12666666666667,0.14
52943,0,3.0,Phone,1,22.0,Debit Card,Male,3.0,4,Mobile Phone,2,Single,3,0,20.0,1.0,2.0,6.0,148.4,0,49.46666666666667,0.5
52944,0,16.0,Phone,1,24.0,Debit Card,Female,3.0,3,Laptop & Accessory,5,Single,5,1,14.0,1.0,2.0,3.0,190.45,0,63.48333333333333,0.12
52945,0,3.0,Phone,3,27.0,E wallet,Male,3.0,4,Laptop & Accessory,2,Married,4,0,15.0,2.0,2.0,3.0,194.31,0,64.77,0.5
52946,0,1.0,Phone,1,7.0,Debit Card,Female,4.0,4,Laptop & Accessory,3,Divorced,2,0,13.0,2.0,2.0,3.0,173.98,0,57.99333333333333,1.0
52947,0,16.0,Phone,1,9.0,Credit Card,Female,3.0,5,Mobile Phone,5,Married,2,1,12.0,5.0,8.0,9.0,150.93,0,16.77,0.47
52948,0,14.0,Phone,1,9.0,Credit Card,Male,3.0,4,Others,3,Married,2,0,15.707921714818266,1.0,4.0,10.0,319.36,0,63.872,0.27
52949,0,25.0,Phone,1,7.0,Debit Card,Male,4.0,4,Mobile Phone,2,Divorced,3,0,12.0,2.0,2.0,1.0,152.23,0,50.74333333333333,0.08
52950,1,1.0,Computer,1,36.0,Credit Card,Male,4.0,5,Mobile Phone,4,Single,2,0,12.0,2.0,2.0,5.0,159.79,0,53.26333333333333,1.0
52951,0,6.0,Computer,1,14.0,Debit Card,Male,4.0,3,Mobile Phone,4,Divorced,3,0,21.0,1.0,2.0,4.0,152.94,0,50.98,0.29
52952,0,12.0,Computer,3,9.0,Debit Card,Male,3.0,5,Laptop & Accessory,2,Divorced,5,0,19.0,7.0,8.0,6.0,177.49,0,19.721111111111114,0.62
52953,0,6.0,Phone,1,9.0,Cash on Delivery,Male,3.0,5,Laptop & Accessory,5,Single,6,0,14.0,1.0,2.0,5.0,146.76,0,48.919999999999995,0.29
52954,0,20.0,Phone,3,9.0,Cash on Delivery,Female,4.0,6,Grocery,4,Divorced,5,1,15.707921714818266,7.0,8.0,8.0,293.72,0,32.635555555555555,0.38
52955,1,1.0,Phone,1,9.0,Debit Card,Male,4.0,4,Mobile Phone,3,Single,4,0,12.0,2.0,2.0,1.0,159.85,0,53.28333333333333,1.0
52956,0,3.0,Phone,3,9.0,Credit Card,Male,4.0,5,Laptop & Accessory,4,Divorced,4,0,20.0,1.0,2.0,1.0,191.44,0,63.81333333333333,0.5
52957,0,5.0,Phone,1,30.0,Credit Card,Male,4.0,5,Laptop & Accessory,2,Divorced,2,0,22.0,2.0,8.0,9.0,180.82,0,20.09111111111111,1.33
52958,0,1.0,Computer,1,12.0,Debit Card,Male,3.0,3,Laptop & Accessory,5,Married,3,0,13.0,2.0,2.0,6.0,165.0,0,55.0,1.0
52959,0,19.0,Phone,1,27.0,Credit Card,Male,4.0,4,Grocery,2,Divorced,2,1,15.0,1.0,2.0,11.0,259.96,0,86.65333333333332,0.1
52960,0,10.0,Phone,1,13.0,Debit Card,Male,3.0,4,Mobile Phone,2,Divorced,2,0,12.0,5.0,11.0,12.0,157.1,0,13.091666666666667,1.0
52961,0,29.0,Phone,1,7.0,Credit Card,Male,3.0,4,Others,5,Single,2,1,15.707921714818266,5.0,5.0,14.0,315.45,0,52.574999999999996,0.17
52962,1,11.0,Computer,1,36.0,Debit Card,Male,3.0,4,Fashion,4,Divorced,3,1,13.0,6.0,2.0,10.0,243.49,0,81.16333333333334,0.17
52963,0,2.0,Phone,1,16.0,Credit Card,Male,4.0,4,Mobile Phone,2,Divorced,3,0,24.0,2.0,2.0,5.0,145.7,0,48.56666666666666,0.67
52964,0,11.0,Phone,3,13.0,Credit Card,Male,4.0,4,Laptop & Accessory,2,Divorced,6,0,15.0,1.0,2.0,2.0,190.02,0,63.34,0.17
52965,0,1.0,Phone,1,10.0,Credit Card,Male,4.0,5,Mobile Phone,3,Single,3,0,18.0,2.0,2.0,1.0,157.3,0,52.43333333333334,1.0
52966,0,11.0,Computer,1,7.0,Credit Card,Female,1.0,4,Fashion,2,Married,4,1,19.0,1.0,2.0,3.0,261.03,0,87.00999999999999,0.17
52967,0,3.0,Phone,1,29.0,Debit Card,Female,4.0,3,Fashion,4,Married,9,0,19.0,6.0,2.0,3.0,244.95999999999998,0,81.65333333333332,0.5
52968,0,12.0,Phone,3,14.0,Credit Card,Female,3.0,3,Laptop & Accessory,5,Married,3,1,25.0,1.0,8.0,8.0,181.05,0,20.116666666666667,0.62
52969,0,1.0,Computer,1,7.0,Debit Card,Female,3.0,4,Laptop & Accessory,4,Married,3,0,21.0,1.0,2.0,5.0,188.97,0,62.99,1.0
52970,0,24.0,Phone,1,11.0,Debit Card,Male,4.0,4,Others,4,Married,5,0,15.707921714818266,2.0,2.0,7.0,316.44,0,105.48,0.08
52971,0,27.0,Phone,1,10.0,Credit Card,Male,3.0,4,Grocery,3,Divorced,5,1,15.707921714818266,1.0,2.0,4.0,300.84,0,100.27999999999999,0.07
52972,0,16.0,Phone,3,7.0,Debit Card,Male,3.0,4,Laptop & Accessory,3,Divorced,3,0,26.0,5.0,12.0,7.0,174.07,0,13.389999999999999,0.71
52973,0,3.0,Computer,3,9.0,Debit Card,Male,3.0,4,Laptop & Accessory,2,Single,3,0,19.0,1.0,2.0,10.0,170.54,0,56.846666666666664,0.5
52974,0,29.0,Phone,1,27.0,Cash on Delivery,Male,3.0,4,Laptop & Accessory,2,Divorced,5,1,20.0,2.0,2.0,9.0,179.15,0,59.71666666666667,0.07
52975,0,1.0,Computer,1,18.0,Credit Card,Male,3.0,4,Laptop & Accessory,5,Divorced,3,1,14.0,3.0,4.0,4.0,172.41,1,34.482,2.0
52976,0,11.0,Phone,1,7.0,Debit Card,Female,3.0,4,Mobile Phone,2,Single,3,0,13.0,2.0,6.0,8.0,146.15,0,20.87857142857143,0.5
52977,1,8.0,Computer,1,31.0,Debit Card,Male,3.0,4,Mobile Phone,3,Married,5,1,23.0,1.0,2.0,1.0,156.61,0,52.20333333333334,0.22
52978,0,12.0,Phone,1,30.0,Debit Card,Male,3.0,4,Laptop & Accessory,2,Married,11,0,15.0,1.0,2.0,3.0,182.45,0,60.81666666666666,0.15
52979,1,1.0,Phone,1,23.0,Credit Card,Male,3.0,4,Mobile Phone,4,Married,4,1,14.0,2.0,2.0,3.0,148.73,1,49.57666666666666,1.0
52980,0,2.0,Phone,1,15.0,Debit Card,Female,4.0,4,Mobile Phone,2,Single,3,0,22.0,1.0,2.0,3.0,158.1,0,52.699999999999996,0.67
52981,0,23.0,Computer,1,17.0,Debit Card,Female,3.0,4,Others,5,Single,11,1,15.707921714818266,1.0,2.0,3.0,311.65,0,103.88333333333333,0.08
52982,0,10.0,Phone,1,10.0,Cash on Delivery,Male,2.0,4,Laptop & Accessory,4,Single,6,0,13.0,7.0,8.0,8.0,169.85,0,18.87222222222222,0.73
52983,0,5.0,Computer,3,12.0,E wallet,Female,3.0,4,Mobile Phone,4,Married,3,0,12.0,1.0,3.0,3.0,152.89,0,38.2225,0.5
52984,1,1.0,Phone,3,11.0,E wallet,Male,3.0,5,Laptop & Accessory,2,Single,3,1,13.0,8.0,8.0,5.0,183.28,1,20.364444444444445,4.0
52985,0,11.0,Computer,1,16.0,Credit Card,Male,3.0,4,Mobile Phone,2,Divorced,3,1,13.0,1.0,2.0,3.0,148.26,0,49.419999999999995,0.17
52986,0,16.0,Computer,3,33.0,E wallet,Female,4.0,4,Grocery,4,Divorced,7,0,15.0,3.0,2.0,9.0,260.25,0,86.75,0.12
52987,1,1.0,Phone,1,10.0,Debit Card,Male,3.0,4,Mobile Phone,3,Single,3,0,14.0,1.0,2.0,1.0,139.2,0,46.4,1.0
52988,0,9.0,Phone,3,23.0,E wallet,Male,4.0,4,Fashion,4,Divorced,2,0,16.0,4.0,7.0,10.0,205.2,0,25.65,0.7
52989,0,10.0,Computer,1,25.0,Debit Card,Male,3.0,3,Mobile Phone,2,Divorced,6,0,19.0,1.0,2.0,1.0,161.88,0,53.96,0.18
52990,0,25.0,Phone,1,9.0,Credit Card,Male,3.0,6,Laptop & Accessory,4,Married,7,0,19.0,1.0,2.0,3.0,179.82,0,59.94,0.08
52991,0,15.0,Phone,3,9.0,Debit Card,Male,3.0,4,Grocery,4,Single,3,0,20.0,1.0,2.0,5.0,285.15,0,95.05,0.12
52992,0,1.0,Phone,3,17.0,Credit Card,Female,4.0,5,Mobile Phone,3,Single,3,0,13.0,2.0,2.0,1.0,137.0,0,45.666666666666664,1.0
52993,0,2.0,Phone,1,23.0,Credit Card,Male,4.0,3,Laptop & Accessory,5,Single,2,0,20.0,1.0,2.0,8.0,181.61,0,60.53666666666667,0.67
52994,0,5.0,Phone,3,14.0,Cash on Delivery,Male,4.0,3,Laptop & Accessory,2,Divorced,6,0,12.0,4.0,8.0,8.0,194.29,0,21.587777777777777,1.33
52995,0,13.0,Phone,1,7.0,Credit Card,Male,3.0,3,Fashion,2,Married,2,0,18.0,4.0,4.0,3.0,221.13,0,44.226,0.29
52996,0,10.0,Computer,1,31.0,Debit Card,Female,3.0,4,Laptop & Accessory,4,Divorced,9,0,16.0,1.0,2.0,9.0,181.74,0,60.580000000000005,0.18
52997,0,6.0,Phone,3,14.0,Debit Card,Male,4.0,5,Laptop & Accessory,3,Divorced,3,0,15.0,2.0,5.0,9.0,179.84,0,29.973333333333333,0.71
52998,0,12.0,Phone,1,32.0,Debit Card,Female,3.0,5,Fashion,4,Divorced,5,0,18.0,2.0,2.0,2.0,245.61,0,81.87,0.15
52999,0,31.0,Computer,1,7.0,Debit Card,Male,3.0,6,Laptop & Accessory,3,Married,4,1,14.0,2.0,2.0,3.0,181.6,0,60.53333333333333,0.06
53000,0,5.0,Phone,1,12.0,Cash on Delivery,Male,3.0,4,Mobile Phone,2,Divorced,2,1,13.0,1.0,2.0,4.0,173.21,0,57.73666666666667,0.33
53001,0,5.0,Phone,2,9.0,UPI,Male,4.0,5,Laptop & Accessory,5,Divorced,5,0,13.0,1.0,2.0,1.0,189.1,0,63.03333333333333,0.33
53002,0,19.0,Computer,1,14.0,Debit Card,Male,4.0,4,Fashion,5,Married,3,0,19.0,6.0,10.0,12.0,177.1,0,16.099999999999998,0.5
53003,0,5.0,Phone,1,9.0,Debit Card,Male,3.0,4,Mobile Phone,2,Married,2,1,19.0,2.0,3.0,3.0,151.95,0,37.9875,0.5
53004,0,7.0,Computer,1,12.0,Debit Card,Female,4.0,4,Fashion,4,Divorced,8,0,12.0,3.0,2.0,9.0,243.77999999999997,0,81.25999999999999,0.25
53005,0,13.0,Phone,1,17.0,Credit Card,Male,3.0,4,Grocery,5,Divorced,3,1,15.707921714818266,12.0,12.0,11.0,295.68,0,22.744615384615386,0.86
53006,0,17.0,Computer,1,17.0,Debit Card,Female,3.0,4,Mobile Phone,2,Single,2,0,20.0,1.0,2.0,8.0,149.55,0,49.85,0.11
53007,0,23.0,Phone,1,7.0,Cash on Delivery,Female,3.0,5,Grocery,3,Single,9,1,13.0,1.0,2.0,8.0,264.64,0,88.21333333333332,0.08
53008,1,16.0,Phone,1,15.0,Credit Card,Male,3.0,5,Laptop & Accessory,4,Divorced,4,0,16.0,8.0,8.0,8.0,174.41,0,19.378888888888888,0.47
53009,0,1.0,Phone,1,12.0,Debit Card,Female,3.0,4,Mobile Phone,4,Single,3,1,13.0,1.0,2.0,3.0,149.78,1,49.92666666666667,1.0
53010,0,6.0,Phone,3,15.0,Cash on Delivery,Female,4.0,5,Laptop & Accessory,4,Divorced,3,1,12.0,7.0,12.0,10.0,177.28,0,13.636923076923077,1.71
53011,0,1.0,Phone,3,9.0,Debit Card,Male,4.0,4,Laptop & Accessory,3,Single,3,1,12.0,2.0,2.0,5.0,169.78,1,56.593333333333334,1.0
53012,0,5.0,Phone,3,14.0,E wallet,Male,4.0,4,Laptop & Accessory,2,Married,6,0,13.0,1.0,2.0,8.0,200.47,0,66.82333333333334,0.33
53013,0,6.0,Phone,1,9.0,Credit Card,Female,4.0,3,Laptop & Accessory,2,Single,9,0,17.0,2.0,2.0,8.0,175.55,0,58.51666666666667,0.29
53014,1,1.0,Phone,1,9.0,Credit Card,Male,3.0,6,Mobile Phone,2,Divorced,7,1,14.0,3.0,3.0,3.0,159.64,1,39.91,1.5
53015,0,4.0,Phone,1,35.0,Credit Card,Female,4.0,4,Laptop & Accessory,2,Divorced,3,0,14.0,1.0,2.0,10.0,182.75,0,60.916666666666664,0.4
53016,0,5.0,Computer,1,14.0,Debit Card,Female,3.0,5,Fashion,3,Divorced,3,0,25.0,4.0,9.0,3.0,214.43,0,21.443,1.5
53017,0,13.0,Computer,1,6.0,Credit Card,Male,3.0,5,Others,2,Divorced,3,0,15.707921714818266,10.0,14.0,4.0,317.72,0,21.181333333333335,1.0
53018,1,3.0,Phone,3,10.0,Credit Card,Female,3.0,4,Laptop & Accessory,3,Divorced,6,1,19.0,2.0,2.0,1.0,177.38,1,59.126666666666665,0.5
53019,0,7.0,Computer,3,17.0,E wallet,Male,3.0,5,Laptop & Accessory,2,Single,5,0,15.0,2.0,2.0,2.0,171.82,0,57.27333333333333,0.25
53020,0,21.0,Phone,1,12.0,Debit Card,Male,3.0,4,Others,3,Divorced,6,0,15.707921714818266,1.0,2.0,2.0,308.0,0,102.66666666666667,0.09
53021,0,17.0,Computer,1,17.0,Debit Card,Female,3.0,5,Laptop & Accessory,3,Married,3,0,12.0,1.0,2.0,1.0,177.57,0,59.19,0.11
53022,0,1.0,Computer,3,7.0,E wallet,Male,4.0,4,Laptop & Accessory,4,Divorced,2,1,14.0,1.0,2.0,5.0,188.49,1,62.830000000000005,1.0
53023,0,28.0,Computer,1,27.0,Debit Card,Female,3.0,4,Laptop & Accessory,3,Single,5,0,13.0,2.0,2.0,4.0,173.69,0,57.89666666666667,0.07
53024,0,17.0,Phone,1,14.0,Debit Card,Female,3.0,4,Fashion,5,Divorced,10,0,17.0,2.0,2.0,3.0,224.85,0,74.95,0.11
53025,0,19.0,Phone,1,15.0,UPI,Male,4.0,4,Laptop & Accessory,2,Divorced,11,0,15.0,8.0,10.0,9.0,161.97,0,14.724545454545455,0.5
53026,0,14.0,Phone,3,7.0,Credit Card,Male,3.0,6,Laptop & Accessory,2,Divorced,4,1,23.0,2.0,2.0,3.0,199.57,0,66.52333333333333,0.13
53027,1,1.0,Phone,1,15.0,UPI,Male,4.0,6,Mobile Phone,5,Divorced,3,1,12.0,2.0,2.0,8.0,146.19,1,48.73,1.0
53028,0,3.0,Phone,1,16.0,UPI,Male,2.0,5,Mobile Phone,2,Single,2,0,18.0,3.0,3.0,3.0,164.83,0,41.2075,0.75
53029,0,4.0,Phone,3,12.0,E wallet,Female,2.0,5,Laptop & Accessory,3,Married,3,0,14.0,1.0,2.0,3.0,186.18,0,62.06,0.4
53030,0,1.0,Phone,3,15.0,E wallet,Female,3.0,4,Laptop & Accessory,4,Divorced,3,0,19.0,1.0,2.0,8.0,187.14,0,62.379999999999995,1.0
53031,0,11.0,Phone,1,12.0,Credit Card,Male,4.0,4,Laptop & Accessory,2,Married,9,0,17.0,1.0,2.0,5.0,188.47,0,62.82333333333333,0.17
53032,0,12.0,Phone,1,22.0,Debit Card,Male,4.0,5,Fashion,2,Married,2,1,15.0,2.0,2.0,10.0,240.10000000000002,0,80.03333333333335,0.15
53033,0,5.0,Phone,1,14.0,Credit Card,Female,3.0,4,Fashion,2,Single,3,1,15.0,3.0,5.0,11.0,196.43,0,32.73833333333334,0.83
53034,0,3.0,Phone,3,17.0,E wallet,Female,3.0,5,Laptop & Accessory,4,Married,3,1,15.0,1.0,2.0,8.0,207.68,1,69.22666666666667,0.5
53035,0,9.0,Phone,1,12.0,Cash on Delivery,Male,4.0,4,Fashion,4,Single,2,0,14.0,1.0,2.0,14.0,205.95,0,68.64999999999999,0.2
53036,0,1.0,Phone,1,33.0,Debit Card,Male,3.0,4,Mobile Phone,2,Married,3,0,13.0,2.0,2.0,3.0,154.04,0,51.346666666666664,1.0
53037,0,15.0,Phone,1,13.0,Credit Card,Male,4.0,5,Laptop & Accessory,4,Single,8,1,16.0,2.0,2.0,3.0,185.32,0,61.77333333333333,0.12
53038,0,21.0,Computer,3,11.0,Credit Card,Male,3.0,4,Laptop & Accessory,3,Single,5,0,20.0,1.0,2.0,1.0,154.76,0,51.586666666666666,0.09
53039,0,16.0,Phone,1,30.0,Debit Card,Female,3.0,4,Grocery,2,Single,4,0,15.0,1.0,2.0,1.0,284.92,0,94.97333333333334,0.12
53040,0,3.0,Computer,3,9.0,Debit Card,Male,4.0,4,Laptop & Accessory,3,Divorced,3,0,15.0,2.0,2.0,3.0,171.49,0,57.163333333333334,0.5
53041,0,16.0,Phone,2,9.0,Cash on Delivery,Male,3.0,4,Mobile Phone,3,Married,2,1,12.0,2.0,2.0,1.0,151.96,0,50.653333333333336,0.12
53042,0,6.0,Phone,1,9.0,Credit Card,Female,4.0,4,Mobile Phone,4,Divorced,3,0,14.0,1.0,2.0,8.0,148.7,0,49.56666666666666,0.29
53043,0,22.0,Phone,3,36.0,Credit Card,Female,4.0,4,Fashion,3,Divorced,5,0,22.0,1.0,2.0,1.0,250.04000000000002,0,83.34666666666668,0.09
53044,0,11.0,Phone,1,13.0,Credit Card,Male,3.0,3,Laptop & Accessory,5,Married,6,1,14.0,3.0,7.0,8.0,184.74,0,23.0925,0.58
53045,0,4.0,Computer,3,32.0,Cash on Delivery,Female,3.0,4,Laptop & Accessory,3,Divorced,9,1,13.0,2.0,3.0,3.0,172.36,0,43.09,0.6
53046,0,1.0,Phone,3,7.0,Debit Card,Male,3.0,4,Laptop & Accessory,3,Divorced,3,0,18.0,3.0,8.0,8.0,177.96,0,19.773333333333333,4.0
53047,0,16.0,Phone,1,9.0,UPI,Male,4.0,5,Laptop & Accessory,2,Single,5,0,24.0,1.0,2.0,1.0,192.81,0,64.27,0.12
53048,1,1.0,Computer,3,7.0,Cash on Delivery,Female,3.0,5,Mobile Phone,4,Single,3,1,12.0,2.0,2.0,3.0,146.74,1,48.913333333333334,1.0
53049,0,10.0,Computer,3,7.0,Credit Card,Female,3.0,4,Laptop & Accessory,2,Single,6,0,16.0,2.0,2.0,1.0,191.53,0,63.843333333333334,0.18
53050,0,10.0,Computer,3,10.0,Credit Card,Male,3.0,5,Fashion,2,Divorced,6,0,12.0,1.0,2.0,3.0,221.99,0,73.99666666666667,0.18
53051,0,31.0,Phone,1,7.0,Credit Card,Male,3.0,4,Laptop & Accessory,3,Divorced,4,0,12.0,2.0,2.0,3.0,192.55,0,64.18333333333334,0.06
53052,0,14.0,Phone,1,17.0,Debit Card,Female,3.0,3,Mobile Phone,3,Divorced,5,1,14.0,1.0,2.0,8.0,147.13,0,49.04333333333333,0.13
53053,0,1.0,Computer,3,16.0,Credit Card,Male,3.0,4,Mobile Phone,2,Single,3,0,25.0,1.0,3.0,3.0,151.1,0,37.775,1.5
53054,1,1.0,Phone,3,12.0,E wallet,Female,3.0,4,Mobile Phone,3,Single,3,1,14.0,2.0,2.0,1.0,153.51,1,51.169999999999995,1.0
53055,0,11.0,Phone,1,17.0,Credit Card,Female,4.0,4,Mobile Phone,5,Divorced,8,0,21.0,2.0,2.0,4.0,159.52,0,53.17333333333334,0.17
53056,0,20.0,Computer,1,14.0,Credit Card,Female,2.0,4,Laptop & Accessory,3,Divorced,4,0,15.0,1.0,2.0,1.0,177.58,0,59.193333333333335,0.1
53057,1,5.0,Computer,3,11.0,E wallet,Male,3.0,4,Laptop & Accessory,4,Single,3,0,19.0,8.0,8.0,3.0,218.55,0,24.283333333333335,1.33
53058,0,24.0,Phone,1,17.0,Cash on Delivery,Male,4.0,5,Fashion,2,Single,8,0,16.0,1.0,2.0,3.0,229.96,0,76.65333333333334,0.08
53059,1,4.0,Phone,3,29.0,E wallet,Male,4.0,5,Laptop & Accessory,3,Divorced,4,1,13.0,2.0,2.0,1.0,188.8,0,62.93333333333334,0.4
53060,0,5.0,Phone,1,16.0,Debit Card,Male,3.0,5,Mobile Phone,4,Single,2,1,17.0,2.0,3.0,3.0,151.57,0,37.8925,0.5
53061,1,1.0,Phone,3,19.0,Debit Card,Female,3.0,3,Mobile Phone,4,Single,3,0,16.0,1.0,2.0,1.0,152.16,0,50.72,1.0
53062,0,3.0,Phone,1,30.0,Debit Card,Male,3.0,4,Mobile Phone,2,Single,11,0,17.0,2.0,2.0,3.0,147.01,0,49.00333333333333,0.5
53063,0,9.0,Phone,1,16.0,Debit Card,Male,4.0,5,Laptop & Accessory,4,Single,11,0,20.0,2.0,2.0,1.0,190.4,0,63.46666666666667,0.2
53064,0,1.0,Phone,1,7.0,Credit Card,Male,3.0,4,Mobile Phone,4,Married,3,0,12.0,1.0,2.0,5.0,163.16,0,54.38666666666666,1.0
53065,0,2.0,Phone,3,16.0,Debit Card,Male,4.0,4,Laptop & Accessory,2,Single,3,0,17.0,2.0,2.0,8.0,177.53,0,59.17666666666667,0.67
53066,0,23.0,Phone,1,14.0,UPI,Male,3.0,5,Fashion,3,Single,10,0,25.0,2.0,2.0,1.0,170.0,0,56.666666666666664,0.08
53067,0,25.0,Phone,3,21.0,Debit Card,Female,3.0,4,Laptop & Accessory,2,Divorced,6,0,12.0,1.0,2.0,8.0,174.36,0,58.120000000000005,0.08
53068,0,10.0,Phone,1,9.0,Debit Card,Female,4.0,4,Mobile Phone,3,Divorced,6,0,14.0,2.0,3.0,3.0,150.43,0,37.6075,0.27
53069,1,1.0,Computer,3,26.0,E wallet,Male,4.0,3,Laptop & Accessory,2,Single,10,1,14.0,2.0,2.0,5.0,178.04,1,59.346666666666664,1.0
53070,0,29.0,Phone,1,9.0,Debit Card,Female,4.0,4,Grocery,2,Single,4,1,14.0,1.0,2.0,3.0,291.59,0,97.19666666666666,0.07
53071,0,1.0,Phone,3,17.0,E wallet,Female,4.0,4,Laptop & Accessory,3,Married,3,1,13.0,1.0,2.0,4.0,167.6,1,55.86666666666667,1.0
53072,0,4.0,Phone,3,9.0,Cash on Delivery,Male,4.0,4,Mobile Phone,4,Divorced,3,0,19.0,2.0,2.0,1.0,149.76,0,49.919999999999995,0.4
53073,1,1.0,Computer,1,10.0,Cash on Delivery,Male,4.0,4,Mobile Phone,5,Single,2,0,23.0,1.0,2.0,5.0,156.02,0,52.00666666666667,1.0
53074,0,1.0,Phone,1,18.0,Credit Card,Female,3.0,4,Mobile Phone,4,Divorced,3,0,14.0,2.0,2.0,3.0,147.44,0,49.14666666666667,1.0
53075,0,10.0,Phone,3,9.0,Credit Card,Male,4.0,5,Fashion,3,Divorced,3,0,14.0,10.0,10.0,1.0,200.96,0,18.26909090909091,0.91
53076,1,1.0,Computer,1,11.0,Cash on Delivery,Male,3.0,4,Mobile Phone,2,Single,20,1,24.0,2.0,2.0,1.0,147.85,1,49.28333333333333,1.0
53077,0,11.0,Phone,1,21.0,Debit Card,Female,4.0,4,Mobile Phone,5,Married,3,0,13.0,4.0,13.0,18.0,155.34,0,11.095714285714285,1.08
53078,0,14.0,Phone,3,9.0,E wallet,Female,3.0,4,Laptop & Accessory,4,Married,9,0,13.0,1.0,2.0,4.0,182.15,0,60.71666666666667,0.13
53079,0,16.0,Phone,1,7.0,Debit Card,Female,4.0,4,Mobile Phone,5,Married,5,0,17.0,2.0,2.0,3.0,150.76,0,50.25333333333333,0.12
53080,0,11.0,Phone,1,17.0,Debit Card,Male,3.0,4,Laptop & Accessory,4,Single,4,1,13.0,1.0,2.0,2.0,166.97,0,55.656666666666666,0.17
53081,0,17.0,Phone,1,19.0,Debit Card,Male,3.0,5,Grocery,4,Married,3,0,12.0,1.0,4.0,10.0,268.36,0,53.672000000000004,0.22
53082,0,14.0,Phone,1,9.0,Credit Card,Female,4.0,5,Laptop & Accessory,3,Divorced,8,0,23.0,2.0,2.0,1.0,159.48,0,53.16,0.13
53083,0,28.0,Phone,1,12.0,Credit Card,Male,3.0,4,Others,5,Divorced,6,0,15.707921714818266,2.0,2.0,3.0,319.06,0,106.35333333333334,0.07
53084,0,8.0,Computer,3,11.0,E wallet,Female,4.0,4,Laptop & Accessory,3,Divorced,11,0,16.0,2.0,2.0,3.0,190.38,0,63.46,0.22
53085,0,5.0,Phone,1,14.0,Credit Card,Female,3.0,4,Laptop & Accessory,5,Divorced,3,0,13.0,4.0,4.0,13.0,168.06,0,33.612,0.67
53086,0,17.0,Computer,1,28.0,Credit Card,Male,4.0,4,Mobile Phone,2,Divorced,9,0,21.0,1.0,2.0,3.0,147.58,0,49.193333333333335,0.11
53087,0,17.0,Phone,1,15.0,UPI,Female,4.0,4,Laptop & Accessory,3,Married,6,1,15.0,1.0,2.0,3.0,170.22,0,56.74,0.11
53088,0,1.0,Phone,3,11.0,Debit Card,Female,3.0,5,Laptop & Accessory,2,Single,3,1,12.0,1.0,2.0,4.0,169.87,1,56.623333333333335,1.0
53089,0,11.0,Computer,1,32.0,Credit Card,Female,4.0,4,Laptop & Accessory,3,Divorced,5,1,16.0,4.0,11.0,8.0,169.49,0,14.124166666666667,0.92
53090,0,5.0,Phone,1,7.0,Debit Card,Male,4.0,5,Mobile Phone,5,Divorced,3,0,13.0,1.0,4.0,3.0,147.18,0,29.436,0.67
53091,0,13.0,Computer,1,7.0,Debit Card,Male,3.0,4,Others,3,Married,3,1,15.707921714818266,1.0,2.0,7.0,316.97,0,105.65666666666668,0.14
53092,0,30.0,Computer,3,13.0,Debit Card,Female,3.0,3,Grocery,5,Divorced,11,0,12.0,3.0,2.0,8.0,257.12,0,85.70666666666666,0.06
53093,0,4.0,Phone,3,19.0,Cash on Delivery,Female,3.0,4,Laptop & Accessory,3,Single,2,0,12.0,4.0,5.0,5.0,190.77,0,31.795,1.0
53094,0,15.0,Phone,3,7.0,E wallet,Male,3.0,3,Fashion,5,Divorced,3,0,17.0,2.0,2.0,8.0,208.92,0,69.64,0.12
53095,0,2.0,Phone,1,24.0,Credit Card,Male,4.0,4,Laptop & Accessory,5,Married,3,0,13.0,1.0,2.0,9.0,170.58,0,56.86000000000001,0.67
53096,1,1.0,Phone,1,10.0,Credit Card,Male,4.0,4,Mobile Phone,5,Divorced,7,0,14.0,2.0,2.0,3.0,165.31,0,55.10333333333333,1.0
53097,0,26.0,Phone,1,10.0,Credit Card,Male,3.0,5,Fashion,3,Divorced,4,1,15.0,1.0,2.0,5.0,204.69,0,68.23,0.07
53098,0,19.0,Phone,1,17.0,Debit Card,Male,4.0,4,Mobile Phone,2,Divorced,5,0,22.0,2.0,2.0,3.0,151.54,0,50.51333333333333,0.1
53099,0,26.0,Phone,1,11.0,Debit Card,Female,2.0,4,Grocery,2,Divorced,4,0,14.0,1.0,2.0,5.0,290.55,0,96.85000000000001,0.07
53100,0,16.0,Computer,1,36.0,Debit Card,Female,4.0,4,Laptop & Accessory,3,Married,4,0,12.0,2.0,2.0,3.0,170.56,0,56.85333333333333,0.12
53101,0,4.0,Phone,1,9.0,Debit Card,Female,3.0,6,Laptop & Accessory,2,Single,4,0,21.0,1.0,2.0,3.0,185.91,0,61.97,0.4
53102,0,31.0,Phone,1,14.0,Debit Card,Female,3.0,4,Others,5,Divorced,7,0,15.707921714818266,1.0,12.0,11.0,320.66,0,24.666153846153847,0.38
53103,0,20.0,Phone,1,25.0,Credit Card,Female,3.0,4,Laptop & Accessory,3,Married,4,0,15.0,1.0,2.0,9.0,173.1,0,57.699999999999996,0.1
53104,0,16.0,Computer,1,35.0,Cash on Delivery,Female,3.0,5,Laptop & Accessory,2,Divorced,2,0,12.0,1.0,2.0,5.0,170.23,0,56.74333333333333,0.12
53105,1,1.0,Phone,3,7.0,Cash on Delivery,Female,4.0,4,Mobile Phone,4,Single,3,1,17.0,2.0,2.0,5.0,157.02,1,52.34,1.0
53106,1,1.0,Computer,3,13.0,E wallet,Female,3.0,6,Mobile Phone,3,Married,2,0,17.0,2.0,2.0,1.0,148.51,0,49.50333333333333,1.0
53107,0,12.0,Computer,1,9.0,Debit Card,Male,3.0,4,Mobile Phone,2,Divorced,3,1,24.0,2.0,2.0,1.0,142.02,0,47.34,0.15
53108,0,14.0,Phone,3,9.0,Debit Card,Female,4.0,4,Others,3,Divorced,2,0,15.707921714818266,1.0,2.0,13.0,305.41,0,101.80333333333334,0.13
53109,0,1.0,Phone,1,30.0,Debit Card,Female,3.0,4,Mobile Phone,2,Married,3,0,23.0,2.0,2.0,3.0,153.86,0,51.28666666666667,1.0
53110,0,4.0,Computer,1,10.0,Debit Card,Male,3.0,4,Mobile Phone,2,Divorced,6,0,16.0,1.0,2.0,5.0,145.97,0,48.656666666666666,0.4
53111,0,3.0,Phone,1,10.0,Credit Card,Male,4.0,5,Fashion,3,Divorced,3,0,19.0,2.0,2.0,8.0,244.35000000000002,0,81.45,0.5
53112,1,1.0,Phone,1,32.0,Cash on Delivery,Female,4.0,5,Mobile Phone,4,Divorced,7,0,17.0,1.0,2.0,2.0,150.46,0,50.153333333333336,1.0
53113,1,1.0,Phone,2,9.0,Cash on Delivery,Male,3.0,5,Mobile Phone,2,Single,3,0,13.0,2.0,2.0,1.0,150.64,0,50.21333333333333,1.0
53114,0,4.0,Computer,3,29.0,UPI,Female,4.0,4,Fashion,5,Divorced,2,0,12.0,3.0,8.0,9.0,209.12,0,23.235555555555557,1.6
53115,0,31.0,Phone,3,36.0,E wallet,Male,3.0,5,Grocery,2,Married,5,0,13.0,1.0,2.0,1.0,266.18,0,88.72666666666667,0.06
53116,0,24.0,Phone,1,36.0,Debit Card,Male,3.0,5,Grocery,3,Divorced,2,0,15.707921714818266,12.0,16.0,8.0,295.46,0,17.38,0.64
53117,0,4.0,Computer,1,9.0,Credit Card,Female,3.0,4,Mobile Phone,2,Single,2,0,15.0,6.0,7.0,8.0,150.64,0,18.83,1.4
53118,0,31.0,Computer,3,35.0,E wallet,Female,4.0,5,Fashion,5,Divorced,6,0,20.0,14.0,14.0,3.0,227.66,0,15.177333333333333,0.44
53119,0,21.0,Phone,1,9.0,Credit Card,Female,4.0,4,Laptop & Accessory,2,Married,7,0,14.0,1.0,2.0,5.0,175.7,0,58.56666666666666,0.09
53120,0,20.0,Phone,1,9.0,Debit Card,Male,3.0,4,Grocery,3,Divorced,8,0,15.707921714818266,1.0,2.0,2.0,303.61,0,101.20333333333333,0.1
53121,0,9.0,Phone,1,29.0,Debit Card,Male,3.0,6,Mobile Phone,3,Single,2,0,16.0,3.0,5.0,4.0,167.3,0,27.883333333333336,0.5
53122,0,28.0,Phone,1,15.0,Debit Card,Female,3.0,4,Laptop & Accessory,3,Single,9,0,12.0,2.0,2.0,1.0,162.8,0,54.26666666666667,0.07
53123,0,8.0,Phone,1,9.0,Debit Card,Male,4.0,5,Mobile Phone,3,Married,5,0,13.0,6.0,6.0,8.0,152.68,0,21.81142857142857,0.67
53124,0,20.0,Phone,3,17.0,E wallet,Female,4.0,5,Fashion,2,Divorced,4,1,20.0,2.0,2.0,3.0,215.71,0,71.90333333333334,0.1
53125,0,5.0,Phone,1,16.0,Debit Card,Male,3.0,4,Fashion,4,Married,3,0,26.0,2.0,2.0,9.0,231.48000000000002,0,77.16000000000001,0.33
53126,1,1.0,Phone,1,22.0,Credit Card,Male,3.0,4,Fashion,3,Divorced,9,1,13.0,1.0,8.0,8.0,261.1,1,29.011111111111113,4.0
53127,1,1.0,Phone,1,17.0,Credit Card,Male,3.0,6,Mobile Phone,2,Married,9,0,14.0,1.0,2.0,4.0,159.08,0,53.02666666666667,1.0
53128,0,4.0,Phone,3,14.0,E wallet,Male,3.0,4,Mobile Phone,4,Single,2,0,15.0,2.0,2.0,3.0,154.83,0,51.61000000000001,0.4
53129,0,9.0,Phone,1,23.0,Debit Card,Male,4.0,4,Fashion,3,Divorced,6,1,13.0,1.0,2.0,1.0,201.32,0,67.10666666666667,0.2
53130,1,1.0,Computer,1,27.0,Debit Card,Male,4.0,4,Fashion,3,Divorced,5,0,13.0,2.0,2.0,3.0,223.24,0,74.41333333333334,1.0
53131,1,1.0,Computer,2,30.0,UPI,Female,3.0,4,Fashion,5,Married,11,1,16.0,2.0,2.0,3.0,224.5,1,74.83333333333333,1.0
53132,0,16.0,Computer,1,12.0,UPI,Male,4.0,4,Mobile Phone,3,Divorced,6,0,18.0,3.0,3.0,1.0,145.93,0,36.4825,0.18
53133,0,10.0,Computer,3,17.0,Credit Card,Male,3.0,4,Fashion,2,Single,3,0,15.0,2.0,10.0,3.0,224.8,0,20.436363636363637,0.91
53134,1,1.0,Computer,1,11.0,Cash on Delivery,Male,3.0,5,Mobile Phone,3,Single,7,0,17.0,2.0,2.0,3.0,163.94,0,54.64666666666667,1.0
53135,0,22.0,Phone,3,9.0,E wallet,Female,3.0,4,Laptop & Accessory,2,Divorced,4,0,15.0,5.0,7.0,8.0,165.51,0,20.68875,0.3
53136,0,29.0,Phone,3,25.0,Debit Card,Female,3.0,4,Grocery,4,Single,5,0,15.707921714818266,1.0,8.0,8.0,293.35,0,32.59444444444445,0.27
53137,0,15.0,Computer,3,17.0,Debit Card,Male,3.0,4,Laptop & Accessory,2,Single,9,0,15.0,1.0,2.0,11.0,187.3,0,62.43333333333334,0.12
53138,0,9.0,Phone,3,7.0,E wallet,Male,3.0,4,Laptop & Accessory,3,Divorced,11,0,12.0,4.0,7.0,10.0,172.17,0,21.52125,0.7
53139,0,14.0,Phone,1,13.0,Debit Card,Female,4.0,4,Grocery,3,Single,9,0,16.0,5.0,2.0,14.0,257.37,0,85.79,0.13
53140,0,13.0,Computer,1,15.0,Debit Card,Female,3.0,4,Mobile Phone,3,Divorced,3,0,12.0,1.0,2.0,8.0,162.55,0,54.18333333333334,0.14
53141,0,5.0,Phone,3,9.0,Debit Card,Male,4.0,4,Laptop & Accessory,2,Single,6,1,14.0,2.0,2.0,6.0,190.82,0,63.60666666666666,0.33
53142,0,16.0,Phone,1,31.0,Credit Card,Male,3.0,4,Fashion,5,Divorced,3,1,22.0,5.0,6.0,9.0,199.06,0,28.437142857142856,0.35
53143,0,19.0,Phone,3,9.0,UPI,Male,4.0,4,Laptop & Accessory,4,Divorced,2,0,20.0,4.0,4.0,8.0,173.05,0,34.61,0.2
53144,1,1.0,Computer,2,24.0,Debit Card,Female,3.0,4,Mobile Phone,3,Married,2,1,12.0,1.0,2.0,1.0,152.41,1,50.803333333333335,1.0
53145,0,3.0,Phone,1,26.0,Cash on Delivery,Male,3.0,4,Laptop & Accessory,2,Married,6,0,13.0,1.0,2.0,3.0,167.62,0,55.873333333333335,0.5
53146,0,7.0,Phone,1,7.0,Credit Card,Female,4.0,3,Grocery,3,Married,6,0,20.0,1.0,2.0,6.0,286.84,0,95.61333333333333,0.25
53147,0,1.0,Phone,3,14.0,Debit Card,Male,3.0,5,Fashion,2,Married,11,0,22.0,2.0,2.0,2.0,240.57,0,80.19,1.0
53148,1,1.0,Computer,3,12.0,E wallet,Male,4.0,4,Mobile Phone,4,Single,3,1,15.0,2.0,2.0,1.0,143.78,1,47.92666666666667,1.0
53149,0,14.0,Computer,3,35.0,UPI,Male,3.0,6,Fashion,5,Married,5,0,16.0,2.0,2.0,2.0,234.32,0,78.10666666666667,0.13
53150,0,15.0,Computer,1,9.0,UPI,Female,4.0,5,Laptop & Accessory,3,Single,4,1,18.0,1.0,2.0,8.0,193.11,0,64.37,0.12
53151,0,1.0,Phone,3,36.0,Credit Card,Male,3.0,4,Laptop & Accessory,3,Married,7,0,13.0,2.0,2.0,1.0,168.06,0,56.02,1.0
53152,0,9.0,Phone,3,7.0,Credit Card,Female,4.0,4,Laptop & Accessory,3,Single,3,0,17.0,1.0,2.0,4.0,173.59,0,57.86333333333334,0.2
53153,0,8.0,Phone,3,28.0,Debit Card,Male,4.0,3,Laptop & Accessory,2,Single,3,0,13.0,6.0,6.0,8.0,178.37,0,25.481428571428573,0.67
53154,1,1.0,Phone,1,31.0,Cash on Delivery,Male,4.0,6,Mobile Phone,2,Single,3,1,19.0,2.0,2.0,1.0,148.4,1,49.46666666666667,1.0
53155,0,11.0,Phone,1,7.0,Cash on Delivery,Female,3.0,4,Fashion,2,Single,6,0,18.0,2.0,2.0,3.0,199.91,0,66.63666666666667,0.17
53156,0,20.0,Computer,1,25.0,Credit Card,Female,3.0,4,Fashion,3,Divorced,7,0,12.0,2.0,2.0,3.0,230.27,0,76.75666666666667,0.1
53157,0,15.0,Phone,3,9.0,Debit Card,Female,4.0,4,Grocery,5,Divorced,9,0,17.0,1.0,12.0,9.0,290.95,0,22.38076923076923,0.75
53158,0,11.0,Computer,3,16.0,Credit Card,Male,4.0,4,Fashion,4,Married,3,0,14.0,7.0,8.0,3.0,213.34,0,23.704444444444444,0.67
53159,0,26.0,Phone,1,13.0,Cash on Delivery,Male,4.0,4,Laptop & Accessory,5,Married,5,1,13.0,3.0,7.0,10.0,180.77,0,22.59625,0.26
53160,1,1.0,Computer,3,18.0,UPI,Male,3.0,3,Laptop & Accessory,3,Divorced,10,0,13.0,2.0,2.0,3.0,172.07,0,57.35666666666666,1.0
53161,0,1.0,Computer,3,31.0,Credit Card,Male,3.0,4,Mobile Phone,2,Divorced,2,0,14.0,1.0,3.0,2.0,149.0,0,37.25,1.5
53162,0,12.0,Phone,1,17.0,Credit Card,Female,4.0,4,Laptop & Accessory,3,Divorced,5,0,20.0,2.0,2.0,3.0,223.24,0,74.41333333333334,0.15
53163,0,11.0,Phone,1,7.0,Debit Card,Female,4.0,4,Laptop & Accessory,4,Divorced,8,0,13.0,4.0,5.0,4.0,189.47,0,31.578333333333333,0.42
53164,0,23.0,Phone,1,25.0,Debit Card,Male,3.0,5,Others,3,Married,3,1,15.707921714818266,1.0,2.0,10.0,320.02,0,106.67333333333333,0.08
53165,0,1.0,Phone,1,30.0,Credit Card,Male,3.0,3,Mobile Phone,2,Divorced,3,1,12.0,1.0,2.0,5.0,152.25,1,50.75,1.0
53166,0,1.0,Phone,3,35.0,E wallet,Male,4.0,4,Laptop & Accessory,4,Divorced,3,0,21.0,2.0,2.0,5.0,187.72,0,62.57333333333333,1.0
53167,0,1.0,Phone,1,24.0,UPI,Male,4.0,5,Mobile Phone,4,Divorced,3,0,22.0,2.0,2.0,1.0,146.27,0,48.75666666666667,1.0
53168,0,24.0,Computer,2,10.0,Credit Card,Male,3.0,4,Others,4,Divorced,3,0,15.707921714818266,7.0,11.0,8.0,307.0,0,25.583333333333332,0.44
53169,0,1.0,Phone,3,20.0,Credit Card,Male,3.0,4,Mobile Phone,3,Divorced,3,0,12.0,2.0,2.0,7.0,145.96,0,48.653333333333336,1.0
53170,1,1.0,Computer,1,14.0,Debit Card,Female,3.0,4,Mobile Phone,3,Divorced,3,1,17.0,1.0,2.0,3.0,153.86,1,51.28666666666667,1.0
53171,1,1.0,Computer,3,19.0,Debit Card,Male,4.0,5,Mobile Phone,5,Divorced,3,0,19.0,2.0,2.0,1.0,145.33,0,48.443333333333335,1.0
53172,0,8.0,Phone,1,7.0,Debit Card,Male,3.0,5,Mobile Phone,2,Divorced,3,1,14.0,1.0,2.0,4.0,161.22,0,53.74,0.22
53173,1,1.0,Phone,3,20.0,Credit Card,Male,3.0,4,Laptop & Accessory,5,Married,4,0,18.0,1.0,2.0,3.0,167.33,0,55.77666666666667,1.0
53174,0,9.0,Phone,1,32.0,UPI,Male,3.0,5,Laptop & Accessory,2,Single,6,0,15.0,1.0,2.0,3.0,161.81,0,53.93666666666667,0.2
53175,0,5.0,Phone,3,13.0,Credit Card,Male,4.0,3,Laptop & Accessory,2,Married,6,0,23.0,4.0,6.0,8.0,179.6,0,25.657142857142855,1.0
53176,0,1.0,Phone,1,13.0,Credit Card,Female,4.0,5,Mobile Phone,3,Married,2,0,13.0,2.0,2.0,4.0,146.87,0,48.95666666666667,1.0
53177,0,11.0,Phone,3,9.0,E wallet,Male,4.0,4,Laptop & Accessory,3,Divorced,6,1,12.0,1.0,2.0,3.0,221.02,0,73.67333333333333,0.17
53178,0,1.0,Phone,1,7.0,Debit Card,Female,3.0,5,Mobile Phone,4,Single,3,0,14.0,2.0,2.0,1.0,153.36,0,51.120000000000005,1.0
53179,0,16.0,Phone,1,9.0,Debit Card,Female,3.0,4,Laptop & Accessory,2,Divorced,3,0,14.0,3.0,3.0,3.0,165.89,0,41.4725,0.18
53180,0,17.0,Phone,1,13.0,UPI,Male,3.0,5,Grocery,2,Married,6,1,15.0,1.0,2.0,1.0,291.27,0,97.08999999999999,0.11
53181,0,12.0,Phone,1,7.0,Debit Card,Female,3.0,4,Mobile Phone,5,Single,5,0,18.0,2.0,2.0,1.0,151.19,0,50.39666666666667,0.15
53182,0,17.0,Computer,1,16.0,Credit Card,Male,4.0,4,Laptop & Accessory,3,Married,5,1,14.0,3.0,5.0,8.0,181.79,0,30.298333333333332,0.28
53183,0,22.0,Phone,1,7.0,Debit Card,Female,3.0,5,Grocery,5,Divorced,9,0,12.0,1.0,2.0,3.0,279.02,0,93.00666666666666,0.09
53184,0,18.0,Phone,2,7.0,Debit Card,Female,3.0,5,Laptop & Accessory,3,Single,6,0,12.0,2.0,2.0,3.0,184.85,0,61.61666666666667,0.11
53185,0,8.0,Phone,3,21.0,Cash on Delivery,Female,3.0,4,Mobile Phone,3,Married,3,1,19.0,2.0,2.0,7.0,150.79,0,50.26333333333333,0.22
53186,1,1.0,Phone,3,9.0,E wallet,Male,3.0,4,Mobile Phone,5,Married,2,0,12.0,1.0,2.0,3.0,155.41,0,51.803333333333335,1.0
53187,0,1.0,Phone,3,29.0,Cash on Delivery,Male,3.0,4,Mobile Phone,3,Single,3,0,12.0,2.0,2.0,3.0,159.47,0,53.156666666666666,1.0
53188,0,18.0,Phone,1,10.0,UPI,Male,3.0,4,Others,2,Divorced,6,1,15.707921714818266,2.0,2.0,2.0,320.13,0,106.71,0.11
53189,0,1.0,Phone,1,13.0,Credit Card,Male,4.0,4,Mobile Phone,3,Divorced,2,0,21.0,3.0,3.0,3.0,152.73,0,38.1825,1.5
53190,0,7.0,Phone,3,15.0,E wallet,Male,3.0,4,Laptop & Accessory,3,Married,2,0,13.0,2.0,2.0,3.0,196.04,0,65.34666666666666,0.25
53191,0,6.0,Phone,1,16.0,Debit Card,Female,4.0,4,Laptop & Accessory,2,Divorced,3,1,13.0,2.0,2.0,6.0,188.22,0,62.74,0.29
53192,0,4.0,Computer,1,10.0,Credit Card,Female,4.0,4,Mobile Phone,3,Married,3,0,21.0,2.0,2.0,1.0,145.83,0,48.61000000000001,0.4
53193,0,27.0,Phone,3,7.0,Credit Card,Female,3.0,4,Laptop & Accessory,5,Single,9,0,21.0,7.0,9.0,11.0,208.81,0,20.881,0.32
53194,0,8.0,Phone,1,7.0,Debit Card,Male,3.0,4,Mobile Phone,2,Divorced,3,0,13.0,7.0,9.0,9.0,151.91,0,15.190999999999999,1.0
53195,1,9.0,Computer,3,33.0,Debit Card,Female,4.0,4,Laptop & Accessory,5,Divorced,4,0,15.0,1.0,2.0,1.0,167.86,0,55.95333333333334,0.2
53196,0,1.0,Phone,1,13.0,Debit Card,Female,4.0,4,Mobile Phone,2,Divorced,3,1,14.0,1.0,2.0,3.0,151.59,1,50.53,1.0
53197,0,11.0,Phone,1,10.0,UPI,Male,3.0,4,Fashion,3,Divorced,3,0,16.0,7.0,8.0,3.0,219.34,0,24.371111111111112,0.67
53198,0,3.0,Phone,3,10.0,Credit Card,Female,4.0,4,Laptop & Accessory,3,Divorced,3,0,15.0,1.0,2.0,3.0,180.61,0,60.20333333333334,0.5
53199,0,9.0,Phone,1,13.0,Debit Card,Male,3.0,6,Laptop & Accessory,2,Single,3,0,14.0,12.0,12.0,9.0,191.46,0,14.727692307692308,1.2
53200,0,7.0,Computer,1,13.0,Debit Card,Male,2.0,4,Laptop & Accessory,2,Married,5,0,24.0,5.0,5.0,8.0,202.25,0,33.708333333333336,0.62
53201,0,28.0,Phone,2,26.0,Credit Card,Male,3.0,4,Fashion,4,Divorced,4,0,16.0,4.0,2.0,2.0,232.25,0,77.41666666666667,0.07
53202,0,10.0,Phone,1,16.0,Credit Card,Male,3.0,5,Laptop & Accessory,4,Married,4,1,12.0,2.0,2.0,3.0,213.47,0,71.15666666666667,0.18
53203,0,1.0,Phone,1,10.0,Credit Card,Male,3.0,5,Mobile Phone,2,Single,2,0,14.0,1.0,2.0,2.0,145.45,0,48.48333333333333,1.0
53204,1,1.0,Phone,1,17.0,Credit Card,Male,3.0,4,Mobile Phone,3,Single,3,1,12.0,1.0,2.0,2.0,135.09,1,45.03,1.0
53205,1,1.0,Computer,1,10.0,Debit Card,Male,4.0,4,Mobile Phone,5,Single,3,1,12.0,10.0,10.0,8.0,158.48,1,14.407272727272726,5.0
53206,0,9.0,Computer,1,10.0,Debit Card,Male,3.0,5,Mobile Phone,3,Divorced,3,0,19.0,2.0,2.0,1.0,137.81,0,45.93666666666667,0.2
53207,0,1.0,Phone,1,11.0,Credit Card,Male,3.0,3,Mobile Phone,5,Divorced,4,0,17.0,1.0,2.0,3.0,153.19,0,51.06333333333333,1.0
53208,0,1.0,Phone,3,15.0,Debit Card,Male,3.0,3,Laptop & Accessory,4,Divorced,2,0,23.0,1.0,2.0,3.0,173.51,0,57.836666666666666,1.0
53209,0,12.0,Phone,3,14.0,E wallet,Female,3.0,5,Laptop & Accessory,2,Single,2,0,21.0,2.0,2.0,6.0,165.28,0,55.093333333333334,0.15
53210,0,3.0,Computer,1,7.0,Debit Card,Male,4.0,6,Mobile Phone,2,Married,3,0,19.0,3.0,3.0,9.0,152.2,0,38.05,0.75
53211,0,22.0,Phone,3,9.0,E wallet,Male,3.0,3,Laptop & Accessory,4,Divorced,5,0,13.0,3.0,3.0,3.0,206.2,0,51.55,0.13
53212,0,1.0,Computer,3,10.0,Credit Card,Female,4.0,3,Laptop & Accessory,2,Married,3,1,21.0,2.0,2.0,5.0,171.47,1,57.156666666666666,1.0
53213,0,11.0,Phone,1,17.0,Debit Card,Male,4.0,3,Mobile Phone,2,Single,5,0,18.0,2.0,2.0,1.0,171.8,0,57.26666666666667,0.17
53214,0,24.0,Phone,1,35.0,Credit Card,Male,4.0,3,Mobile Phone,3,Divorced,3,1,12.0,4.0,4.0,9.0,157.21,0,31.442,0.16
53215,0,8.0,Phone,1,16.0,Credit Card,Female,3.0,5,Fashion,4,Single,3,0,15.0,5.0,8.0,3.0,211.21,0,23.46777777777778,0.89
53216,1,1.0,Phone,3,10.0,Debit Card,Female,4.0,4,Laptop & Accessory,3,Single,11,0,15.0,2.0,3.0,1.0,170.77,0,42.6925,1.5
53217,0,13.0,Phone,1,9.0,Cash on Delivery,Female,4.0,5,Laptop & Accessory,3,Single,3,0,12.0,3.0,12.0,11.0,170.53,0,13.117692307692307,0.86
53218,0,6.0,Phone,3,17.0,E wallet,Male,3.0,4,Laptop & Accessory,2,Single,3,0,13.0,1.0,2.0,9.0,178.96,0,59.653333333333336,0.29
53219,1,14.0,Computer,3,15.0,Cash on Delivery,Male,3.0,4,Laptop & Accessory,3,Divorced,5,1,15.0,2.0,2.0,4.0,192.96,0,64.32000000000001,0.13
53220,0,12.0,Phone,1,7.0,Debit Card,Female,3.0,3,Laptop & Accessory,2,Single,2,0,14.0,2.0,2.0,9.0,201.25,0,67.08333333333333,0.15
53221,0,1.0,Phone,1,7.0,Debit Card,Female,4.0,4,Fashion,5,Divorced,3,0,12.0,2.0,2.0,8.0,199.12,0,66.37333333333333,1.0
53222,0,6.0,Phone,1,10.0,Debit Card,Female,3.0,4,Fashion,2,Single,5,0,16.0,4.0,2.0,8.0,236.58999999999997,0,78.86333333333333,0.29
53223,0,21.0,Phone,3,21.0,E wallet,Male,3.0,4,Laptop & Accessory,5,Single,4,0,13.0,1.0,2.0,8.0,174.6,0,58.199999999999996,0.09
53224,0,14.0,Computer,3,12.0,Debit Card,Male,3.0,5,Fashion,5,Divorced,7,1,22.0,1.0,2.0,3.0,229.75,0,76.58333333333333,0.13
53225,0,27.0,Phone,1,14.0,Debit Card,Male,3.0,3,Grocery,3,Divorced,5,0,20.0,1.0,2.0,4.0,273.14,0,91.04666666666667,0.07
53226,0,15.0,Phone,2,17.0,UPI,Male,4.0,5,Others,2,Married,5,0,15.707921714818266,13.0,13.0,7.0,316.41,0,22.600714285714286,0.81
53227,0,31.0,Phone,3,23.0,E wallet,Male,3.0,4,Laptop & Accessory,5,Single,10,0,15.0,2.0,3.0,3.0,179.05,0,44.7625,0.09
53228,0,1.0,Computer,1,17.0,Debit Card,Male,3.0,4,Fashion,5,Married,3,0,22.0,2.0,2.0,3.0,212.93,0,70.97666666666667,1.0
53229,0,15.0,Phone,2,7.0,UPI,Male,3.0,5,Others,3,Divorced,3,0,15.707921714818266,3.0,3.0,11.0,316.89,0,79.2225,0.19
53230,0,24.0,Phone,3,15.0,E wallet,Male,3.0,4,Mobile Phone,4,Divorced,9,0,16.0,2.0,3.0,3.0,163.75,0,40.9375,0.12
53231,1,1.0,Phone,1,7.0,Debit Card,Female,4.0,6,Mobile Phone,4,Single,9,1,14.0,2.0,4.0,8.0,147.16,1,29.432,2.0
53232,0,10.0,Computer,1,15.0,Debit Card,Female,4.0,3,Fashion,5,Divorced,11,0,15.0,1.0,2.0,6.0,242.13,0,80.71,0.18
53233,0,12.0,Phone,1,7.0,Debit Card,Female,3.0,4,Fashion,3,Single,6,1,15.0,1.0,2.0,1.0,203.61,0,67.87,0.15
53234,0,18.0,Computer,1,31.0,Credit Card,Male,3.0,6,Mobile Phone,3,Single,4,0,15.0,1.0,2.0,5.0,162.08,0,54.02666666666667,0.11
53235,0,21.0,Computer,3,10.0,Credit Card,Female,3.0,4,Grocery,3,Married,11,1,13.0,1.0,12.0,14.0,262.7,0,20.207692307692305,0.55
53236,0,4.0,Phone,3,34.0,E wallet,Male,3.0,4,Laptop & Accessory,2,Married,9,0,24.0,5.0,8.0,8.0,178.04,0,19.78222222222222,1.6
53237,0,3.0,Phone,3,17.0,Debit Card,Male,3.0,4,Mobile Phone,3,Single,3,0,12.0,1.0,2.0,1.0,151.42,0,50.47333333333333,0.5
53238,1,6.0,Computer,1,26.0,Credit Card,Male,3.0,3,Mobile Phone,3,Married,8,1,13.0,3.0,3.0,3.0,152.59,0,38.1475,0.43
53239,0,17.0,Computer,3,22.0,Debit Card,Male,3.0,5,Laptop & Accessory,2,Divorced,5,0,19.0,1.0,3.0,3.0,193.04,0,48.26,0.17
53240,0,8.0,Phone,1,15.0,Credit Card,Female,4.0,4,Laptop & Accessory,3,Single,5,0,12.0,2.0,5.0,4.0,186.42,0,31.069999999999997,0.56
53241,0,1.0,Phone,1,16.0,Credit Card,Male,3.0,4,Mobile Phone,5,Divorced,3,0,15.0,1.0,2.0,3.0,150.0,0,50.0,1.0
53242,0,13.0,Phone,2,10.0,UPI,Female,3.0,3,Laptop & Accessory,4,Divorced,11,0,16.0,4.0,4.0,7.0,188.89,0,37.778,0.29
53243,0,30.0,Phone,1,16.0,Credit Card,Male,3.0,4,Grocery,2,Divorced,9,0,12.0,1.0,2.0,2.0,236.02999999999997,0,78.67666666666666,0.06
53244,0,14.0,Phone,1,9.0,Credit Card,Female,3.0,5,Mobile Phone,2,Single,2,1,21.0,3.0,3.0,4.0,148.42,0,37.105,0.2
53245,0,1.0,Phone,1,14.0,Credit Card,Female,3.0,5,Laptop & Accessory,5,Single,10,0,20.0,2.0,2.0,8.0,193.11,0,64.37,1.0
53246,0,3.0,Phone,3,17.0,E wallet,Male,3.0,4,Mobile Phone,4,Married,3,0,15.0,1.0,3.0,3.0,147.97,0,36.9925,0.75
53247,0,27.0,Phone,1,13.0,Debit Card,Male,3.0,4,Laptop & Accessory,2,Single,4,0,18.0,2.0,3.0,3.0,149.5,0,37.375,0.11
53248,0,9.0,Computer,1,9.0,Debit Card,Female,4.0,4,Laptop & Accessory,5,Married,4,0,12.0,1.0,2.0,1.0,175.93,0,58.64333333333334,0.2
53249,0,6.0,Computer,1,31.0,Debit Card,Male,4.0,4,Laptop & Accessory,2,Divorced,3,0,16.0,3.0,5.0,8.0,178.09,0,29.68166666666667,0.71
53250,0,12.0,Phone,1,9.0,Credit Card,Male,4.0,4,Mobile Phone,3,Divorced,8,1,14.0,1.0,2.0,2.0,155.57,0,51.85666666666666,0.15
53251,0,8.0,Phone,1,15.0,Debit Card,Female,3.0,4,Laptop & Accessory,5,Married,5,0,15.0,2.0,2.0,1.0,176.21,0,58.73666666666667,0.22
53252,0,26.0,Phone,3,10.0,E wallet,Male,3.0,5,Grocery,5,Divorced,3,0,15.707921714818266,2.0,2.0,17.0,293.56,0,97.85333333333334,0.07
53253,1,1.0,Phone,1,7.0,UPI,Male,4.0,4,Mobile Phone,2,Single,3,1,14.0,6.0,8.0,9.0,151.86,1,16.873333333333335,4.0
53254,0,1.0,Phone,3,33.0,Credit Card,Female,3.0,4,Laptop & Accessory,2,Single,3,0,24.0,1.0,2.0,5.0,186.8,0,62.26666666666667,1.0
53255,0,19.0,Phone,3,9.0,Cash on Delivery,Male,3.0,6,Laptop & Accessory,3,Single,2,0,14.0,1.0,4.0,2.0,191.32,0,38.263999999999996,0.2
53256,0,1.0,Phone,1,17.0,Credit Card,Male,4.0,3,Mobile Phone,3,Single,3,0,19.0,2.0,2.0,3.0,160.05,0,53.35,1.0
53257,1,11.0,Computer,3,34.0,Debit Card,Female,4.0,2,Laptop & Accessory,3,Single,6,1,13.0,2.0,2.0,4.0,188.97,0,62.99,0.17
53258,0,8.0,Phone,3,9.0,UPI,Male,3.0,4,Laptop & Accessory,2,Single,3,0,23.0,1.0,2.0,5.0,187.74,0,62.580000000000005,0.22
53259,1,19.0,Phone,1,9.0,Credit Card,Male,4.0,4,Others,5,Divorced,7,1,14.0,2.0,2.0,5.0,323.59,0,107.86333333333333,0.1
53260,0,10.0,Computer,3,15.0,Debit Card,Male,4.0,5,Fashion,5,Single,3,0,16.0,1.0,2.0,10.0,200.87,0,66.95666666666666,0.18
53261,0,26.0,Computer,1,26.0,Credit Card,Male,3.0,4,Mobile Phone,2,Divorced,2,0,19.0,2.0,2.0,3.0,167.58,0,55.86000000000001,0.07
53262,0,1.0,Computer,1,7.0,Debit Card,Female,4.0,6,Mobile Phone,2,Married,5,0,15.0,3.0,3.0,1.0,168.64,0,42.16,1.5
53263,0,3.0,Phone,1,34.0,Credit Card,Female,4.0,4,Laptop & Accessory,3,Divorced,6,0,13.0,2.0,2.0,2.0,168.35,0,56.11666666666667,0.5
53264,1,1.0,Phone,3,15.0,Cash on Delivery,Male,3.0,5,Laptop & Accessory,5,Single,8,0,18.0,2.0,2.0,3.0,178.26,0,59.419999999999995,1.0
53265,0,8.0,Phone,1,7.0,Debit Card,Female,4.0,2,Mobile Phone,2,Single,4,0,17.0,1.0,2.0,4.0,157.8,0,52.6,0.22
53266,0,28.0,Phone,1,26.0,Credit Card,Female,4.0,4,Laptop & Accessory,5,Married,11,1,12.0,1.0,2.0,5.0,179.85,0,59.949999999999996,0.07
53267,0,3.0,Computer,3,6.0,E wallet,Male,3.0,4,Laptop & Accessory,2,Divorced,2,0,20.0,1.0,2.0,2.0,168.42,0,56.13999999999999,0.5
53268,0,11.0,Phone,1,17.0,Debit Card,Female,3.0,4,Mobile Phone,5,Married,2,1,14.0,4.0,5.0,4.0,152.82,0,25.47,0.42
53269,0,12.0,Computer,1,9.0,Debit Card,Female,4.0,2,Laptop & Accessory,5,Single,8,1,13.0,5.0,5.0,13.0,184.8,0,30.8,0.38
53270,0,8.0,Phone,1,9.0,Credit Card,Female,3.0,5,Mobile Phone,5,Single,3,0,12.0,2.0,2.0,4.0,168.81,0,56.27,0.22
53271,0,9.0,Phone,3,15.0,Debit Card,Female,4.0,4,Mobile Phone,2,Divorced,3,0,17.0,1.0,2.0,3.0,150.72,0,50.24,0.2
53272,0,4.0,Phone,1,7.0,Debit Card,Male,3.0,6,Mobile Phone,3,Divorced,5,0,22.0,2.0,2.0,3.0,163.33,0,54.443333333333335,0.4
53273,0,14.0,Computer,1,9.0,Credit Card,Female,3.0,2,Laptop & Accessory,4,Divorced,3,0,25.0,1.0,4.0,8.0,167.44,0,33.488,0.27
53274,0,8.0,Phone,3,15.0,Debit Card,Female,4.0,4,Laptop & Accessory,5,Divorced,7,0,18.0,2.0,2.0,3.0,190.0,0,63.333333333333336,0.22
53275,0,16.0,Computer,1,15.0,Debit Card,Male,4.0,4,Others,2,Married,3,0,15.707921714818266,1.0,15.0,10.0,309.3,0,19.33125,0.88
53276,1,1.0,Phone,1,13.0,Debit Card,Male,4.0,2,Mobile Phone,5,Divorced,3,1,22.0,2.0,2.0,1.0,141.01,1,47.00333333333333,1.0
53277,0,1.0,Computer,1,16.0,Debit Card,Male,3.0,5,Mobile Phone,4,Married,3,0,12.0,2.0,2.0,1.0,151.94,0,50.64666666666667,1.0
53278,0,26.0,Phone,1,18.0,Debit Card,Female,3.0,4,Laptop & Accessory,3,Divorced,10,0,21.0,2.0,2.0,5.0,156.49,0,52.163333333333334,0.07
53279,0,24.0,Phone,1,9.0,Credit Card,Male,4.0,4,Grocery,3,Divorced,7,0,15.707921714818266,1.0,2.0,4.0,301.39,0,100.46333333333332,0.08
53280,1,1.0,Phone,1,7.0,Debit Card,Female,3.0,5,Mobile Phone,5,Divorced,3,1,12.0,1.0,2.0,1.0,148.19,1,49.39666666666667,1.0
53281,0,7.0,Phone,1,14.0,Credit Card,Male,3.0,4,Fashion,3,Divorced,2,0,12.0,1.0,2.0,8.0,241.91000000000003,0,80.63666666666667,0.25
53282,1,1.0,Phone,3,23.0,E wallet,Female,4.0,4,Laptop & Accessory,5,Single,7,0,16.0,2.0,2.0,3.0,178.24,0,59.413333333333334,1.0
53283,0,21.0,Phone,1,9.0,UPI,Female,3.0,4,Grocery,2,Divorced,3,1,15.707921714818266,4.0,4.0,1.0,292.52,0,58.504,0.18
53284,0,10.0,Phone,1,7.0,UPI,Female,3.0,4,Laptop & Accessory,4,Divorced,2,0,16.0,1.0,2.0,6.0,177.28,0,59.093333333333334,0.18
53285,0,3.0,Phone,1,30.0,Debit Card,Male,3.0,2,Mobile Phone,3,Divorced,3,0,25.0,2.0,2.0,8.0,152.0,0,50.666666666666664,0.5
53286,1,21.0,Phone,1,9.0,Debit Card,Male,3.0,4,Others,4,Single,9,1,15.707921714818266,6.0,14.0,9.0,317.46,0,21.163999999999998,0.64
53287,0,9.0,Phone,1,7.0,Debit Card,Female,3.0,2,Mobile Phone,3,Single,5,0,14.0,1.0,3.0,3.0,150.06,0,37.515,0.3
53288,0,16.0,Phone,1,7.0,Debit Card,Female,3.0,5,Laptop & Accessory,2,Divorced,11,1,14.0,1.0,2.0,3.0,185.62,0,61.873333333333335,0.12
53289,1,1.0,Phone,1,9.0,Credit Card,Male,3.0,4,Mobile Phone,3,Single,8,0,18.0,1.0,3.0,2.0,168.82,0,42.205,1.5
53290,0,10.0,Phone,2,20.0,UPI,Male,3.0,4,Mobile Phone,4,Divorced,5,0,14.0,2.0,2.0,5.0,146.43,0,48.81,0.18
53291,0,6.0,Phone,1,11.0,Debit Card,Female,4.0,5,Laptop & Accessory,3,Divorced,3,0,13.0,2.0,7.0,9.0,186.62,0,23.3275,1.0
53292,0,14.0,Computer,1,23.0,Credit Card,Male,3.0,5,Laptop & Accessory,3,Single,8,0,15.0,2.0,2.0,1.0,175.94,0,58.64666666666667,0.13
53293,0,4.0,Phone,1,9.0,Credit Card,Female,3.0,5,Laptop & Accessory,2,Single,7,1,25.0,2.0,2.0,1.0,193.77,0,64.59,0.4
53294,0,19.0,Phone,1,9.0,Debit Card,Female,4.0,5,Mobile Phone,3,Single,3,0,15.0,2.0,2.0,1.0,147.74,0,49.24666666666667,0.1
53295,0,16.0,Phone,1,36.0,Debit Card,Male,4.0,4,Laptop & Accessory,4,Divorced,3,0,14.0,3.0,8.0,9.0,169.34,0,18.815555555555555,0.47
53296,0,12.0,Computer,1,19.0,Debit Card,Male,3.0,5,Laptop & Accessory,5,Married,4,0,16.0,2.0,2.0,3.0,187.88,0,62.626666666666665,0.15
53297,0,8.0,Computer,1,23.0,Debit Card,Female,4.0,5,Mobile Phone,2,Single,3,0,17.0,2.0,2.0,4.0,150.53,0,50.17666666666667,0.22
53298,1,13.0,Phone,3,18.0,E wallet,Female,3.0,4,Fashion,2,Divorced,3,0,19.0,1.0,8.0,8.0,201.54,0,22.39333333333333,0.57
53299,1,19.0,Phone,3,9.0,Credit Card,Male,3.0,4,Laptop & Accessory,2,Single,6,0,17.0,1.0,8.0,4.0,176.6,0,19.62222222222222,0.4
53300,0,17.0,Phone,1,21.0,Debit Card,Male,4.0,4,Grocery,5,Divorced,8,0,15.707921714818266,2.0,2.0,1.0,296.59,0,98.86333333333333,0.11
53301,0,1.0,Phone,1,12.0,Cash on Delivery,Male,3.0,5,Fashion,2,Married,3,1,17.0,1.0,2.0,9.0,253.07999999999998,1,84.36,1.0
53302,0,9.0,Phone,1,14.0,UPI,Male,3.0,4,Fashion,3,Single,5,0,22.0,1.0,2.0,3.0,227.21,0,75.73666666666666,0.2
53303,0,2.0,Phone,3,9.0,E wallet,Female,3.0,4,Laptop & Accessory,4,Divorced,3,1,21.0,8.0,8.0,6.0,172.79,1,19.198888888888888,2.67
53304,0,8.0,Phone,2,10.0,UPI,Male,3.0,4,Mobile Phone,2,Divorced,2,0,20.0,2.0,2.0,3.0,162.37,0,54.123333333333335,0.22
53305,1,1.0,Computer,1,12.0,Credit Card,Female,3.0,5,Mobile Phone,3,Divorced,3,1,15.0,1.0,2.0,8.0,148.66,1,49.553333333333335,1.0
53306,0,1.0,Computer,1,10.0,Credit Card,Male,3.0,4,Mobile Phone,2,Divorced,3,0,12.0,2.0,2.0,1.0,142.06,0,47.35333333333333,1.0
53307,0,25.0,Phone,3,33.0,E wallet,Female,4.0,4,Grocery,3,Divorced,4,0,15.0,1.0,5.0,18.0,288.07,0,48.01166666666666,0.19
53308,0,18.0,Phone,1,11.0,Credit Card,Male,3.0,4,Laptop & Accessory,4,Single,11,0,13.0,2.0,3.0,4.0,184.33,0,46.0825,0.16
53309,0,1.0,Phone,1,9.0,Credit Card,Male,4.0,2,Mobile Phone,5,Single,9,0,14.0,2.0,2.0,2.0,159.24,0,53.080000000000005,1.0
53310,0,7.0,Phone,3,7.0,Credit Card,Male,3.0,2,Laptop & Accessory,5,Married,3,0,23.0,1.0,2.0,9.0,165.37,0,55.123333333333335,0.25
53311,0,9.0,Phone,1,34.0,Credit Card,Female,3.0,5,Mobile Phone,5,Single,3,0,12.0,2.0,2.0,2.0,150.59,0,50.196666666666665,0.2
53312,0,10.0,Phone,3,7.0,Debit Card,Male,3.0,4,Laptop & Accessory,2,Divorced,3,1,15.0,3.0,5.0,12.0,187.01,0,31.168333333333333,0.45
53313,0,6.0,Phone,3,20.0,Debit Card,Male,4.0,4,Laptop & Accessory,2,Married,4,0,12.0,1.0,2.0,4.0,169.03,0,56.343333333333334,0.29
53314,0,4.0,Computer,1,12.0,Debit Card,Male,4.0,5,Mobile Phone,2,Married,11,0,13.0,1.0,2.0,4.0,162.61,0,54.20333333333334,0.4
53315,0,27.0,Phone,3,14.0,E wallet,Female,4.0,5,Fashion,2,Divorced,9,1,19.0,1.0,2.0,5.0,234.33999999999997,0,78.11333333333333,0.07
53316,0,19.0,Phone,3,16.0,E wallet,Male,4.0,4,Fashion,5,Married,6,1,13.0,2.0,2.0,3.0,232.61,0,77.53666666666668,0.1
53317,0,6.0,Phone,1,15.0,Credit Card,Female,4.0,2,Laptop & Accessory,3,Divorced,7,0,13.0,2.0,2.0,4.0,176.75,0,58.916666666666664,0.29
53318,0,26.0,Computer,1,32.0,Credit Card,Female,3.0,5,Grocery,2,Divorced,5,0,23.0,1.0,2.0,1.0,263.26,0,87.75333333333333,0.07
53319,0,11.0,Phone,3,23.0,E wallet,Male,4.0,5,Laptop & Accessory,3,Married,6,0,20.0,2.0,2.0,1.0,188.34,0,62.78,0.17
53320,0,2.0,Phone,2,15.0,Credit Card,Male,4.0,5,Mobile Phone,2,Married,3,0,14.0,1.0,2.0,5.0,174.36,0,58.120000000000005,0.67
53321,0,1.0,Phone,1,7.0,Debit Card,Male,3.0,5,Laptop & Accessory,2,Divorced,8,0,23.0,3.0,3.0,3.0,172.75,0,43.1875,1.5
53322,0,18.0,Phone,1,15.0,Debit Card,Male,4.0,2,Mobile Phone,2,Divorced,4,1,25.0,2.0,2.0,3.0,153.18,0,51.06,0.11
53323,0,16.0,Computer,1,9.0,Credit Card,Male,3.0,4,Mobile Phone,2,Single,7,1,15.0,1.0,3.0,3.0,150.15,0,37.5375,0.18
53324,0,10.0,Phone,2,15.0,Debit Card,Male,4.0,5,Mobile Phone,5,Divorced,2,0,22.0,2.0,2.0,4.0,148.42,0,49.47333333333333,0.18
53325,0,1.0,Phone,3,10.0,UPI,Male,4.0,4,Laptop & Accessory,5,Divorced,3,1,19.0,2.0,2.0,4.0,166.94,1,55.64666666666667,1.0
53326,0,9.0,Phone,1,16.0,Debit Card,Female,4.0,5,Fashion,3,Divorced,3,1,21.0,3.0,2.0,16.0,231.85000000000002,0,77.28333333333335,0.2
53327,1,1.0,Computer,1,32.0,Debit Card,Female,4.0,4,Mobile Phone,4,Married,3,1,20.0,1.0,8.0,9.0,145.22,1,16.135555555555555,4.0
53328,0,6.0,Computer,1,7.0,Debit Card,Male,4.0,4,Mobile Phone,2,Married,2,0,13.0,1.0,2.0,3.0,148.14,0,49.379999999999995,0.29
53329,0,1.0,Phone,3,11.0,E wallet,Male,3.0,5,Laptop & Accessory,5,Divorced,3,0,13.0,2.0,2.0,4.0,167.56,0,55.85333333333333,1.0
53330,0,23.0,Phone,1,7.0,Cash on Delivery,Female,3.0,4,Mobile Phone,5,Divorced,4,0,17.0,2.0,2.0,3.0,160.8,0,53.6,0.08
53331,0,1.0,Computer,1,11.0,Debit Card,Male,3.0,5,Mobile Phone,2,Divorced,2,0,18.0,1.0,4.0,5.0,156.62,0,31.324,2.0
53332,0,6.0,Computer,3,12.0,Debit Card,Male,3.0,4,Laptop & Accessory,4,Divorced,3,0,15.0,3.0,6.0,4.0,190.24,0,27.177142857142858,0.86
53333,0,12.0,Phone,3,16.0,E wallet,Male,4.0,5,Mobile Phone,4,Divorced,2,0,20.0,1.0,2.0,3.0,153.99,0,51.330000000000005,0.15
53334,0,16.0,Phone,1,10.0,Debit Card,Female,4.0,2,Laptop & Accessory,2,Divorced,4,1,14.0,1.0,2.0,4.0,177.31,0,59.10333333333333,0.12
53335,0,5.0,Phone,1,18.0,Debit Card,Male,3.0,4,Mobile Phone,2,Divorced,5,1,20.0,2.0,2.0,3.0,148.56,0,49.52,0.33
53336,1,1.0,Phone,3,7.0,Credit Card,Female,3.0,5,Mobile Phone,3,Married,8,1,20.0,1.0,2.0,3.0,153.0,1,51.0,1.0
53337,0,27.0,Phone,3,15.0,E wallet,Male,4.0,4,Grocery,2,Divorced,7,0,15.0,1.0,2.0,3.0,243.36,0,81.12,0.07
53338,0,9.0,Phone,1,32.0,Cash on Delivery,Male,4.0,5,Fashion,4,Divorced,5,0,17.0,4.0,2.0,9.0,234.02999999999997,0,78.00999999999999,0.2
53339,0,11.0,Computer,3,28.0,Credit Card,Female,3.0,4,Mobile Phone,2,Divorced,7,0,16.0,2.0,2.0,1.0,154.73,0,51.57666666666666,0.17
53340,0,27.0,Phone,1,30.0,Debit Card,Female,4.0,4,Grocery,2,Single,8,0,19.0,1.0,4.0,9.0,267.75,0,53.55,0.14
53341,0,17.0,Computer,1,7.0,Debit Card,Female,3.0,4,Laptop & Accessory,2,Divorced,6,0,14.0,2.0,3.0,3.0,180.62,0,45.155,0.17
53342,0,21.0,Phone,3,9.0,E wallet,Female,3.0,4,Laptop & Accessory,2,Divorced,2,1,23.0,6.0,8.0,8.0,170.37,0,18.93,0.36
53343,0,11.0,Computer,3,26.0,Credit Card,Male,3.0,4,Fashion,4,Single,3,1,14.0,1.0,2.0,10.0,201.42,0,67.14,0.17
53344,0,24.0,Computer,1,9.0,Debit Card,Male,4.0,4,Grocery,5,Married,3,0,15.707921714818266,14.0,15.0,8.0,304.24,0,19.015,0.6
53345,0,13.0,Phone,2,9.0,Debit Card,Female,3.0,5,Laptop & Accessory,2,Divorced,10,0,12.0,1.0,2.0,5.0,177.04,0,59.01333333333333,0.14
53346,0,7.0,Phone,2,10.0,UPI,Male,3.0,4,Mobile Phone,4,Married,5,1,12.0,1.0,2.0,4.0,147.77,0,49.25666666666667,0.25
53347,1,1.0,Phone,1,32.0,Debit Card,Male,3.0,4,Mobile Phone,2,Single,3,1,25.0,2.0,2.0,2.0,152.95,1,50.98333333333333,1.0
53348,0,3.0,Phone,1,14.0,Credit Card,Female,4.0,5,Mobile Phone,2,Married,8,0,15.0,2.0,2.0,4.0,150.32,0,50.10666666666666,0.5
53349,0,18.0,Phone,1,16.0,Debit Card,Male,4.0,4,Mobile Phone,5,Divorced,3,1,14.0,3.0,8.0,2.0,150.59,0,16.732222222222223,0.42
53350,0,2.0,Phone,3,12.0,Credit Card,Male,4.0,4,Laptop & Accessory,2,Single,3,0,15.0,2.0,2.0,3.0,174.08,0,58.02666666666667,0.67
53351,1,21.0,Computer,1,9.0,Debit Card,Male,3.0,5,Mobile Phone,2,Married,11,1,15.0,1.0,2.0,1.0,148.8,0,49.6,0.09
53352,0,17.0,Phone,1,15.0,Debit Card,Female,3.0,4,Laptop & Accessory,4,Married,6,0,22.0,2.0,2.0,1.0,172.65,0,57.550000000000004,0.11
53353,1,1.0,Phone,3,9.0,Credit Card,Female,3.0,5,Mobile Phone,3,Single,3,0,14.0,1.0,2.0,3.0,145.44,0,48.48,1.0
53354,1,1.0,Phone,1,25.0,UPI,Female,4.0,4,Mobile Phone,2,Single,3,0,20.0,2.0,2.0,1.0,151.93,0,50.64333333333334,1.0
53355,0,10.0,Phone,1,21.0,Debit Card,Male,4.0,4,Laptop & Accessory,2,Divorced,2,1,18.0,5.0,5.0,12.0,190.86,0,31.810000000000002,0.45
53356,0,21.0,Phone,3,9.0,Debit Card,Female,4.0,5,Mobile Phone,2,Single,3,1,19.0,2.0,2.0,3.0,157.94,0,52.64666666666667,0.09
53357,1,1.0,Phone,1,10.0,Debit Card,Female,3.0,4,Laptop & Accessory,3,Divorced,2,1,20.0,2.0,2.0,3.0,166.71,1,55.57,1.0
53358,1,5.0,Phone,1,9.0,Debit Card,Female,3.0,6,Mobile Phone,2,Married,6,1,14.0,1.0,2.0,1.0,152.78,0,50.92666666666667,0.33
53359,0,2.0,Phone,1,16.0,Credit Card,Female,4.0,4,Mobile Phone,3,Married,7,0,19.0,3.0,3.0,3.0,148.77,0,37.1925,1.0
53360,1,3.0,Phone,1,13.0,Credit Card,Male,4.0,4,Mobile Phone,5,Divorced,9,1,22.0,2.0,3.0,3.0,149.04,1,37.26,0.75
53361,0,1.0,Phone,1,11.0,Debit Card,Female,4.0,4,Mobile Phone,3,Single,3,0,20.0,2.0,2.0,1.0,148.18,0,49.39333333333334,1.0
53362,0,8.0,Phone,1,17.0,Debit Card,Male,3.0,4,Mobile Phone,4,Married,3,0,15.0,2.0,2.0,1.0,145.08,0,48.36000000000001,0.22
53363,0,16.0,Phone,3,21.0,Credit Card,Female,4.0,5,Laptop & Accessory,3,Single,9,0,18.0,1.0,2.0,4.0,187.44,0,62.48,0.12
53364,0,7.0,Phone,1,7.0,UPI,Male,4.0,5,Mobile Phone,5,Single,5,1,12.0,1.0,2.0,3.0,152.99,0,50.99666666666667,0.25
53365,0,31.0,Phone,1,12.0,Cash on Delivery,Female,3.0,5,Fashion,4,Married,4,1,14.0,2.0,2.0,3.0,230.52,0,76.84,0.06
53366,0,5.0,Phone,3,14.0,Debit Card,Male,3.0,5,Mobile Phone,3,Divorced,5,0,16.0,4.0,6.0,3.0,148.29,0,21.184285714285714,1.0
53367,0,9.0,Phone,1,28.0,Debit Card,Female,3.0,4,Laptop & Accessory,2,Divorced,3,1,26.0,1.0,2.0,8.0,165.14,0,55.04666666666666,0.2
53368,0,23.0,Phone,1,15.0,UPI,Female,3.0,4,Fashion,4,Divorced,6,0,12.0,1.0,2.0,8.0,199.03,0,66.34333333333333,0.08
53369,0,22.0,Phone,1,27.0,Credit Card,Male,3.0,4,Mobile Phone,3,Divorced,6,0,18.0,1.0,2.0,1.0,147.59,0,49.196666666666665,0.09
53370,0,5.0,Computer,3,27.0,E wallet,Female,3.0,4,Laptop & Accessory,3,Divorced,3,0,14.0,2.0,2.0,1.0,194.32,0,64.77333333333333,0.33
53371,0,10.0,Phone,1,14.0,UPI,Male,4.0,4,Mobile Phone,2,Single,4,0,19.0,1.0,2.0,2.0,171.78,0,57.26,0.18
53372,0,12.0,Phone,1,7.0,Cash on Delivery,Female,4.0,4,Fashion,5,Divorced,3,0,14.0,4.0,6.0,12.0,260.82,0,37.26,0.46
53373,0,6.0,Computer,1,7.0,Debit Card,Female,4.0,5,Mobile Phone,4,Divorced,8,0,21.0,2.0,2.0,3.0,148.32,0,49.44,0.29
53374,1,1.0,Phone,3,26.0,E wallet,Male,3.0,5,Mobile Phone,4,Divorced,3,1,19.0,1.0,2.0,1.0,149.13,1,49.71,1.0
53375,0,14.0,Phone,3,17.0,E wallet,Male,4.0,5,Fashion,4,Married,4,0,13.0,2.0,2.0,3.0,222.05,0,74.01666666666667,0.13
53376,0,1.0,Computer,3,7.0,Credit Card,Male,3.0,5,Laptop & Accessory,5,Single,3,0,13.0,2.0,2.0,8.0,167.94,0,55.98,1.0
53377,0,15.0,Phone,1,13.0,Credit Card,Male,3.0,4,Mobile Phone,5,Single,4,1,14.0,2.0,3.0,18.0,172.21,0,43.0525,0.19
53378,0,10.0,Phone,1,9.0,Credit Card,Male,4.0,4,Mobile Phone,3,Single,6,0,22.0,3.0,4.0,10.0,150.19,0,30.038,0.36
53379,1,1.0,Phone,3,28.0,UPI,Male,3.0,5,Mobile Phone,4,Single,3,1,14.0,1.0,2.0,1.0,146.21,1,48.73666666666667,1.0
53380,1,1.0,Phone,1,11.0,Cash on Delivery,Male,3.0,4,Mobile Phone,5,Single,3,0,20.0,2.0,2.0,1.0,154.73,0,51.57666666666666,1.0
53381,0,5.0,Phone,1,19.0,Credit Card,Female,3.0,4,Laptop & Accessory,2,Divorced,2,1,12.0,1.0,9.0,6.0,183.55,0,18.355,1.5
53382,0,14.0,Computer,1,16.0,Credit Card,Male,3.0,4,Mobile Phone,4,Married,10,1,15.0,1.0,2.0,1.0,161.17,0,53.72333333333333,0.13
53383,0,6.0,Phone,1,10.0,Credit Card,Female,4.0,4,Laptop & Accessory,5,Divorced,3,0,13.0,7.0,7.0,4.0,192.25,0,24.03125,1.0
53384,1,1.0,Phone,3,10.0,Debit Card,Male,3.0,5,Fashion,2,Divorced,3,1,12.0,4.0,4.0,3.0,228.25,1,45.65,2.0
53385,0,7.0,Phone,1,7.0,Debit Card,Female,3.0,5,Laptop & Accessory,2,Single,2,0,15.0,1.0,2.0,5.0,194.49,0,64.83,0.25
53386,1,1.0,Phone,3,7.0,Debit Card,Male,3.0,5,Fashion,3,Divorced,7,0,12.0,2.0,12.0,3.0,231.08999999999997,0,17.776153846153843,6.0
53387,0,19.0,Computer,1,11.0,Debit Card,Male,3.0,4,Laptop & Accessory,4,Divorced,3,0,13.0,2.0,2.0,9.0,169.47,0,56.49,0.1
53388,0,3.0,Computer,3,27.0,Cash on Delivery,Female,3.0,4,Mobile Phone,2,Divorced,3,0,16.0,1.0,2.0,3.0,146.57,0,48.85666666666666,0.5
53389,0,9.0,Phone,3,25.0,Credit Card,Female,3.0,4,Laptop & Accessory,3,Divorced,3,0,17.0,2.0,2.0,1.0,171.01,0,57.00333333333333,0.2
53390,0,26.0,Phone,1,7.0,Debit Card,Male,4.0,4,Grocery,2,Divorced,4,0,15.707921714818266,8.0,8.0,9.0,295.99,0,32.88777777777778,0.3
53391,1,21.0,Phone,1,9.0,Cash on Delivery,Male,3.0,4,Mobile Phone,3,Single,6,0,25.0,2.0,2.0,1.0,149.79,0,49.93,0.09
53392,0,27.0,Phone,3,9.0,Credit Card,Male,3.0,4,Grocery,3,Married,8,0,14.0,1.0,16.0,3.0,273.52,0,16.089411764705883,0.57
53393,0,4.0,Phone,3,15.0,UPI,Male,4.0,4,Fashion,3,Married,7,0,12.0,5.0,8.0,8.0,197.64,0,21.959999999999997,1.6
53394,0,12.0,Computer,3,17.0,Cash on Delivery,Female,3.0,4,Laptop & Accessory,2,Single,3,1,14.0,1.0,2.0,4.0,181.66,0,60.553333333333335,0.15
53395,0,9.0,Phone,3,10.0,Debit Card,Male,4.0,4,Fashion,2,Married,8,0,14.0,1.0,2.0,9.0,203.23,0,67.74333333333333,0.2
53396,0,13.0,Phone,3,9.0,Debit Card,Male,3.0,2,Fashion,3,Single,2,0,19.0,2.0,2.0,8.0,203.8,0,67.93333333333334,0.14
53397,1,4.0,Computer,3,31.0,Debit Card,Female,4.0,2,Grocery,4,Single,6,1,17.0,2.0,2.0,1.0,256.94,0,85.64666666666666,0.4
53398,0,21.0,Computer,1,23.0,Credit Card,Male,4.0,2,Laptop & Accessory,3,Married,3,1,20.0,1.0,3.0,8.0,175.67,0,43.9175,0.14
53399,0,10.0,Computer,3,15.0,Cash on Delivery,Male,3.0,4,Laptop & Accessory,2,Married,6,0,14.0,2.0,2.0,8.0,175.79,0,58.596666666666664,0.18
53400,1,1.0,Computer,1,16.0,Credit Card,Male,3.0,5,Mobile Phone,5,Single,2,1,23.0,2.0,2.0,3.0,148.21,1,49.403333333333336,1.0
53401,0,7.0,Computer,3,24.0,Debit Card,Male,3.0,4,Grocery,3,Single,3,0,15.707921714818266,6.0,7.0,1.0,299.44,0,37.43,0.88
53402,1,1.0,Phone,1,17.0,Debit Card,Female,4.0,5,Mobile Phone,5,Single,8,1,21.0,2.0,2.0,1.0,149.04,1,49.68,1.0
53403,0,7.0,Phone,1,20.0,Debit Card,Female,3.0,4,Mobile Phone,2,Single,5,0,19.0,2.0,2.0,3.0,159.52,0,53.17333333333334,0.25
53404,0,19.0,Phone,1,7.0,Credit Card,Female,4.0,4,Mobile Phone,2,Married,5,0,15.0,1.0,2.0,3.0,147.7,0,49.23333333333333,0.1
53405,0,24.0,Phone,1,7.0,Credit Card,Male,4.0,4,Grocery,2,Married,11,0,15.707921714818266,1.0,2.0,4.0,298.99,0,99.66333333333334,0.08
53406,0,7.0,Computer,1,7.0,UPI,Female,3.0,2,Laptop & Accessory,4,Divorced,3,1,14.0,1.0,2.0,3.0,179.88,0,59.96,0.25
53407,0,15.0,Computer,1,16.0,Credit Card,Male,4.0,4,Others,3,Married,4,0,15.707921714818266,2.0,2.0,12.0,319.19,0,106.39666666666666,0.12
53408,0,1.0,Phone,1,23.0,Cash on Delivery,Female,3.0,4,Mobile Phone,4,Divorced,11,0,15.0,3.0,3.0,3.0,153.11,0,38.2775,1.5
53409,0,19.0,Computer,1,30.0,Debit Card,Male,3.0,4,Laptop & Accessory,5,Divorced,3,1,16.0,2.0,2.0,9.0,161.33,0,53.77666666666667,0.1
53410,0,21.0,Phone,3,11.0,Debit Card,Female,3.0,4,Laptop & Accessory,2,Single,3,1,18.0,2.0,2.0,8.0,166.63,0,55.54333333333333,0.09
53411,1,1.0,Phone,1,29.0,Debit Card,Female,3.0,4,Mobile Phone,3,Divorced,6,1,12.0,1.0,2.0,2.0,146.32,1,48.77333333333333,1.0
53412,0,24.0,Phone,1,31.0,Debit Card,Male,4.0,4,Grocery,3,Divorced,5,1,19.0,1.0,2.0,6.0,264.73,0,88.24333333333334,0.08
53413,0,12.0,Computer,1,17.0,Credit Card,Male,4.0,4,Mobile Phone,3,Divorced,2,0,18.0,1.0,2.0,3.0,151.84,0,50.61333333333334,0.15
53414,0,20.0,Phone,1,14.0,Credit Card,Male,4.0,4,Fashion,3,Married,8,0,14.0,1.0,2.0,8.0,233.45,0,77.81666666666666,0.1
53415,0,1.0,Phone,1,24.0,Credit Card,Female,3.0,5,Laptop & Accessory,3,Married,3,0,16.0,3.0,4.0,3.0,168.77,0,33.754000000000005,2.0
53416,1,1.0,Phone,1,21.0,UPI,Male,3.0,5,Mobile Phone,4,Married,3,1,25.0,2.0,2.0,3.0,162.43,1,54.14333333333334,1.0
53417,0,5.0,Computer,1,7.0,Debit Card,Female,4.0,4,Laptop & Accessory,5,Divorced,3,0,13.0,2.0,2.0,4.0,166.48,0,55.49333333333333,0.33
53418,0,1.0,Computer,1,12.0,Debit Card,Male,4.0,4,Mobile Phone,2,Single,3,0,16.0,2.0,2.0,1.0,135.51,0,45.169999999999995,1.0
53419,0,28.0,Phone,1,24.0,Cash on Delivery,Female,3.0,4,Fashion,3,Divorced,10,0,12.0,2.0,2.0,9.0,232.39,0,77.46333333333332,0.07
53420,0,9.0,Phone,1,32.0,Credit Card,Female,3.0,4,Fashion,3,Married,3,1,12.0,3.0,11.0,3.0,228.88,0,19.073333333333334,1.1
53421,0,4.0,Phone,1,15.0,Debit Card,Female,4.0,2,Fashion,5,Divorced,2,1,13.0,1.0,2.0,8.0,239.16000000000003,0,79.72000000000001,0.4
53422,1,1.0,Phone,1,18.0,Credit Card,Female,4.0,5,Mobile Phone,5,Single,3,1,16.0,1.0,2.0,1.0,151.0,1,50.333333333333336,1.0
53423,1,1.0,Computer,1,12.0,Credit Card,Female,3.0,4,Mobile Phone,4,Single,2,0,18.0,1.0,2.0,3.0,149.22,0,49.74,1.0
53424,0,1.0,Phone,1,9.0,Credit Card,Male,3.0,2,Laptop & Accessory,2,Divorced,3,0,13.0,2.0,2.0,4.0,179.72,0,59.906666666666666,1.0
53425,0,1.0,Phone,1,15.0,Debit Card,Male,4.0,6,Mobile Phone,5,Divorced,3,0,16.0,2.0,2.0,2.0,149.51,0,49.836666666666666,1.0
53426,0,22.0,Phone,1,13.0,Debit Card,Male,4.0,5,Laptop & Accessory,3,Single,4,0,14.0,1.0,3.0,3.0,167.4,0,41.85,0.13
53427,0,22.0,Phone,1,11.0,Debit Card,Male,4.0,5,Fashion,3,Single,9,0,15.0,2.0,2.0,9.0,234.99,0,78.33,0.09
53428,0,15.0,Phone,1,14.0,Credit Card,Female,3.0,4,Laptop & Accessory,3,Single,8,0,15.0,2.0,3.0,2.0,175.03,0,43.7575,0.19
53429,0,13.0,Phone,1,7.0,Debit Card,Female,4.0,5,Grocery,2,Divorced,3,0,17.0,1.0,2.0,9.0,252.42000000000002,0,84.14,0.14
53430,0,1.0,Phone,1,9.0,Debit Card,Female,3.0,4,Laptop & Accessory,2,Divorced,2,0,19.0,1.0,3.0,3.0,167.27,0,41.8175,1.5
53431,0,9.0,Phone,1,17.0,UPI,Male,3.0,4,Mobile Phone,2,Married,3,0,21.0,2.0,2.0,3.0,164.17,0,54.72333333333333,0.2
53432,0,16.0,Phone,3,12.0,E wallet,Male,3.0,4,Others,3,Divorced,8,0,15.707921714818266,1.0,2.0,1.0,308.03,0,102.67666666666666,0.12
53433,0,24.0,Phone,1,16.0,Debit Card,Male,4.0,4,Mobile Phone,2,Divorced,6,0,19.0,2.0,2.0,1.0,148.8,0,49.6,0.08
53434,0,31.0,Phone,1,9.0,Debit Card,Female,4.0,5,Grocery,2,Single,5,1,14.0,1.0,5.0,4.0,262.26,0,43.71,0.16
53435,1,1.0,Phone,1,18.0,Credit Card,Female,4.0,6,Laptop & Accessory,4,Divorced,7,0,16.0,2.0,2.0,1.0,172.77,0,57.59,1.0
53436,0,29.0,Computer,1,25.0,Credit Card,Male,4.0,4,Laptop & Accessory,4,Divorced,5,1,15.0,7.0,7.0,8.0,188.85,0,23.60625,0.23
53437,0,15.0,Computer,1,14.0,Debit Card,Female,3.0,6,Others,3,Married,3,0,23.0,2.0,6.0,11.0,324.73,0,46.39,0.38
53438,0,12.0,Phone,3,10.0,Debit Card,Male,3.0,4,Laptop & Accessory,2,Single,10,1,13.0,2.0,2.0,1.0,193.61,0,64.53666666666668,0.15
53439,1,1.0,Computer,3,36.0,Credit Card,Male,4.0,6,Laptop & Accessory,5,Single,10,0,19.0,1.0,3.0,3.0,174.69,0,43.6725,1.5
53440,1,16.0,Phone,3,9.0,E wallet,Female,3.0,6,Others,2,Divorced,3,0,16.0,6.0,7.0,10.0,323.45,0,40.43125,0.41
53441,0,18.0,Phone,3,35.0,Credit Card,Female,3.0,2,Grocery,2,Divorced,5,1,19.0,2.0,2.0,12.0,258.2,0,86.06666666666666,0.11
53442,0,24.0,Computer,3,7.0,Debit Card,Female,4.0,4,Laptop & Accessory,3,Divorced,2,0,13.0,2.0,2.0,14.0,188.47,0,62.82333333333333,0.08
53443,1,1.0,Phone,1,23.0,Debit Card,Female,3.0,2,Mobile Phone,5,Single,3,0,17.0,16.0,16.0,15.0,152.43,0,8.966470588235294,8.0
53444,0,13.0,Computer,1,29.0,Credit Card,Female,3.0,4,Fashion,5,Single,3,1,14.0,2.0,2.0,9.0,233.8,0,77.93333333333334,0.14
53445,0,7.0,Computer,3,15.0,Debit Card,Female,3.0,5,Mobile Phone,2,Single,2,0,20.0,3.0,3.0,3.0,148.42,0,37.105,0.38
53446,0,19.0,Phone,3,18.0,Debit Card,Female,3.0,4,Grocery,2,Divorced,5,0,15.707921714818266,2.0,2.0,2.0,301.5,0,100.5,0.1
53447,0,6.0,Computer,1,36.0,Credit Card,Female,4.0,4,Mobile Phone,3,Single,11,0,13.0,6.0,8.0,8.0,165.25,0,18.36111111111111,1.14
53448,0,8.0,Phone,3,7.0,E wallet,Male,4.0,2,Laptop & Accessory,2,Married,2,0,12.0,2.0,2.0,3.0,222.25,0,74.08333333333333,0.22
53449,0,31.0,Phone,3,7.0,Cash on Delivery,Male,4.0,4,Fashion,2,Divorced,5,1,15.0,1.0,2.0,5.0,244.04000000000002,0,81.34666666666668,0.06
53450,0,19.0,Phone,2,31.0,Credit Card,Male,3.0,4,Mobile Phone,4,Single,3,0,17.0,1.0,2.0,5.0,146.77,0,48.92333333333334,0.1
53451,0,27.0,Computer,3,9.0,E wallet,Female,3.0,5,Fashion,4,Divorced,4,0,13.0,1.0,7.0,13.0,200.25,0,25.03125,0.25
53452,1,1.0,Phone,1,22.0,UPI,Male,3.0,4,Laptop & Accessory,3,Married,9,0,15.0,1.0,2.0,1.0,173.34,0,57.78,1.0
53453,1,1.0,Computer,1,9.0,Debit Card,Male,3.0,4,Mobile Phone,5,Divorced,8,1,15.0,2.0,2.0,3.0,145.42,1,48.47333333333333,1.0
53454,0,8.0,Phone,3,17.0,Debit Card,Female,3.0,4,Mobile Phone,3,Divorced,3,1,20.0,1.0,2.0,1.0,147.2,0,49.06666666666666,0.22
53455,0,2.0,Phone,3,17.0,Credit Card,Male,4.0,4,Mobile Phone,4,Divorced,3,0,23.0,2.0,2.0,1.0,135.52,0,45.17333333333334,0.67
53456,0,12.0,Computer,1,10.0,UPI,Male,3.0,4,Mobile Phone,3,Divorced,5,0,17.0,3.0,3.0,3.0,153.21,0,38.3025,0.23
53457,0,24.0,Phone,1,9.0,Credit Card,Male,4.0,4,Others,3,Divorced,4,1,15.707921714818266,8.0,8.0,8.0,317.37,0,35.263333333333335,0.32
53458,0,11.0,Phone,1,10.0,UPI,Female,3.0,4,Laptop & Accessory,4,Single,5,0,16.0,2.0,2.0,2.0,166.07,0,55.35666666666666,0.17
53459,0,14.0,Phone,3,33.0,E wallet,Male,4.0,4,Laptop & Accessory,5,Divorced,3,0,15.0,6.0,8.0,6.0,208.96,0,23.21777777777778,0.53
53460,0,1.0,Computer,1,7.0,Credit Card,Female,4.0,5,Mobile Phone,3,Married,3,0,14.0,2.0,2.0,4.0,145.07,0,48.35666666666666,1.0
53461,0,20.0,Phone,1,7.0,Credit Card,Male,3.0,4,Others,2,Married,11,0,15.707921714818266,2.0,3.0,3.0,321.27,0,80.3175,0.14
53462,0,28.0,Phone,3,9.0,Debit Card,Female,3.0,5,Fashion,3,Divorced,8,0,12.0,7.0,2.0,1.0,231.86,0,77.28666666666668,0.07
53463,0,30.0,Computer,1,16.0,Credit Card,Female,4.0,4,Mobile Phone,3,Divorced,4,0,20.0,1.0,2.0,4.0,154.42,0,51.47333333333333,0.06
53464,0,10.0,Phone,1,19.0,Credit Card,Female,3.0,5,Fashion,2,Single,2,0,12.0,6.0,8.0,3.0,213.58,0,23.73111111111111,0.73
53465,0,29.0,Computer,1,9.0,Credit Card,Male,3.0,5,Grocery,5,Single,9,0,15.707921714818266,4.0,7.0,3.0,292.56,0,36.57,0.23
53466,0,17.0,Phone,3,32.0,Credit Card,Male,4.0,5,Fashion,2,Married,7,0,14.0,2.0,2.0,1.0,259.0,0,86.33333333333333,0.11
53467,1,1.0,Computer,3,16.0,E wallet,Female,3.0,4,Mobile Phone,2,Single,3,1,15.0,1.0,2.0,3.0,148.23,1,49.41,1.0
53468,1,1.0,Phone,1,17.0,Debit Card,Female,3.0,5,Mobile Phone,5,Single,3,0,14.0,2.0,2.0,1.0,139.16,0,46.38666666666666,1.0
53469,0,20.0,Phone,1,15.0,Debit Card,Female,4.0,5,Laptop & Accessory,5,Married,10,1,24.0,2.0,2.0,8.0,171.15,0,57.050000000000004,0.1
53470,1,15.0,Phone,1,11.0,Debit Card,Male,3.0,4,Mobile Phone,3,Divorced,11,1,13.0,2.0,3.0,8.0,149.61,0,37.4025,0.19
53471,1,1.0,Computer,1,31.0,Cash on Delivery,Male,4.0,5,Fashion,5,Single,3,0,13.0,1.0,2.0,3.0,212.22,0,70.74,1.0
53472,0,1.0,Phone,1,7.0,Credit Card,Male,3.0,5,Mobile Phone,5,Divorced,3,0,17.0,1.0,2.0,4.0,164.55,0,54.85,1.0
53473,0,4.0,Phone,1,27.0,UPI,Male,3.0,4,Laptop & Accessory,5,Divorced,2,0,16.0,2.0,2.0,3.0,224.57,0,74.85666666666667,0.4
53474,0,15.0,Phone,1,14.0,Cash on Delivery,Female,3.0,2,Mobile Phone,3,Divorced,3,0,14.0,2.0,2.0,9.0,158.76,0,52.919999999999995,0.12
53475,0,12.0,Phone,1,24.0,Debit Card,Female,4.0,5,Fashion,3,Divorced,2,0,19.0,1.0,2.0,3.0,213.23,0,71.07666666666667,0.15
53476,0,14.0,Phone,1,27.0,Cash on Delivery,Male,4.0,4,Fashion,2,Divorced,6,0,21.0,5.0,12.0,3.0,228.22,0,17.555384615384614,0.8
53477,0,1.0,Computer,1,15.0,Debit Card,Male,3.0,6,Mobile Phone,3,Divorced,3,0,20.0,2.0,2.0,3.0,171.21,0,57.07,1.0
53478,0,29.0,Computer,1,9.0,Debit Card,Male,4.0,4,Fashion,4,Divorced,5,0,19.0,2.0,2.0,3.0,234.76,0,78.25333333333333,0.07
53479,0,2.0,Phone,1,17.0,UPI,Female,3.0,4,Laptop & Accessory,3,Single,5,0,14.0,2.0,2.0,8.0,161.6,0,53.86666666666667,0.67
53480,1,8.0,Phone,2,7.0,Credit Card,Male,4.0,5,Fashion,5,Divorced,11,0,15.0,3.0,4.0,3.0,229.82,0,45.964,0.44
53481,0,7.0,Phone,1,12.0,Debit Card,Male,3.0,5,Fashion,2,Married,6,0,16.0,1.0,2.0,3.0,196.19,0,65.39666666666666,0.25
53482,1,1.0,Phone,3,11.0,Cash on Delivery,Male,3.0,4,Fashion,5,Single,2,1,23.0,4.0,5.0,3.0,220.82,1,36.803333333333335,2.5
53483,1,1.0,Computer,1,36.0,Credit Card,Female,3.0,5,Laptop & Accessory,3,Single,3,0,23.0,4.0,4.0,9.0,170.08,0,34.016000000000005,2.0
53484,0,2.0,Phone,1,22.0,Debit Card,Male,3.0,4,Mobile Phone,3,Married,3,0,17.0,3.0,3.0,3.0,147.07,0,36.7675,1.0
53485,0,8.0,Computer,1,10.0,Debit Card,Male,3.0,4,Laptop & Accessory,2,Single,2,0,18.0,2.0,2.0,5.0,202.56,0,67.52,0.22
53486,0,11.0,Phone,3,17.0,Debit Card,Female,3.0,5,Laptop & Accessory,2,Married,4,1,15.0,1.0,2.0,1.0,191.94,0,63.98,0.17
53487,1,1.0,Phone,1,11.0,Cash on Delivery,Male,3.0,4,Mobile Phone,2,Divorced,3,1,16.0,6.0,6.0,7.0,161.91,1,23.13,3.0
53488,1,1.0,Phone,1,28.0,Credit Card,Male,3.0,4,Mobile Phone,3,Married,3,0,21.0,2.0,2.0,1.0,148.77,0,49.59,1.0
53489,1,1.0,Phone,1,32.0,Credit Card,Male,3.0,5,Mobile Phone,4,Single,6,1,21.0,1.0,3.0,3.0,148.13,1,37.0325,1.5
53490,0,16.0,Phone,1,9.0,Credit Card,Male,3.0,4,Grocery,5,Divorced,2,0,15.707921714818266,6.0,14.0,8.0,301.65,0,20.11,0.82
53491,1,1.0,Computer,1,5.0,Credit Card,Male,3.0,5,Mobile Phone,4,Married,3,0,16.0,1.0,2.0,1.0,150.96,0,50.32,1.0
53492,1,14.0,Computer,3,7.0,UPI,Male,3.0,4,Laptop & Accessory,3,Single,5,1,15.0,1.0,2.0,1.0,172.28,0,57.42666666666667,0.13
53493,0,7.0,Computer,3,14.0,Debit Card,Female,2.0,4,Laptop & Accessory,4,Divorced,2,0,18.0,2.0,2.0,3.0,168.02,0,56.00666666666667,0.25
53494,0,8.0,Computer,1,10.0,Debit Card,Male,3.0,5,Mobile Phone,2,Divorced,5,0,18.0,2.0,2.0,1.0,154.79,0,51.596666666666664,0.22
53495,0,22.0,Computer,1,7.0,Credit Card,Male,3.0,2,Grocery,2,Single,4,0,15.707921714818266,1.0,3.0,2.0,293.85,0,73.4625,0.13
53496,0,19.0,Computer,3,16.0,Debit Card,Female,4.0,5,Laptop & Accessory,3,Divorced,3,0,14.0,1.0,5.0,13.0,180.93,0,30.155,0.25
53497,0,26.0,Phone,1,14.0,Debit Card,Male,3.0,4,Fashion,4,Single,9,0,20.0,4.0,5.0,3.0,229.45,0,38.24166666666667,0.19
53498,0,12.0,Phone,3,17.0,E wallet,Male,4.0,5,Fashion,3,Married,2,1,15.0,3.0,3.0,3.0,212.4,0,53.1,0.23
53499,0,3.0,Phone,1,35.0,Debit Card,Female,4.0,4,Mobile Phone,2,Married,6,0,23.0,1.0,2.0,8.0,150.14,0,50.04666666666666,0.5
53500,0,2.0,Phone,1,10.0,Credit Card,Female,4.0,4,Fashion,4,Married,2,0,18.0,1.0,2.0,8.0,201.55,0,67.18333333333334,0.67
53501,0,20.0,Phone,3,10.0,E wallet,Male,3.0,4,Grocery,3,Divorced,5,0,15.707921714818266,2.0,5.0,10.0,299.65,0,49.94166666666666,0.24
53502,0,12.0,Phone,3,9.0,E wallet,Male,3.0,4,Fashion,4,Single,9,0,17.0,2.0,2.0,1.0,198.51,0,66.17,0.15
53503,0,17.0,Computer,1,34.0,Debit Card,Female,3.0,4,Fashion,5,Divorced,10,0,12.0,1.0,2.0,2.0,233.2,0,77.73333333333333,0.11
53504,1,3.0,Computer,1,9.0,Debit Card,Male,3.0,4,Grocery,2,Married,9,0,12.0,8.0,2.0,6.0,246.69,0,82.23,0.5
53505,0,14.0,Phone,1,21.0,Credit Card,Male,3.0,5,Others,3,Single,3,0,15.707921714818266,5.0,5.0,10.0,321.26,0,53.54333333333333,0.33
53506,0,1.0,Phone,1,7.0,Cash on Delivery,Female,4.0,5,Mobile Phone,4,Single,3,1,12.0,1.0,3.0,3.0,145.7,1,36.425,1.5
53507,0,13.0,Computer,1,16.0,Debit Card,Male,4.0,4,Laptop & Accessory,4,Single,22,0,16.0,2.0,2.0,4.0,192.82,0,64.27333333333333,0.14
53508,0,10.0,Computer,1,25.0,Debit Card,Male,4.0,4,Laptop & Accessory,2,Single,4,0,21.0,2.0,2.0,10.0,202.79,0,67.59666666666666,0.18
53509,0,5.0,Computer,3,27.0,Debit Card,Male,4.0,2,Mobile Phone,2,Divorced,2,0,13.0,2.0,3.0,3.0,152.91,0,38.2275,0.5
53510,0,2.0,Phone,1,9.0,Debit Card,Male,4.0,5,Mobile Phone,4,Divorced,2,0,18.0,1.0,2.0,5.0,157.01,0,52.336666666666666,0.67
53511,0,9.0,Computer,3,18.0,E wallet,Male,3.0,4,Laptop & Accessory,2,Married,3,0,12.0,1.0,2.0,3.0,174.68,0,58.22666666666667,0.2
53512,0,23.0,Phone,3,15.0,Cash on Delivery,Male,3.0,5,Grocery,4,Divorced,8,0,18.0,2.0,2.0,4.0,256.2,0,85.39999999999999,0.08
53513,0,8.0,Computer,1,9.0,Debit Card,Male,4.0,4,Laptop & Accessory,3,Single,4,0,12.0,2.0,2.0,3.0,165.33,0,55.11000000000001,0.22
53514,0,3.0,Computer,1,17.0,Debit Card,Female,4.0,4,Mobile Phone,4,Married,2,0,15.0,2.0,2.0,2.0,157.91,0,52.63666666666666,0.5
53515,0,16.0,Phone,1,36.0,Credit Card,Male,3.0,6,Laptop & Accessory,2,Single,6,0,20.0,2.0,2.0,1.0,167.72,0,55.906666666666666,0.12
53516,0,3.0,Phone,1,15.0,Credit Card,Male,4.0,5,Laptop & Accessory,2,Divorced,3,1,14.0,1.0,2.0,3.0,175.56,1,58.52,0.5
53517,0,12.0,Phone,2,7.0,UPI,Male,3.0,2,Mobile Phone,3,Divorced,3,0,14.0,2.0,6.0,1.0,153.44,0,21.919999999999998,0.46
53518,0,5.0,Computer,1,13.0,Debit Card,Male,3.0,5,Mobile Phone,3,Married,3,1,15.0,2.0,2.0,3.0,152.03,0,50.67666666666667,0.33
53519,1,1.0,Computer,1,15.0,Credit Card,Male,4.0,4,Mobile Phone,3,Single,3,0,13.0,1.0,2.0,1.0,144.04,0,48.01333333333333,1.0
53520,1,1.0,Phone,3,16.0,E wallet,Female,4.0,4,Laptop & Accessory,5,Single,2,1,18.0,1.0,2.0,4.0,207.24,1,69.08,1.0
53521,0,15.0,Phone,1,19.0,Debit Card,Male,3.0,4,Mobile Phone,2,Divorced,5,1,12.0,2.0,2.0,1.0,172.66,0,57.553333333333335,0.12
53522,1,1.0,Computer,1,22.0,Credit Card,Male,4.0,4,Mobile Phone,3,Divorced,3,0,13.0,3.0,3.0,3.0,151.1,0,37.775,1.5
53523,0,11.0,Phone,1,32.0,Credit Card,Female,3.0,5,Laptop & Accessory,2,Married,9,0,14.0,1.0,2.0,4.0,182.31,0,60.77,0.17
53524,0,1.0,Phone,1,13.0,Debit Card,Male,3.0,5,Mobile Phone,3,Divorced,3,0,14.0,3.0,3.0,3.0,150.39,0,37.5975,1.5
53525,0,8.0,Phone,3,16.0,Debit Card,Female,4.0,4,Laptop & Accessory,3,Divorced,3,0,21.0,2.0,2.0,4.0,182.14,0,60.71333333333333,0.22
53526,0,9.0,Phone,2,15.0,Cash on Delivery,Male,4.0,4,Mobile Phone,3,Single,3,0,18.0,1.0,2.0,5.0,168.23,0,56.07666666666666,0.2
53527,1,1.0,Phone,3,30.0,Debit Card,Female,3.0,5,Fashion,5,Divorced,3,0,14.0,1.0,4.0,11.0,198.36,0,39.672000000000004,2.0
53528,0,14.0,Computer,1,16.0,Credit Card,Female,3.0,4,Fashion,3,Single,11,0,18.0,1.0,2.0,14.0,259.99,0,86.66333333333334,0.13
53529,1,6.0,Computer,3,19.0,Debit Card,Male,3.0,4,Grocery,5,Single,2,1,13.0,1.0,14.0,15.0,262.58,0,17.505333333333333,2.0
53530,0,16.0,Phone,3,11.0,E wallet,Male,3.0,4,Laptop & Accessory,5,Single,9,0,14.0,2.0,2.0,6.0,176.55,0,58.85,0.12
53531,0,9.0,Phone,1,7.0,Credit Card,Male,3.0,5,Mobile Phone,3,Divorced,8,0,13.0,2.0,2.0,8.0,147.58,0,49.193333333333335,0.2
53532,0,1.0,Phone,1,31.0,Credit Card,Male,3.0,4,Mobile Phone,4,Single,10,0,23.0,2.0,2.0,3.0,160.97,0,53.656666666666666,1.0
53533,1,1.0,Phone,1,19.0,Debit Card,Female,4.0,4,Mobile Phone,2,Divorced,3,1,12.0,2.0,2.0,1.0,150.15,1,50.050000000000004,1.0
53534,0,1.0,Phone,1,10.0,Credit Card,Male,3.0,2,Mobile Phone,2,Divorced,3,0,23.0,2.0,2.0,8.0,169.2,0,56.4,1.0
53535,0,4.0,Phone,3,17.0,E wallet,Male,4.0,5,Laptop & Accessory,3,Divorced,3,0,19.0,2.0,2.0,5.0,190.78,0,63.593333333333334,0.4
53536,0,14.0,Computer,1,33.0,Credit Card,Female,4.0,5,Laptop & Accessory,2,Divorced,5,1,14.0,2.0,2.0,1.0,169.22,0,56.406666666666666,0.13
53537,0,9.0,Phone,1,9.0,Debit Card,Male,3.0,5,Fashion,4,Married,4,0,19.0,7.0,7.0,3.0,227.74,0,28.4675,0.7
53538,0,8.0,Computer,1,7.0,Credit Card,Male,4.0,5,Laptop & Accessory,5,Single,2,0,21.0,2.0,5.0,10.0,178.43,0,29.738333333333333,0.56
53539,0,9.0,Computer,1,11.0,UPI,Male,3.0,5,Mobile Phone,2,Divorced,3,0,14.0,3.0,3.0,3.0,148.76,0,37.19,0.3
53540,1,7.0,Phone,3,16.0,E wallet,Female,3.0,6,Laptop & Accessory,3,Single,10,0,14.0,2.0,2.0,4.0,178.46,0,59.48666666666667,0.25
53541,0,6.0,Computer,3,9.0,Debit Card,Female,4.0,4,Mobile Phone,5,Married,3,0,13.0,1.0,2.0,1.0,153.27,0,51.09,0.29
53542,0,30.0,Phone,1,11.0,Cash on Delivery,Female,4.0,4,Others,5,Married,6,0,14.0,1.0,5.0,3.0,324.43,0,54.071666666666665,0.16
53543,0,3.0,Phone,1,13.0,Credit Card,Female,3.0,4,Mobile Phone,2,Divorced,3,0,14.0,1.0,2.0,9.0,156.31,0,52.10333333333333,0.5
53544,0,1.0,Phone,1,16.0,Debit Card,Male,3.0,4,Mobile Phone,5,Single,3,0,26.0,1.0,2.0,1.0,150.52,0,50.17333333333334,1.0
53545,0,19.0,Phone,1,14.0,Credit Card,Female,3.0,4,Mobile Phone,3,Divorced,6,1,20.0,2.0,2.0,3.0,169.77,0,56.59,0.1
53546,0,11.0,Phone,1,7.0,Debit Card,Female,3.0,5,Laptop & Accessory,2,Divorced,3,0,14.0,4.0,4.0,12.0,189.74,0,37.948,0.33
53547,0,1.0,Phone,1,10.0,Debit Card,Male,3.0,5,Mobile Phone,3,Single,3,0,13.0,1.0,2.0,3.0,155.33,0,51.77666666666667,1.0
53548,1,8.0,Phone,1,17.0,Debit Card,Male,4.0,4,Mobile Phone,3,Single,3,1,12.0,2.0,2.0,3.0,154.36,0,51.45333333333334,0.22
53549,0,27.0,Phone,1,14.0,Credit Card,Female,3.0,4,Others,3,Married,5,0,15.707921714818266,5.0,5.0,8.0,311.06,0,51.843333333333334,0.18
53550,0,3.0,Phone,1,22.0,Debit Card,Female,4.0,6,Mobile Phone,2,Divorced,2,1,19.0,2.0,2.0,4.0,146.68,1,48.89333333333334,0.5
53551,1,1.0,Computer,1,10.0,Debit Card,Male,3.0,5,Mobile Phone,2,Divorced,2,1,12.0,1.0,2.0,1.0,153.53,1,51.17666666666667,1.0
53552,0,20.0,Phone,3,9.0,E wallet,Female,4.0,4,Grocery,5,Divorced,10,0,15.707921714818266,13.0,16.0,10.0,295.48,0,17.381176470588237,0.76
53553,0,18.0,Computer,1,24.0,Debit Card,Male,4.0,6,Mobile Phone,3,Single,4,0,14.0,2.0,2.0,1.0,147.9,0,49.300000000000004,0.11
53554,0,7.0,Phone,2,9.0,UPI,Male,3.0,4,Mobile Phone,3,Divorced,3,0,14.0,1.0,2.0,5.0,161.0,0,53.666666666666664,0.25
53555,1,5.0,Computer,1,12.0,Debit Card,Male,4.0,5,Mobile Phone,5,Married,8,0,18.0,2.0,2.0,1.0,146.07,0,48.69,0.33
53556,0,4.0,Phone,3,36.0,Debit Card,Male,4.0,4,Laptop & Accessory,5,Married,10,0,20.0,2.0,2.0,4.0,166.15,0,55.38333333333333,0.4
53557,0,14.0,Computer,3,9.0,Credit Card,Male,4.0,4,Laptop & Accessory,4,Divorced,7,0,13.0,2.0,2.0,1.0,168.27,0,56.09,0.13
53558,0,24.0,Computer,1,9.0,Credit Card,Female,2.0,4,Grocery,5,Divorced,4,0,15.707921714818266,3.0,3.0,3.0,303.56,0,75.89,0.12
53559,0,2.0,Phone,1,26.0,Credit Card,Male,4.0,5,Mobile Phone,5,Divorced,3,0,13.0,2.0,4.0,4.0,156.96,0,31.392000000000003,1.33
53560,0,20.0,Phone,1,22.0,Debit Card,Male,3.0,4,Others,4,Divorced,7,0,15.707921714818266,2.0,2.0,4.0,315.81,0,105.27,0.1
53561,0,9.0,Phone,3,24.0,Debit Card,Male,4.0,4,Laptop & Accessory,5,Divorced,5,1,16.0,2.0,2.0,3.0,214.66,0,71.55333333333333,0.2
53562,1,1.0,Phone,1,24.0,Debit Card,Female,4.0,4,Mobile Phone,4,Divorced,3,0,14.0,1.0,2.0,1.0,147.1,0,49.03333333333333,1.0
53563,0,7.0,Computer,3,32.0,Credit Card,Female,3.0,4,Laptop & Accessory,3,Divorced,3,0,13.0,1.0,2.0,2.0,170.39,0,56.79666666666666,0.25
53564,0,10.0,Phone,1,13.0,Debit Card,Male,3.0,6,Mobile Phone,3,Married,3,0,15.0,1.0,2.0,8.0,152.41,0,50.803333333333335,0.18
53565,0,4.0,Phone,1,14.0,Debit Card,Male,3.0,4,Laptop & Accessory,3,Married,3,0,14.0,9.0,9.0,10.0,159.91,0,15.991,1.8
53566,0,18.0,Phone,1,36.0,UPI,Male,3.0,4,Laptop & Accessory,2,Single,3,0,26.0,2.0,2.0,18.0,170.41,0,56.803333333333335,0.11
53567,0,1.0,Phone,3,28.0,E wallet,Male,3.0,2,Mobile Phone,2,Single,3,0,18.0,1.0,3.0,3.0,151.78,0,37.945,1.5
53568,0,20.0,Phone,1,9.0,Cash on Delivery,Male,3.0,4,Laptop & Accessory,2,Married,4,0,12.0,2.0,2.0,5.0,198.79,0,66.26333333333334,0.1
53569,0,16.0,Computer,2,9.0,Credit Card,Male,4.0,2,Laptop & Accessory,5,Divorced,9,0,17.0,1.0,2.0,4.0,187.72,0,62.57333333333333,0.12
53570,0,31.0,Phone,3,14.0,E wallet,Male,3.0,2,Laptop & Accessory,2,Married,2,1,19.0,1.0,2.0,10.0,177.2,0,59.06666666666666,0.06
53571,0,6.0,Computer,1,20.0,UPI,Female,4.0,5,Mobile Phone,4,Divorced,3,0,21.0,1.0,3.0,3.0,152.43,0,38.1075,0.43
53572,0,6.0,Computer,1,9.0,Debit Card,Female,3.0,4,Laptop & Accessory,3,Single,6,1,15.0,2.0,2.0,8.0,174.98,0,58.32666666666666,0.29
53573,0,10.0,Phone,1,7.0,Cash on Delivery,Female,4.0,6,Fashion,5,Married,4,1,22.0,6.0,8.0,3.0,227.52,0,25.28,0.73
53574,0,7.0,Phone,1,16.0,Credit Card,Male,3.0,4,Mobile Phone,2,Divorced,2,0,14.0,2.0,5.0,11.0,152.81,0,25.468333333333334,0.62
53575,0,14.0,Phone,3,17.0,Cash on Delivery,Female,3.0,5,Laptop & Accessory,4,Married,9,0,13.0,2.0,2.0,4.0,193.52,0,64.50666666666667,0.13
53576,0,1.0,Phone,3,17.0,Debit Card,Male,3.0,4,Laptop & Accessory,2,Single,2,0,15.0,1.0,2.0,2.0,174.5,0,58.166666666666664,1.0
53577,0,4.0,Phone,1,7.0,Credit Card,Male,4.0,4,Mobile Phone,4,Divorced,2,1,22.0,2.0,6.0,8.0,160.79,0,22.97,1.2
53578,0,16.0,Computer,1,33.0,Credit Card,Female,3.0,4,Fashion,5,Divorced,5,1,18.0,1.0,2.0,1.0,256.91,0,85.63666666666667,0.12
53579,0,9.0,Computer,3,15.0,E wallet,Female,4.0,5,Fashion,2,Divorced,6,1,12.0,3.0,5.0,3.0,228.77,0,38.12833333333334,0.5
53580,0,1.0,Phone,1,21.0,Debit Card,Male,3.0,4,Mobile Phone,5,Divorced,3,1,15.0,3.0,7.0,9.0,147.35,1,18.41875,3.5
53581,0,28.0,Computer,1,7.0,Debit Card,Female,3.0,4,Fashion,3,Married,9,0,18.0,2.0,2.0,3.0,230.02,0,76.67333333333333,0.07
53582,0,18.0,Phone,1,9.0,Debit Card,Female,4.0,2,Mobile Phone,2,Divorced,3,0,14.0,7.0,8.0,8.0,145.11,0,16.123333333333335,0.42
53583,1,1.0,Computer,1,17.0,Credit Card,Female,4.0,5,Mobile Phone,4,Single,3,1,26.0,2.0,2.0,1.0,143.59,1,47.86333333333334,1.0
53584,0,3.0,Phone,1,7.0,Debit Card,Female,4.0,4,Mobile Phone,2,Married,3,0,16.0,1.0,2.0,3.0,162.6,0,54.199999999999996,0.5
53585,0,28.0,Phone,1,10.0,Debit Card,Male,3.0,4,Grocery,2,Divorced,5,0,15.707921714818266,2.0,2.0,10.0,302.79,0,100.93,0.07
53586,0,5.0,Phone,1,18.0,Credit Card,Male,4.0,4,Laptop & Accessory,5,Divorced,3,1,13.0,1.0,2.0,2.0,193.33,0,64.44333333333334,0.33
53587,0,5.0,Phone,1,31.0,Credit Card,Female,4.0,5,Laptop & Accessory,5,Single,3,0,20.0,1.0,2.0,9.0,193.12,0,64.37333333333333,0.33
53588,0,31.0,Phone,3,10.0,Debit Card,Female,3.0,5,Laptop & Accessory,2,Single,7,0,18.0,1.0,2.0,6.0,176.71,0,58.903333333333336,0.06
53589,0,17.0,Phone,1,10.0,Debit Card,Male,4.0,6,Others,2,Divorced,5,0,15.707921714818266,2.0,2.0,8.0,322.4,0,107.46666666666665,0.11
53590,0,23.0,Phone,1,11.0,Credit Card,Male,3.0,5,Others,3,Divorced,4,0,15.707921714818266,1.0,2.0,1.0,312.11,0,104.03666666666668,0.08
53591,0,10.0,Computer,1,10.0,Cash on Delivery,Male,3.0,4,Mobile Phone,4,Divorced,3,0,13.0,2.0,2.0,8.0,161.92,0,53.97333333333333,0.18
53592,0,22.0,Phone,1,9.0,Cash on Delivery,Male,4.0,2,Mobile Phone,4,Single,7,0,12.0,1.0,2.0,1.0,150.59,0,50.196666666666665,0.09
53593,0,1.0,Phone,1,11.0,Debit Card,Male,4.0,4,Mobile Phone,3,Married,3,0,12.0,2.0,2.0,4.0,150.17,0,50.056666666666665,1.0
53594,0,3.0,Phone,1,14.0,Debit Card,Male,3.0,4,Laptop & Accessory,2,Married,3,1,12.0,1.0,2.0,1.0,191.23,1,63.74333333333333,0.5
53595,0,22.0,Phone,1,7.0,Debit Card,Male,4.0,5,Others,2,Single,8,0,15.707921714818266,2.0,2.0,1.0,307.65,0,102.55,0.09
53596,0,3.0,Phone,1,7.0,Debit Card,Female,3.0,5,Grocery,2,Married,5,0,15.0,1.0,2.0,8.0,286.24,0,95.41333333333334,0.5
53597,0,8.0,Phone,1,27.0,Cash on Delivery,Female,3.0,2,Mobile Phone,3,Divorced,2,0,18.0,2.0,2.0,1.0,150.85,0,50.28333333333333,0.22
53598,0,18.0,Phone,3,12.0,E wallet,Male,3.0,4,Others,4,Divorced,9,0,15.707921714818266,2.0,4.0,11.0,307.13,0,61.426,0.21
53599,0,7.0,Phone,3,17.0,E wallet,Male,3.0,2,Fashion,3,Married,2,1,15.0,2.0,2.0,9.0,208.8,0,69.60000000000001,0.25
53600,0,1.0,Phone,1,32.0,Debit Card,Female,3.0,2,Mobile Phone,2,Single,3,1,13.0,2.0,2.0,2.0,154.94,1,51.64666666666667,1.0
53601,0,1.0,Phone,1,7.0,Debit Card,Male,3.0,4,Mobile Phone,3,Divorced,3,0,23.0,1.0,2.0,2.0,137.23,0,45.74333333333333,1.0
53602,1,1.0,Computer,3,31.0,Debit Card,Male,4.0,6,Mobile Phone,2,Single,3,1,15.0,2.0,2.0,1.0,136.18,1,45.39333333333334,1.0
53603,0,1.0,Phone,1,11.0,Debit Card,Male,3.0,4,Mobile Phone,2,Single,3,1,21.0,1.0,3.0,3.0,153.75,1,38.4375,1.5
53604,1,9.0,Phone,3,9.0,E wallet,Female,4.0,6,Others,4,Single,4,1,15.707921714818266,1.0,2.0,12.0,313.24,0,104.41333333333334,0.2
53605,0,29.0,Computer,1,15.0,Credit Card,Male,3.0,5,Grocery,4,Married,3,1,16.0,4.0,16.0,1.0,260.77,0,15.339411764705881,0.53
53606,1,1.0,Computer,1,17.0,Debit Card,Female,3.0,5,Mobile Phone,3,Single,3,0,21.0,3.0,3.0,3.0,151.25,0,37.8125,1.5
53607,0,20.0,Phone,3,11.0,E wallet,Female,3.0,5,Others,4,Divorced,4,0,15.707921714818266,2.0,2.0,9.0,312.89,0,104.29666666666667,0.1
53608,0,8.0,Phone,3,9.0,E wallet,Female,3.0,4,Laptop & Accessory,5,Single,2,1,13.0,2.0,2.0,3.0,170.38,0,56.79333333333333,0.22
53609,0,25.0,Computer,3,16.0,Debit Card,Male,3.0,4,Others,4,Married,6,1,25.0,3.0,12.0,11.0,323.47,0,24.882307692307695,0.46
53610,0,31.0,Phone,1,25.0,Credit Card,Male,4.0,4,Fashion,2,Single,8,0,13.0,2.0,6.0,3.0,230.12,0,32.87428571428571,0.19
53611,0,8.0,Computer,1,26.0,Credit Card,Female,3.0,4,Laptop & Accessory,4,Married,6,0,14.0,4.0,6.0,11.0,169.44,0,24.205714285714286,0.67
53612,0,2.0,Computer,1,7.0,Credit Card,Male,3.0,4,Mobile Phone,3,Single,2,1,12.0,1.0,2.0,3.0,146.54,1,48.846666666666664,0.67
53613,0,18.0,Phone,1,11.0,Debit Card,Male,4.0,2,Others,5,Married,3,0,15.707921714818266,2.0,15.0,14.0,316.9,0,19.80625,0.79
53614,0,8.0,Computer,2,18.0,Debit Card,Male,3.0,5,Laptop & Accessory,4,Divorced,6,0,12.0,1.0,2.0,9.0,169.9,0,56.63333333333333,0.22
53615,0,9.0,Phone,1,13.0,Debit Card,Male,4.0,4,Mobile Phone,3,Divorced,2,1,15.0,2.0,3.0,3.0,160.06,0,40.015,0.3
53616,0,16.0,Phone,1,14.0,Credit Card,Female,4.0,2,Laptop & Accessory,4,Divorced,8,1,17.0,1.0,2.0,1.0,148.72,0,49.57333333333333,0.12
53617,0,17.0,Phone,3,11.0,E wallet,Female,3.0,5,Fashion,2,Single,5,0,15.0,11.0,16.0,3.0,227.31,0,13.371176470588235,0.89
53618,0,10.0,Phone,1,9.0,Debit Card,Female,3.0,4,Laptop & Accessory,4,Single,11,1,12.0,5.0,6.0,13.0,179.1,0,25.585714285714285,0.55
53619,1,8.0,Phone,1,22.0,Credit Card,Female,4.0,4,Fashion,2,Divorced,3,0,12.0,1.0,2.0,6.0,204.78,0,68.26,0.22
53620,0,2.0,Computer,1,9.0,Debit Card,Male,3.0,5,Mobile Phone,2,Divorced,3,1,13.0,3.0,3.0,3.0,163.67,1,40.9175,1.0
53621,0,25.0,Computer,1,13.0,Credit Card,Female,3.0,5,Mobile Phone,3,Single,2,0,15.0,8.0,8.0,8.0,153.38,0,17.04222222222222,0.31
53622,0,4.0,Computer,1,16.0,Credit Card,Female,4.0,4,Laptop & Accessory,3,Single,9,1,19.0,2.0,2.0,8.0,171.95,0,57.31666666666666,0.4
53623,1,1.0,Phone,1,14.0,Cash on Delivery,Female,3.0,4,Mobile Phone,3,Married,5,1,14.0,2.0,8.0,8.0,158.39,1,17.598888888888887,4.0
53624,0,2.0,Phone,1,7.0,Cash on Delivery,Male,3.0,4,Mobile Phone,5,Single,4,0,12.0,1.0,2.0,3.0,145.8,0,48.6,0.67
53625,0,1.0,Phone,1,7.0,Credit Card,Female,3.0,4,Mobile Phone,4,Single,3,0,19.0,2.0,3.0,2.0,145.96,0,36.49,1.5
53626,0,6.0,Phone,3,15.0,Credit Card,Male,3.0,2,Laptop & Accessory,2,Divorced,3,0,16.0,1.0,2.0,9.0,187.09,0,62.36333333333334,0.29
53627,0,19.0,Computer,1,32.0,Credit Card,Female,3.0,4,Others,4,Single,5,0,15.707921714818266,2.0,2.0,1.0,305.61,0,101.87,0.1
53628,0,13.0,Phone,1,20.0,Credit Card,Female,4.0,5,Grocery,4,Married,8,1,15.707921714818266,14.0,16.0,3.0,296.23,0,17.42529411764706,1.14
53629,0,31.0,Phone,1,30.0,Debit Card,Male,3.0,4,Mobile Phone,3,Married,3,0,13.0,3.0,3.0,3.0,148.72,0,37.18,0.09
53630,1,1.0,Phone,1,14.0,Debit Card,Male,4.0,4,Laptop & Accessory,3,Divorced,3,0,19.0,2.0,2.0,2.0,173.83,0,57.943333333333335,1.0
53631,1,3.0,Phone,1,30.0,Credit Card,Male,4.0,4,Mobile Phone,5,Single,2,0,14.0,1.0,2.0,4.0,164.04,0,54.68,0.5
53632,0,4.0,Phone,1,13.0,Cash on Delivery,Female,3.0,5,Laptop & Accessory,2,Divorced,2,0,13.0,6.0,7.0,8.0,171.27,0,21.40875,1.4
53633,0,10.0,Phone,1,17.0,Cash on Delivery,Female,4.0,4,Fashion,3,Divorced,5,0,13.0,1.0,2.0,8.0,195.94,0,65.31333333333333,0.18
53634,0,20.0,Phone,2,7.0,Debit Card,Female,3.0,4,Mobile Phone,5,Single,8,0,13.0,4.0,6.0,8.0,159.23,0,22.747142857142855,0.29
53635,0,2.0,Computer,1,7.0,Debit Card,Female,3.0,6,Laptop & Accessory,2,Divorced,2,0,12.0,8.0,8.0,6.0,191.74,0,21.304444444444446,2.67
53636,0,24.0,Phone,1,35.0,Debit Card,Female,3.0,4,Grocery,5,Divorced,6,1,15.707921714818266,1.0,2.0,3.0,293.8,0,97.93333333333334,0.08
53637,1,4.0,Phone,3,32.0,E wallet,Male,3.0,5,Fashion,4,Single,4,1,13.0,1.0,2.0,3.0,215.94,0,71.98,0.4
53638,1,16.0,Phone,3,12.0,Debit Card,Male,4.0,4,Fashion,4,Single,11,1,20.0,6.0,8.0,3.0,209.46,0,23.273333333333333,0.47
53639,0,4.0,Phone,1,24.0,Credit Card,Female,4.0,4,Fashion,5,Divorced,3,1,24.0,1.0,2.0,9.0,244.16000000000003,0,81.38666666666667,0.4
53640,0,13.0,Phone,1,25.0,Debit Card,Male,3.0,4,Laptop & Accessory,3,Single,2,0,12.0,1.0,2.0,8.0,170.34,0,56.78,0.14
53641,0,5.0,Computer,3,9.0,Debit Card,Female,3.0,4,Fashion,3,Married,3,1,20.0,4.0,10.0,3.0,223.52,0,20.32,1.67
53642,0,15.0,Computer,3,17.0,Credit Card,Male,3.0,6,Laptop & Accessory,4,Single,3,0,14.0,4.0,12.0,10.0,186.51,0,14.346923076923076,0.75
53643,1,1.0,Computer,3,7.0,Debit Card,Female,3.0,4,Mobile Phone,4,Single,3,1,12.0,2.0,3.0,3.0,148.02,1,37.005,1.5
53644,1,8.0,Phone,1,10.0,Debit Card,Male,3.0,4,Mobile Phone,5,Divorced,6,0,13.0,2.0,2.0,3.0,148.62,0,49.54,0.22
53645,0,16.0,Computer,1,9.0,Debit Card,Male,3.0,4,Grocery,3,Divorced,2,1,15.707921714818266,1.0,3.0,11.0,303.61,0,75.9025,0.18
53646,0,29.0,Phone,1,9.0,Credit Card,Female,3.0,6,Others,3,Divorced,6,0,15.707921714818266,6.0,10.0,12.0,316.87,0,28.80636363636364,0.33
53647,0,30.0,Phone,2,15.0,Debit Card,Male,3.0,4,Others,4,Single,8,0,15.707921714818266,2.0,8.0,8.0,322.17,0,35.79666666666667,0.26
53648,0,14.0,Computer,1,23.0,Debit Card,Male,4.0,4,Mobile Phone,3,Married,11,0,17.0,2.0,2.0,1.0,160.44,0,53.48,0.13
53649,0,8.0,Phone,1,16.0,Debit Card,Male,3.0,4,Fashion,2,Married,2,0,12.0,2.0,2.0,3.0,210.0,0,70.0,0.22
53650,0,14.0,Phone,1,9.0,Debit Card,Male,4.0,4,Laptop & Accessory,2,Single,3,0,14.0,4.0,9.0,9.0,171.61,0,17.161,0.6
53651,0,15.0,Computer,3,7.0,E wallet,Female,4.0,4,Laptop & Accessory,5,Married,2,0,18.0,1.0,2.0,8.0,166.03,0,55.343333333333334,0.12
53652,0,9.0,Computer,1,11.0,Debit Card,Male,3.0,4,Laptop & Accessory,3,Single,3,1,12.0,2.0,2.0,2.0,167.49,0,55.830000000000005,0.2
53653,0,25.0,Phone,2,12.0,Debit Card,Male,3.0,4,Grocery,4,Married,3,1,12.0,1.0,2.0,11.0,265.26,0,88.42,0.08
53654,0,12.0,Phone,3,9.0,Debit Card,Female,3.0,4,Laptop & Accessory,5,Married,5,0,16.0,1.0,2.0,8.0,193.93,0,64.64333333333333,0.15
53655,0,8.0,Phone,3,22.0,Credit Card,Female,4.0,4,Laptop & Accessory,5,Single,3,0,13.0,2.0,10.0,7.0,186.25,0,16.931818181818183,1.11
53656,0,1.0,Phone,1,26.0,Credit Card,Male,4.0,4,Mobile Phone,2,Divorced,5,0,12.0,2.0,2.0,3.0,161.69,0,53.89666666666667,1.0
53657,1,21.0,Phone,1,14.0,Credit Card,Female,3.0,5,Fashion,5,Divorced,9,1,15.0,5.0,6.0,3.0,225.08,0,32.15428571428571,0.27
53658,0,14.0,Phone,1,7.0,Debit Card,Male,3.0,4,Mobile Phone,4,Divorced,5,0,23.0,2.0,2.0,4.0,148.87,0,49.623333333333335,0.13
53659,0,10.0,Computer,3,14.0,E wallet,Female,3.0,2,Laptop & Accessory,5,Divorced,4,0,17.0,6.0,7.0,14.0,171.39,0,21.42375,0.64
53660,0,22.0,Phone,1,11.0,Debit Card,Male,3.0,4,Fashion,2,Single,3,0,12.0,2.0,2.0,9.0,203.98,0,67.99333333333333,0.09
53661,0,1.0,Phone,3,18.0,Credit Card,Female,4.0,2,Mobile Phone,2,Divorced,10,0,15.0,2.0,2.0,1.0,150.34,0,50.11333333333334,1.0
53662,0,25.0,Phone,1,18.0,Cash on Delivery,Female,3.0,5,Grocery,4,Single,5,0,17.0,1.0,2.0,4.0,256.42,0,85.47333333333334,0.08
53663,0,1.0,Computer,1,7.0,Debit Card,Female,4.0,4,Mobile Phone,2,Single,3,0,16.0,2.0,2.0,1.0,141.11,0,47.03666666666667,1.0
53664,0,9.0,Phone,1,7.0,Credit Card,Female,3.0,5,Laptop & Accessory,2,Divorced,2,0,13.0,2.0,2.0,1.0,178.63,0,59.54333333333333,0.2
53665,0,1.0,Computer,3,9.0,Debit Card,Male,3.0,6,Laptop & Accessory,2,Single,5,0,21.0,2.0,2.0,1.0,175.71,0,58.57,1.0
53666,1,19.0,Phone,3,20.0,E wallet,Male,3.0,2,Grocery,3,Single,8,1,18.0,1.0,4.0,9.0,261.95,0,52.39,0.2
53667,0,30.0,Phone,1,30.0,Debit Card,Male,4.0,4,Grocery,4,Divorced,6,1,13.0,12.0,2.0,10.0,259.02,0,86.33999999999999,0.06
53668,0,8.0,Computer,1,33.0,Cash on Delivery,Female,4.0,5,Mobile Phone,3,Married,3,0,21.0,2.0,2.0,1.0,145.29,0,48.43,0.22
53669,0,14.0,Phone,1,9.0,Credit Card,Female,3.0,2,Laptop & Accessory,3,Married,7,0,21.0,6.0,12.0,9.0,188.77,0,14.52076923076923,0.8
53670,0,8.0,Phone,1,36.0,Credit Card,Male,3.0,4,Laptop & Accessory,3,Divorced,6,0,14.0,1.0,8.0,8.0,179.29,0,19.92111111111111,0.89
53671,1,1.0,Computer,3,9.0,Debit Card,Female,3.0,5,Mobile Phone,2,Single,9,0,15.0,1.0,2.0,1.0,152.85,0,50.949999999999996,1.0
53672,1,1.0,Computer,3,25.0,E wallet,Female,4.0,4,Laptop & Accessory,3,Divorced,2,1,19.0,4.0,4.0,3.0,171.14,1,34.227999999999994,2.0
53673,0,12.0,Computer,1,14.0,Debit Card,Male,3.0,2,Mobile Phone,3,Married,3,0,12.0,1.0,2.0,4.0,151.1,0,50.36666666666667,0.15
53674,0,8.0,Phone,1,9.0,Cash on Delivery,Female,4.0,4,Laptop & Accessory,2,Single,3,0,12.0,2.0,5.0,12.0,191.87,0,31.978333333333335,0.56
53675,0,2.0,Phone,3,33.0,Debit Card,Male,3.0,5,Laptop & Accessory,5,Divorced,3,0,12.0,2.0,2.0,5.0,172.24,0,57.413333333333334,0.67
53676,1,1.0,Phone,1,29.0,Credit Card,Male,4.0,4,Laptop & Accessory,3,Divorced,3,1,16.0,4.0,7.0,8.0,186.79,1,23.34875,3.5
53677,0,13.0,Phone,3,28.0,Debit Card,Male,3.0,5,Laptop & Accessory,2,Divorced,5,1,13.0,1.0,2.0,5.0,186.2,0,62.06666666666666,0.14
53678,0,25.0,Computer,3,9.0,E wallet,Male,3.0,4,Fashion,4,Divorced,4,0,12.0,1.0,4.0,3.0,230.96,0,46.192,0.15
53679,0,15.0,Computer,1,29.0,Debit Card,Female,4.0,4,Laptop & Accessory,2,Married,5,1,15.0,1.0,4.0,4.0,179.67,0,35.934,0.25
53680,0,11.0,Phone,1,11.0,Debit Card,Male,3.0,4,Mobile Phone,3,Divorced,9,1,16.0,2.0,2.0,4.0,154.96,0,51.653333333333336,0.17
53681,0,7.0,Computer,3,12.0,Debit Card,Male,4.0,4,Laptop & Accessory,2,Divorced,8,0,14.0,2.0,2.0,3.0,224.98,0,74.99333333333333,0.25
53682,0,6.0,Phone,3,9.0,E wallet,Male,3.0,4,Laptop & Accessory,4,Divorced,2,1,14.0,1.0,2.0,3.0,165.78,0,55.26,0.29
53683,0,13.0,Computer,1,32.0,Debit Card,Male,4.0,4,Fashion,3,Divorced,5,0,22.0,1.0,2.0,6.0,234.2,0,78.06666666666666,0.14
53684,0,1.0,Phone,3,25.0,Debit Card,Male,4.0,2,Laptop & Accessory,3,Divorced,4,0,12.0,1.0,2.0,3.0,187.32,0,62.44,1.0
53685,0,26.0,Computer,1,35.0,Credit Card,Female,3.0,2,Grocery,3,Divorced,4,1,12.0,1.0,2.0,3.0,257.47,0,85.82333333333334,0.07
53686,0,17.0,Phone,1,13.0,Credit Card,Female,4.0,5,Laptop & Accessory,3,Single,3,1,15.0,2.0,2.0,9.0,165.81,0,55.27,0.11
53687,0,1.0,Phone,3,17.0,E wallet,Female,4.0,5,Laptop & Accessory,2,Divorced,3,1,12.0,3.0,5.0,5.0,182.69,1,30.448333333333334,2.5
53688,1,1.0,Phone,1,24.0,Debit Card,Female,3.0,4,Mobile Phone,3,Single,3,1,14.0,4.0,8.0,8.0,148.94,1,16.54888888888889,4.0
53689,0,1.0,Phone,1,9.0,Credit Card,Male,3.0,5,Mobile Phone,2,Single,2,0,13.0,1.0,2.0,2.0,164.04,0,54.68,1.0
53690,0,16.0,Phone,2,17.0,UPI,Female,3.0,4,Grocery,5,Divorced,2,0,15.707921714818266,1.0,2.0,10.0,292.99,0,97.66333333333334,0.12
53691,0,26.0,Phone,1,15.0,UPI,Female,3.0,4,Mobile Phone,5,Divorced,11,0,14.0,2.0,2.0,5.0,154.5,0,51.5,0.07
53692,0,11.0,Phone,1,18.0,Credit Card,Female,4.0,4,Mobile Phone,3,Single,6,0,19.0,1.0,2.0,3.0,161.29,0,53.76333333333333,0.17
53693,0,9.0,Computer,1,25.0,Debit Card,Male,3.0,4,Fashion,2,Single,4,0,12.0,1.0,3.0,3.0,218.62,0,54.655,0.3
53694,0,1.0,Phone,1,7.0,Cash on Delivery,Male,3.0,4,Mobile Phone,2,Divorced,6,0,12.0,2.0,2.0,3.0,157.29,0,52.43,1.0
53695,0,1.0,Phone,1,14.0,UPI,Male,4.0,2,Mobile Phone,5,Single,2,0,13.0,2.0,2.0,8.0,160.78,0,53.593333333333334,1.0
53696,0,3.0,Phone,2,24.0,UPI,Male,3.0,5,Fashion,5,Single,3,0,14.0,1.0,2.0,10.0,204.88,0,68.29333333333334,0.5
53697,1,1.0,Computer,1,35.0,Debit Card,Male,4.0,5,Laptop & Accessory,5,Single,5,0,21.0,1.0,2.0,4.0,167.84,0,55.946666666666665,1.0
53698,1,1.0,Computer,1,21.0,UPI,Female,3.0,4,Fashion,2,Single,2,1,13.0,3.0,8.0,8.0,200.53,1,22.281111111111112,4.0
53699,0,28.0,Phone,1,7.0,Credit Card,Female,3.0,4,Grocery,2,Single,8,0,15.707921714818266,6.0,13.0,8.0,298.28,0,21.305714285714284,0.45
53700,0,31.0,Phone,1,7.0,Credit Card,Female,4.0,4,Others,5,Divorced,5,1,15.707921714818266,2.0,2.0,6.0,322.01,0,107.33666666666666,0.06
53701,0,29.0,Phone,1,7.0,Credit Card,Male,3.0,2,Grocery,2,Married,4,0,14.0,1.0,2.0,1.0,272.32,0,90.77333333333333,0.07
53702,0,10.0,Phone,3,10.0,E wallet,Female,3.0,4,Laptop & Accessory,4,Single,5,1,17.0,1.0,2.0,3.0,217.78,0,72.59333333333333,0.18
53703,1,1.0,Computer,3,7.0,Debit Card,Female,3.0,6,Mobile Phone,3,Single,3,0,13.0,2.0,2.0,1.0,138.59,0,46.196666666666665,1.0
53704,0,4.0,Phone,3,14.0,E wallet,Female,4.0,4,Laptop & Accessory,5,Married,9,0,15.0,2.0,2.0,3.0,172.79,0,57.596666666666664,0.4
53705,0,5.0,Phone,1,15.0,Debit Card,Female,4.0,4,Grocery,4,Single,5,0,12.0,1.0,2.0,1.0,289.22,0,96.40666666666668,0.33
53706,0,8.0,Computer,1,7.0,UPI,Male,4.0,4,Mobile Phone,5,Married,7,0,15.0,2.0,2.0,4.0,154.96,0,51.653333333333336,0.22
53707,1,1.0,Phone,1,15.0,Debit Card,Female,3.0,5,Mobile Phone,4,Single,3,0,13.0,1.0,2.0,1.0,137.61,0,45.870000000000005,1.0
53708,0,1.0,Phone,1,18.0,Debit Card,Male,4.0,4,Mobile Phone,5,Divorced,2,0,15.0,2.0,2.0,5.0,145.99,0,48.663333333333334,1.0
53709,0,10.0,Phone,1,11.0,Debit Card,Male,3.0,5,Laptop & Accessory,2,Single,3,0,17.0,2.0,2.0,9.0,183.1,0,61.03333333333333,0.18
53710,0,10.0,Phone,3,23.0,E wallet,Female,4.0,5,Laptop & Accessory,5,Divorced,6,0,14.0,2.0,2.0,3.0,181.47,0,60.49,0.18
53711,0,21.0,Phone,1,7.0,Cash on Delivery,Male,4.0,4,Mobile Phone,2,Divorced,9,0,13.0,2.0,2.0,3.0,159.2,0,53.06666666666666,0.09
53712,1,1.0,Phone,3,16.0,Debit Card,Male,4.0,5,Mobile Phone,5,Divorced,5,0,13.0,2.0,3.0,3.0,169.0,0,42.25,1.5
53713,0,11.0,Computer,1,12.0,Cash on Delivery,Male,3.0,2,Mobile Phone,3,Single,2,0,15.0,2.0,2.0,4.0,160.0,0,53.333333333333336,0.17
53714,0,30.0,Phone,1,7.0,Debit Card,Female,3.0,4,Mobile Phone,5,Divorced,4,0,23.0,2.0,2.0,1.0,145.66,0,48.553333333333335,0.06
53715,0,21.0,Phone,1,9.0,Credit Card,Female,3.0,4,Grocery,3,Divorced,5,0,15.707921714818266,4.0,6.0,7.0,296.69,0,42.38428571428572,0.27
53716,0,1.0,Phone,3,11.0,Credit Card,Female,3.0,4,Laptop & Accessory,3,Divorced,3,1,13.0,2.0,2.0,4.0,166.62,1,55.54,1.0
53717,0,6.0,Phone,3,14.0,E wallet,Male,4.0,4,Laptop & Accessory,2,Divorced,6,0,13.0,2.0,2.0,3.0,217.04,0,72.34666666666666,0.29
53718,0,8.0,Phone,1,7.0,Debit Card,Female,3.0,5,Mobile Phone,4,Divorced,7,0,18.0,2.0,2.0,3.0,157.94,0,52.64666666666667,0.22
53719,0,15.0,Phone,1,12.0,Credit Card,Male,3.0,2,Mobile Phone,3,Divorced,4,1,13.0,2.0,2.0,4.0,146.27,0,48.75666666666667,0.12
53720,0,14.0,Computer,1,16.0,UPI,Male,3.0,4,Laptop & Accessory,3,Married,5,0,12.0,2.0,2.0,8.0,164.75,0,54.916666666666664,0.13
53721,0,5.0,Phone,3,15.0,Debit Card,Male,3.0,4,Fashion,2,Married,3,0,19.0,3.0,2.0,10.0,232.93,0,77.64333333333333,0.33
53722,1,10.0,Phone,3,16.0,E wallet,Male,3.0,4,Fashion,1,Married,6,0,12.0,1.0,5.0,3.0,225.96,0,37.660000000000004,0.45
53723,1,3.0,Computer,1,9.0,Debit Card,Female,3.0,5,Mobile Phone,5,Single,4,1,24.0,1.0,2.0,1.0,161.46,1,53.82,0.5
53724,1,1.0,Computer,1,7.0,Debit Card,Female,4.0,2,Fashion,4,Single,3,0,12.0,4.0,5.0,8.0,199.46,0,33.24333333333333,2.5
53725,0,19.0,Phone,1,27.0,Credit Card,Male,4.0,6,Fashion,5,Married,4,1,19.0,1.0,2.0,8.0,233.51,0,77.83666666666666,0.1
53726,0,5.0,Phone,2,15.0,Credit Card,Female,4.0,2,Mobile Phone,4,Single,11,0,19.0,1.0,2.0,3.0,146.09,0,48.696666666666665,0.33
53727,1,1.0,Computer,1,9.0,Debit Card,Male,4.0,4,Mobile Phone,1,Divorced,8,1,14.0,3.0,3.0,3.0,162.22,1,40.555,1.5
53728,0,19.0,Phone,1,36.0,Cash on Delivery,Male,3.0,4,Fashion,1,Divorced,6,1,19.0,2.0,2.0,3.0,218.8,0,72.93333333333334,0.1
53729,0,22.0,Phone,3,14.0,E wallet,Male,4.0,4,Laptop & Accessory,5,Married,6,0,12.0,2.0,3.0,3.0,179.86,0,44.965,0.13
53730,1,1.0,Phone,2,16.0,Cash on Delivery,Female,3.0,4,Mobile Phone,3,Divorced,3,0,16.0,2.0,3.0,3.0,152.42,0,38.105,1.5
53731,0,14.0,Computer,1,15.0,Credit Card,Male,3.0,5,Fashion,4,Married,4,0,12.0,1.0,5.0,9.0,262.57,0,43.76166666666666,0.33
53732,0,2.0,Phone,3,12.0,Credit Card,Male,3.0,4,Laptop & Accessory,5,Single,2,0,19.0,2.0,2.0,3.0,209.63,0,69.87666666666667,0.67
53733,0,18.0,Computer,1,12.0,Debit Card,Male,3.0,5,Mobile Phone,3,Single,5,0,15.0,1.0,2.0,4.0,156.62,0,52.20666666666667,0.11
53734,0,27.0,Phone,1,9.0,Credit Card,Male,3.0,2,Grocery,4,Single,6,0,13.0,1.0,9.0,9.0,290.98,0,29.098000000000003,0.32
53735,0,23.0,Phone,1,12.0,Cash on Delivery,Male,4.0,4,Laptop & Accessory,3,Divorced,4,0,15.0,1.0,2.0,3.0,191.51,0,63.836666666666666,0.08
53736,0,14.0,Phone,1,9.0,Credit Card,Male,4.0,4,Mobile Phone,3,Married,4,0,15.0,1.0,2.0,3.0,148.45,0,49.48333333333333,0.13
53737,0,18.0,Phone,1,27.0,Debit Card,Male,3.0,4,Mobile Phone,4,Single,3,0,14.0,2.0,2.0,4.0,159.2,0,53.06666666666666,0.11
53738,0,7.0,Computer,3,14.0,Credit Card,Male,3.0,4,Laptop & Accessory,5,Divorced,2,0,15.0,1.0,2.0,4.0,168.73,0,56.24333333333333,0.25
53739,0,8.0,Phone,3,10.0,UPI,Male,3.0,6,Laptop & Accessory,5,Single,5,0,19.0,3.0,4.0,13.0,172.59,0,34.518,0.44
53740,0,4.0,Phone,3,23.0,Debit Card,Male,4.0,4,Laptop & Accessory,3,Divorced,10,0,16.0,1.0,3.0,3.0,178.01,0,44.5025,0.6
53741,0,16.0,Computer,1,16.0,Credit Card,Female,4.0,4,Mobile Phone,1,Single,3,0,14.0,5.0,6.0,9.0,161.73,0,23.104285714285712,0.35
53742,0,18.0,Computer,3,7.0,E wallet,Female,4.0,4,Laptop & Accessory,3,Divorced,9,0,13.0,2.0,2.0,1.0,172.68,0,57.56,0.11
53743,0,4.0,Computer,1,14.0,Cash on Delivery,Male,4.0,4,Mobile Phone,3,Married,3,0,14.0,1.0,2.0,1.0,137.74,0,45.913333333333334,0.4
53744,0,51.0,Phone,1,7.0,Debit Card,Male,4.0,2,Laptop & Accessory,3,Divorced,2,0,25.0,2.0,3.0,9.0,174.0,0,43.5,0.06
53745,0,23.0,Phone,1,14.0,Debit Card,Male,3.0,4,Fashion,4,Married,5,0,15.0,1.0,2.0,3.0,229.66,0,76.55333333333333,0.08
53746,0,8.0,Computer,1,22.0,Credit Card,Male,4.0,4,Grocery,5,Married,9,0,15.707921714818266,3.0,7.0,10.0,295.07,0,36.88375,0.78
53747,1,1.0,Computer,3,7.0,Cash on Delivery,Male,4.0,4,Mobile Phone,3,Divorced,5,0,16.0,2.0,2.0,3.0,154.09,0,51.36333333333334,1.0
53748,1,1.0,Computer,3,20.0,Cash on Delivery,Female,3.0,4,Laptop & Accessory,4,Single,7,0,12.0,1.0,2.0,1.0,182.65,0,60.88333333333333,1.0
53749,1,1.0,Phone,3,31.0,Credit Card,Female,3.0,5,Laptop & Accessory,4,Single,2,1,24.0,3.0,11.0,11.0,170.99,1,14.249166666666667,5.5
53750,0,9.0,Phone,3,14.0,Debit Card,Male,4.0,4,Mobile Phone,3,Divorced,3,0,14.0,2.0,2.0,1.0,149.04,0,49.68,0.2
53751,1,1.0,Computer,1,16.0,Credit Card,Male,3.0,4,Mobile Phone,5,Single,4,1,12.0,1.0,2.0,1.0,156.72,1,52.24,1.0
53752,0,1.0,Computer,3,20.0,Debit Card,Female,4.0,4,Mobile Phone,4,Divorced,3,0,14.0,1.0,2.0,1.0,145.33,0,48.443333333333335,1.0
53753,0,18.0,Computer,1,9.0,Credit Card,Male,3.0,4,Fashion,3,Single,7,1,19.0,1.0,3.0,3.0,227.09,0,56.7725,0.16
53754,0,3.0,Phone,3,26.0,Debit Card,Male,4.0,5,Laptop & Accessory,3,Married,3,0,15.0,2.0,2.0,3.0,211.2,0,70.39999999999999,0.5
53755,0,4.0,Phone,2,7.0,Debit Card,Male,3.0,4,Mobile Phone,3,Married,2,0,22.0,1.0,2.0,4.0,145.64,0,48.54666666666666,0.4
53756,0,29.0,Phone,1,11.0,Debit Card,Male,2.0,4,Laptop & Accessory,3,Divorced,2,1,17.0,1.0,2.0,3.0,165.35,0,55.11666666666667,0.07
53757,0,7.0,Phone,1,11.0,Credit Card,Female,3.0,5,Mobile Phone,4,Divorced,10,0,12.0,1.0,2.0,3.0,163.38,0,54.46,0.25
53758,0,21.0,Phone,3,21.0,Credit Card,Female,4.0,4,Laptop & Accessory,3,Divorced,5,1,18.0,2.0,2.0,3.0,170.91,0,56.97,0.09
53759,1,1.0,Computer,1,9.0,Credit Card,Male,3.0,5,Mobile Phone,5,Single,9,0,12.0,1.0,2.0,1.0,150.61,0,50.20333333333334,1.0
53760,0,2.0,Phone,1,7.0,Debit Card,Male,4.0,5,Mobile Phone,3,Married,3,0,15.0,1.0,2.0,1.0,140.63,0,46.876666666666665,0.67
53761,0,2.0,Computer,3,14.0,Debit Card,Male,3.0,4,Laptop & Accessory,5,Single,2,0,15.0,2.0,2.0,4.0,173.98,0,57.99333333333333,0.67
53762,0,23.0,Phone,1,10.0,Credit Card,Female,3.0,5,Laptop & Accessory,5,Divorced,6,0,26.0,2.0,2.0,3.0,172.89,0,57.629999999999995,0.08
53763,0,3.0,Computer,1,9.0,Debit Card,Female,4.0,4,Mobile Phone,4,Divorced,2,0,14.0,1.0,2.0,3.0,156.8,0,52.26666666666667,0.5
53764,0,2.0,Phone,1,36.0,Debit Card,Male,4.0,6,Laptop & Accessory,4,Divorced,3,0,15.0,2.0,2.0,8.0,190.49,0,63.49666666666667,0.67
53765,0,7.0,Phone,1,15.0,Debit Card,Male,4.0,4,Laptop & Accessory,3,Single,4,1,18.0,1.0,2.0,1.0,188.88,0,62.96,0.25
53766,0,6.0,Phone,1,17.0,Credit Card,Male,1.0,4,Fashion,1,Single,4,0,26.0,1.0,2.0,1.0,237.44,0,79.14666666666666,0.29
53767,0,28.0,Computer,1,18.0,Credit Card,Female,3.0,4,Grocery,1,Married,5,0,21.0,1.0,2.0,13.0,285.32,0,95.10666666666667,0.07
53768,1,1.0,Phone,1,7.0,Cash on Delivery,Male,4.0,5,Mobile Phone,5,Single,8,0,14.0,1.0,2.0,8.0,148.62,0,49.54,1.0
53769,0,18.0,Phone,1,35.0,Debit Card,Male,3.0,4,Grocery,5,Divorced,5,0,14.0,1.0,15.0,18.0,288.28,0,18.0175,0.79
53770,0,13.0,Phone,1,13.0,Debit Card,Female,3.0,4,Fashion,4,Single,6,0,19.0,1.0,3.0,3.0,208.76,0,52.19,0.21
53771,0,20.0,Phone,3,10.0,Debit Card,Female,3.0,4,Grocery,4,Divorced,10,0,13.0,1.0,6.0,2.0,291.06,0,41.58,0.29
53772,0,9.0,Phone,1,23.0,Debit Card,Female,4.0,5,Fashion,4,Single,3,0,20.0,2.0,4.0,3.0,211.06,0,42.212,0.4
53773,0,1.0,Phone,1,27.0,Debit Card,Male,4.0,4,Laptop & Accessory,3,Single,2,0,15.0,2.0,2.0,3.0,147.72,0,49.24,1.0
53774,1,4.0,Phone,1,16.0,Debit Card,Male,3.0,4,Mobile Phone,5,Single,5,0,15.0,2.0,2.0,1.0,145.18,0,48.39333333333334,0.4
53775,0,8.0,Phone,3,7.0,Cash on Delivery,Male,4.0,5,Fashion,3,Divorced,3,1,15.0,8.0,9.0,7.0,195.83,0,19.583000000000002,1.0
53776,1,1.0,Computer,1,10.0,Debit Card,Female,3.0,4,Mobile Phone,3,Single,3,0,13.0,7.0,8.0,8.0,165.84,0,18.426666666666666,4.0
53777,0,24.0,Computer,1,29.0,Credit Card,Male,3.0,6,Grocery,1,Single,3,1,14.0,1.0,14.0,10.0,269.11,0,17.94066666666667,0.56
53778,0,8.0,Phone,3,14.0,Cash on Delivery,Male,3.0,4,Mobile Phone,3,Married,2,1,26.0,1.0,6.0,8.0,148.08,0,21.154285714285717,0.67
53779,0,16.0,Phone,1,9.0,Credit Card,Male,4.0,5,Mobile Phone,4,Married,6,0,15.0,2.0,2.0,1.0,173.41,0,57.803333333333335,0.12
53780,0,11.0,Phone,1,20.0,Credit Card,Male,3.0,4,Laptop & Accessory,1,Married,3,0,18.0,1.0,4.0,8.0,167.85,0,33.57,0.33
53781,0,3.0,Phone,1,15.0,UPI,Female,3.0,6,Laptop & Accessory,5,Married,5,0,14.0,1.0,2.0,3.0,222.15,0,74.05,0.5
53782,0,7.0,Phone,1,32.0,Debit Card,Male,3.0,5,Laptop & Accessory,4,Single,3,0,14.0,1.0,2.0,3.0,168.2,0,56.06666666666666,0.25
53783,0,19.0,Phone,1,35.0,Cash on Delivery,Male,4.0,4,Mobile Phone,1,Married,6,0,21.0,2.0,2.0,4.0,146.32,0,48.77333333333333,0.1
53784,0,16.0,Computer,1,9.0,Debit Card,Male,3.0,4,Fashion,1,Married,4,1,15.0,13.0,14.0,3.0,226.24,0,15.082666666666666,0.82
53785,0,14.0,Phone,3,16.0,Credit Card,Male,3.0,4,Laptop & Accessory,5,Married,2,0,13.0,3.0,8.0,2.0,179.73,0,19.97,0.53
53786,0,7.0,Phone,1,35.0,Debit Card,Male,4.0,4,Laptop & Accessory,3,Married,3,1,13.0,2.0,6.0,8.0,177.07,0,25.295714285714286,0.75
53787,0,14.0,Phone,2,13.0,Credit Card,Male,3.0,4,Grocery,1,Single,3,1,22.0,1.0,8.0,8.0,289.37,0,32.15222222222222,0.53
53788,0,1.0,Phone,1,28.0,Cash on Delivery,Male,3.0,5,Mobile Phone,5,Married,2,0,15.0,1.0,2.0,1.0,147.96,0,49.32,1.0
53789,0,14.0,Computer,1,15.0,Debit Card,Male,4.0,4,Laptop & Accessory,1,Married,5,1,19.0,3.0,3.0,3.0,165.69,0,41.4225,0.2
53790,0,19.0,Phone,1,7.0,Cash on Delivery,Male,4.0,4,Fashion,4,Married,3,0,13.0,7.0,8.0,8.0,199.41,0,22.156666666666666,0.4
53791,0,9.0,Phone,3,7.0,Debit Card,Female,4.0,5,Mobile Phone,3,Married,2,0,24.0,3.0,5.0,3.0,149.3,0,24.883333333333336,0.5
53792,0,6.0,Phone,1,12.0,Debit Card,Female,4.0,5,Laptop & Accessory,4,Married,5,0,13.0,2.0,3.0,6.0,183.78,0,45.945,0.43
53793,0,10.0,Phone,3,9.0,Debit Card,Male,4.0,4,Mobile Phone,1,Single,5,1,22.0,1.0,2.0,3.0,151.44,0,50.48,0.18
53794,0,22.0,Phone,3,23.0,Debit Card,Female,4.0,4,Laptop & Accessory,3,Married,10,0,15.0,2.0,8.0,8.0,189.39,0,21.043333333333333,0.35
53795,0,3.0,Phone,1,16.0,Debit Card,Male,4.0,2,Mobile Phone,3,Married,8,0,19.0,2.0,2.0,1.0,149.51,0,49.836666666666666,0.5
53796,0,7.0,Phone,3,15.0,Debit Card,Male,3.0,4,Laptop & Accessory,5,Married,4,0,14.0,3.0,3.0,3.0,188.92,0,47.23,0.38
53797,1,1.0,Phone,3,7.0,Debit Card,Male,4.0,5,Laptop & Accessory,5,Married,3,0,12.0,4.0,7.0,3.0,222.14,0,27.7675,3.5
53798,0,12.0,Computer,2,17.0,UPI,Male,4.0,4,Laptop & Accessory,3,Married,5,0,12.0,1.0,2.0,3.0,185.77,0,61.92333333333334,0.15
53799,0,9.0,Phone,1,7.0,Credit Card,Male,4.0,5,Mobile Phone,5,Single,3,0,20.0,1.0,2.0,3.0,149.5,0,49.833333333333336,0.2
53800,0,4.0,Phone,3,36.0,Cash on Delivery,Male,3.0,4,Fashion,4,Married,5,0,13.0,1.0,2.0,3.0,217.5,0,72.5,0.4
53801,1,1.0,Phone,1,9.0,Debit Card,Female,4.0,4,Mobile Phone,5,Married,3,1,13.0,2.0,2.0,1.0,145.74,1,48.580000000000005,1.0
53802,1,17.0,Phone,1,9.0,Cash on Delivery,Female,4.0,5,Fashion,1,Married,2,0,17.0,2.0,2.0,3.0,226.69,0,75.56333333333333,0.11
53803,1,2.0,Phone,1,9.0,Credit Card,Male,3.0,4,Laptop & Accessory,4,Married,6,0,12.0,1.0,2.0,5.0,173.55,0,57.85,0.67
53804,0,6.0,Computer,1,7.0,Cash on Delivery,Male,4.0,4,Laptop & Accessory,5,Married,6,0,15.0,2.0,2.0,3.0,165.87,0,55.29,0.29
53805,0,22.0,Phone,1,22.0,UPI,Female,4.0,4,Mobile Phone,5,Married,10,0,13.0,8.0,8.0,7.0,148.67,0,16.51888888888889,0.35
53806,0,8.0,Phone,1,14.0,Credit Card,Male,3.0,4,Mobile Phone,1,Single,3,0,14.0,1.0,2.0,1.0,154.72,0,51.57333333333333,0.22
53807,0,29.0,Phone,3,33.0,E wallet,Male,3.0,5,Others,1,Married,3,0,15.707921714818266,3.0,3.0,14.0,320.86,0,80.215,0.1
53808,0,8.0,Phone,1,7.0,Debit Card,Male,3.0,4,Laptop & Accessory,1,Married,11,0,18.0,2.0,3.0,2.0,179.84,0,44.96,0.33
53809,0,1.0,Phone,1,10.0,Debit Card,Female,3.0,4,Mobile Phone,1,Married,3,0,22.0,2.0,2.0,1.0,145.61,0,48.53666666666667,1.0
53810,0,12.0,Phone,3,21.0,Debit Card,Male,4.0,4,Laptop & Accessory,4,Married,2,0,12.0,6.0,8.0,3.0,224.24,0,24.915555555555557,0.62
53811,0,12.0,Phone,3,23.0,Debit Card,Female,3.0,4,Laptop & Accessory,4,Single,4,0,13.0,1.0,2.0,3.0,166.98,0,55.66,0.15
53812,0,10.0,Phone,3,7.0,Debit Card,Female,4.0,4,Laptop & Accessory,3,Single,8,0,14.0,2.0,2.0,1.0,193.15,0,64.38333333333334,0.18
53813,0,3.0,Phone,1,10.0,Credit Card,Male,3.0,4,Mobile Phone,5,Single,3,1,19.0,1.0,2.0,6.0,172.23,1,57.41,0.5
53814,0,9.0,Phone,1,17.0,Credit Card,Female,3.0,4,Laptop & Accessory,3,Single,5,1,17.0,2.0,2.0,5.0,186.42,0,62.13999999999999,0.2
53815,0,13.0,Phone,3,13.0,Credit Card,Male,3.0,2,Fashion,3,Married,4,0,12.0,5.0,8.0,7.0,207.37,0,23.04111111111111,0.57
53816,0,3.0,Computer,1,9.0,Debit Card,Male,3.0,4,Laptop & Accessory,1,Married,3,0,20.0,1.0,2.0,3.0,213.53,0,71.17666666666666,0.5
53817,0,24.0,Phone,3,6.0,E wallet,Male,3.0,4,Others,3,Married,6,1,15.707921714818266,1.0,2.0,1.0,318.31,0,106.10333333333334,0.08
53818,0,1.0,Phone,1,17.0,Cash on Delivery,Male,3.0,2,Mobile Phone,3,Married,4,0,17.0,3.0,3.0,3.0,145.73,0,36.4325,1.5
53819,0,10.0,Computer,1,13.0,Debit Card,Male,4.0,2,Laptop & Accessory,5,Married,5,1,14.0,2.0,2.0,3.0,180.62,0,60.20666666666667,0.18
53820,0,16.0,Phone,1,16.0,UPI,Male,4.0,5,Others,1,Single,10,0,15.707921714818266,2.0,2.0,2.0,321.13,0,107.04333333333334,0.12
53821,0,9.0,Phone,1,35.0,Debit Card,Male,3.0,2,Laptop & Accessory,3,Married,3,0,18.0,6.0,7.0,9.0,159.07,0,19.88375,0.7
53822,0,8.0,Computer,1,17.0,Cash on Delivery,Male,4.0,5,Laptop & Accessory,3,Married,3,0,15.0,3.0,8.0,8.0,175.63,0,19.514444444444443,0.89
53823,0,14.0,Phone,3,21.0,Debit Card,Female,3.0,4,Laptop & Accessory,5,Married,3,0,16.0,1.0,2.0,3.0,171.39,0,57.129999999999995,0.13
53824,0,17.0,Phone,1,34.0,Cash on Delivery,Male,3.0,2,Mobile Phone,4,Married,7,0,13.0,2.0,2.0,3.0,173.76,0,57.919999999999995,0.11
53825,0,9.0,Phone,1,14.0,Debit Card,Male,4.0,5,Mobile Phone,1,Married,3,0,19.0,2.0,2.0,2.0,151.9,0,50.63333333333333,0.2
53826,0,20.0,Phone,3,7.0,Debit Card,Male,3.0,2,Grocery,5,Single,3,0,15.707921714818266,2.0,2.0,13.0,300.67,0,100.22333333333334,0.1
53827,1,1.0,Phone,1,31.0,Credit Card,Male,3.0,4,Mobile Phone,4,Married,3,1,18.0,1.0,2.0,1.0,149.08,1,49.693333333333335,1.0
53828,0,1.0,Computer,1,33.0,UPI,Female,3.0,5,Mobile Phone,3,Married,3,1,15.0,1.0,2.0,4.0,153.14,1,51.04666666666666,1.0
53829,0,24.0,Computer,1,27.0,Credit Card,Male,3.0,4,Grocery,3,Married,4,1,16.0,4.0,2.0,14.0,237.45,0,79.14999999999999,0.08
53830,0,6.0,Phone,1,12.0,UPI,Female,3.0,2,Mobile Phone,1,Married,5,0,18.0,2.0,2.0,3.0,158.12,0,52.70666666666667,0.29
53831,0,18.0,Phone,1,14.0,Credit Card,Female,3.0,4,Others,1,Married,2,1,15.707921714818266,2.0,2.0,11.0,315.49,0,105.16333333333334,0.11
53832,0,4.0,Phone,1,14.0,Credit Card,Male,3.0,5,Mobile Phone,4,Married,3,0,13.0,1.0,2.0,2.0,146.41,0,48.803333333333335,0.4
53833,0,19.0,Phone,1,12.0,Credit Card,Female,3.0,6,Laptop & Accessory,5,Single,3,1,15.0,2.0,2.0,5.0,182.69,0,60.89666666666667,0.1
53834,0,19.0,Computer,3,33.0,E wallet,Male,3.0,5,Laptop & Accessory,5,Married,3,0,16.0,1.0,5.0,6.0,168.85,0,28.141666666666666,0.25
53835,0,5.0,Computer,3,9.0,UPI,Male,3.0,4,Laptop & Accessory,5,Single,9,0,14.0,1.0,2.0,4.0,178.32,0,59.44,0.33
53836,0,10.0,Phone,1,19.0,Debit Card,Female,4.0,4,Laptop & Accessory,3,Married,11,1,13.0,1.0,2.0,2.0,171.63,0,57.21,0.18
53837,0,8.0,Computer,1,17.0,Debit Card,Male,3.0,2,Laptop & Accessory,1,Married,3,0,14.0,6.0,8.0,3.0,172.24,0,19.137777777777778,0.89
53838,0,23.0,Phone,1,32.0,Debit Card,Female,3.0,4,Mobile Phone,5,Married,3,0,15.0,1.0,2.0,5.0,157.11,0,52.370000000000005,0.08
53839,0,13.0,Phone,1,17.0,Credit Card,Male,4.0,4,Laptop & Accessory,5,Married,4,0,14.0,5.0,8.0,8.0,178.77,0,19.863333333333333,0.57
53840,0,1.0,Phone,1,26.0,UPI,Male,4.0,5,Mobile Phone,5,Married,3,0,12.0,1.0,2.0,8.0,165.66,0,55.22,1.0
53841,0,9.0,Phone,1,25.0,Debit Card,Male,3.0,2,Laptop & Accessory,5,Married,3,0,12.0,1.0,2.0,11.0,177.08,0,59.02666666666667,0.2
53842,0,2.0,Phone,1,34.0,Credit Card,Female,3.0,6,Laptop & Accessory,5,Married,2,0,22.0,2.0,2.0,1.0,25.0,0,8.333333333333334,0.67
53843,0,1.0,Phone,1,12.0,Credit Card,Male,4.0,4,Mobile Phone,1,Single,3,0,19.0,2.0,3.0,3.0,156.17,0,39.0425,1.5
53844,1,1.0,Computer,3,10.0,Credit Card,Female,4.0,4,Mobile Phone,1,Single,3,1,13.0,1.0,2.0,1.0,140.69,1,46.89666666666667,1.0
53845,0,21.0,Phone,2,33.0,Debit Card,Female,4.0,4,Others,3,Married,5,0,15.707921714818266,2.0,2.0,1.0,321.58,0,107.19333333333333,0.09
53846,0,13.0,Phone,1,10.0,Credit Card,Male,4.0,5,Laptop & Accessory,3,Married,2,0,16.0,1.0,2.0,8.0,155.69,0,51.89666666666667,0.14
53847,0,14.0,Phone,1,22.0,Debit Card,Female,4.0,5,Fashion,3,Married,3,0,14.0,2.0,15.0,3.0,229.35,0,14.334375,1.0
53848,0,9.0,Computer,1,15.0,Debit Card,Female,3.0,4,Laptop & Accessory,3,Married,3,0,13.0,3.0,3.0,10.0,166.48,0,41.62,0.3
53849,0,11.0,Phone,1,26.0,Debit Card,Male,3.0,4,Laptop & Accessory,3,Married,5,0,18.0,1.0,2.0,3.0,182.68,0,60.89333333333334,0.17
53850,0,13.0,Computer,1,11.0,Credit Card,Female,3.0,4,Laptop & Accessory,3,Single,2,0,14.0,4.0,4.0,9.0,175.42,0,35.083999999999996,0.29
53851,0,19.0,Phone,1,9.0,UPI,Female,3.0,5,Laptop & Accessory,1,Married,3,0,20.0,3.0,4.0,10.0,182.7,0,36.54,0.2
53852,0,12.0,Phone,1,9.0,Credit Card,Female,3.0,5,Fashion,3,Married,5,1,20.0,2.0,2.0,3.0,202.56,0,67.52,0.15
53853,1,1.0,Phone,3,17.0,Credit Card,Male,3.0,5,Fashion,5,Married,11,0,18.0,5.0,7.0,3.0,228.06,0,28.5075,3.5
53854,0,11.0,Phone,1,17.0,Credit Card,Female,4.0,4,Mobile Phone,4,Married,3,0,12.0,2.0,8.0,8.0,164.36,0,18.262222222222224,0.67
53855,0,14.0,Phone,1,23.0,Debit Card,Female,3.0,4,Fashion,1,Single,8,1,16.0,2.0,4.0,4.0,204.45,0,40.89,0.27
53856,0,18.0,Computer,2,7.0,UPI,Male,3.0,4,Laptop & Accessory,1,Married,6,1,12.0,2.0,2.0,3.0,182.43,0,60.81,0.11
53857,0,22.0,Computer,1,11.0,Credit Card,Male,3.0,5,Grocery,1,Married,4,0,26.0,1.0,3.0,3.0,277.02,0,69.255,0.13
53858,1,1.0,Phone,3,22.0,Credit Card,Male,3.0,6,Laptop & Accessory,1,Married,8,1,15.0,2.0,3.0,3.0,179.4,1,44.85,1.5
53859,0,1.0,Computer,1,9.0,Cash on Delivery,Female,3.0,4,Mobile Phone,1,Single,3,1,14.0,2.0,2.0,4.0,162.6,1,54.199999999999996,1.0
53860,0,1.0,Phone,1,15.0,Credit Card,Female,3.0,2,Mobile Phone,3,Married,9,0,18.0,1.0,2.0,3.0,160.17,0,53.38999999999999,1.0
53861,0,1.0,Computer,1,9.0,Credit Card,Male,3.0,4,Mobile Phone,1,Single,4,0,14.0,1.0,2.0,3.0,150.8,0,50.26666666666667,1.0
53862,1,4.0,Phone,1,14.0,Debit Card,Male,4.0,4,Mobile Phone,5,Single,5,1,15.0,1.0,2.0,4.0,146.66,0,48.88666666666666,0.4
53863,0,3.0,Phone,3,17.0,Credit Card,Male,3.0,5,Laptop & Accessory,3,Single,11,0,12.0,2.0,2.0,5.0,183.69,0,61.23,0.5
53864,0,10.0,Phone,1,12.0,Debit Card,Female,3.0,4,Fashion,5,Married,6,0,13.0,2.0,2.0,3.0,205.08,0,68.36,0.18
53865,0,1.0,Computer,1,9.0,Debit Card,Male,4.0,2,Laptop & Accessory,3,Married,3,0,18.0,1.0,2.0,8.0,177.06,0,59.02,1.0
53866,0,13.0,Phone,1,19.0,Credit Card,Male,4.0,4,Laptop & Accessory,4,Married,6,0,22.0,2.0,2.0,1.0,177.95,0,59.31666666666666,0.14
53867,0,23.0,Phone,1,29.0,UPI,Female,4.0,4,Grocery,4,Married,5,0,17.0,1.0,2.0,3.0,289.13,0,96.37666666666667,0.08
53868,0,24.0,Phone,1,24.0,Debit Card,Female,3.0,5,Fashion,5,Married,7,0,16.0,2.0,2.0,12.0,257.69,0,85.89666666666666,0.08
53869,0,1.0,Phone,3,9.0,Credit Card,Female,3.0,4,Mobile Phone,3,Single,3,0,20.0,1.0,3.0,3.0,152.83,0,38.2075,1.5
53870,0,8.0,Phone,1,10.0,Debit Card,Female,4.0,4,Laptop & Accessory,4,Married,3,0,13.0,8.0,8.0,10.0,179.33,0,19.925555555555558,0.89
53871,0,10.0,Phone,1,14.0,Debit Card,Male,4.0,4,Mobile Phone,4,Single,4,0,12.0,1.0,2.0,4.0,145.13,0,48.376666666666665,0.18
53872,0,23.0,Phone,1,13.0,Debit Card,Female,3.0,5,Grocery,3,Married,4,1,20.0,1.0,3.0,13.0,264.66,0,66.165,0.12
53873,0,10.0,Computer,1,7.0,Credit Card,Female,3.0,5,Laptop & Accessory,3,Married,2,0,16.0,2.0,2.0,3.0,168.74,0,56.24666666666667,0.18
53874,0,10.0,Phone,1,10.0,Debit Card,Male,4.0,2,Laptop & Accessory,5,Married,8,0,21.0,2.0,2.0,5.0,193.42,0,64.47333333333333,0.18
53875,0,28.0,Phone,1,29.0,Credit Card,Female,4.0,4,Grocery,3,Married,5,0,15.707921714818266,3.0,5.0,8.0,299.26,0,49.876666666666665,0.17
53876,0,17.0,Phone,1,22.0,Debit Card,Male,4.0,5,Grocery,3,Married,3,0,15.707921714818266,5.0,7.0,12.0,301.03,0,37.62875,0.39
53877,1,1.0,Computer,3,19.0,UPI,Male,3.0,4,Laptop & Accessory,1,Single,5,1,25.0,4.0,7.0,8.0,170.81,1,21.35125,3.5
53878,0,12.0,Computer,1,7.0,Debit Card,Male,3.0,4,Laptop & Accessory,1,Married,9,0,16.0,3.0,3.0,10.0,172.35,0,43.0875,0.23
53879,0,3.0,Phone,3,12.0,Credit Card,Male,3.0,5,Laptop & Accessory,4,Married,3,1,14.0,1.0,2.0,10.0,166.87,1,55.623333333333335,0.5
53880,0,7.0,Phone,3,9.0,Credit Card,Male,4.0,4,Laptop & Accessory,1,Married,3,0,15.0,2.0,2.0,5.0,180.05,0,60.01666666666667,0.25
53881,0,6.0,Phone,1,9.0,Credit Card,Male,3.0,4,Laptop & Accessory,4,Married,2,0,14.0,1.0,2.0,7.0,179.7,0,59.9,0.29
53882,0,5.0,Phone,3,12.0,Debit Card,Female,4.0,4,Laptop & Accessory,1,Married,3,0,12.0,1.0,2.0,3.0,179.76,0,59.919999999999995,0.33
53883,0,23.0,Phone,1,23.0,Credit Card,Female,4.0,4,Mobile Phone,5,Married,6,1,17.0,2.0,3.0,3.0,150.87,0,37.7175,0.12
53884,0,12.0,Computer,1,9.0,Credit Card,Female,3.0,5,Mobile Phone,4,Single,3,0,23.0,2.0,4.0,4.0,149.4,0,29.880000000000003,0.31
53885,0,21.0,Phone,3,9.0,Debit Card,Female,3.0,2,Grocery,4,Married,8,0,15.0,1.0,2.0,3.0,284.72,0,94.90666666666668,0.09
53886,0,23.0,Phone,1,7.0,Debit Card,Male,3.0,4,Grocery,3,Single,6,0,15.0,1.0,2.0,1.0,278.79,0,92.93,0.08
53887,0,15.0,Phone,3,30.0,Debit Card,Male,4.0,4,Fashion,3,Single,5,1,17.0,1.0,2.0,3.0,195.82,0,65.27333333333333,0.12
53888,0,1.0,Phone,3,16.0,Debit Card,Male,3.0,4,Mobile Phone,5,Single,3,0,12.0,1.0,2.0,3.0,152.28,0,50.76,1.0
53889,0,7.0,Computer,3,23.0,Debit Card,Female,3.0,4,Laptop & Accessory,1,Married,3,1,26.0,1.0,2.0,3.0,178.68,0,59.56,0.25
53890,0,10.0,Phone,1,33.0,Debit Card,Male,4.0,4,Laptop & Accessory,3,Married,8,0,15.0,2.0,2.0,3.0,178.47,0,59.49,0.18
53891,0,18.0,Phone,2,7.0,Debit Card,Female,3.0,4,Mobile Phone,1,Married,6,1,19.0,3.0,3.0,3.0,156.95,0,39.2375,0.16
53892,1,1.0,Phone,1,15.0,Credit Card,Male,4.0,5,Mobile Phone,3,Single,3,1,12.0,2.0,2.0,3.0,164.89,1,54.96333333333333,1.0
53893,0,12.0,Phone,1,11.0,Credit Card,Female,3.0,4,Mobile Phone,3,Married,9,0,20.0,1.0,2.0,1.0,158.06,0,52.68666666666667,0.15
53894,0,27.0,Phone,1,31.0,Credit Card,Male,3.0,2,Fashion,1,Married,5,0,16.0,1.0,2.0,3.0,195.05,0,65.01666666666667,0.07
53895,1,12.0,Computer,3,14.0,Credit Card,Female,4.0,4,Mobile Phone,3,Married,4,1,12.0,5.0,8.0,8.0,151.55,0,16.83888888888889,0.62
53896,1,1.0,Phone,1,9.0,Debit Card,Male,4.0,4,Mobile Phone,4,Single,3,0,13.0,2.0,2.0,1.0,138.93,0,46.31,1.0
53897,0,1.0,Computer,1,14.0,Credit Card,Male,4.0,4,Mobile Phone,1,Single,3,0,21.0,6.0,6.0,8.0,150.7,0,21.52857142857143,3.0
53898,0,29.0,Phone,1,29.0,Cash on Delivery,Male,4.0,5,Mobile Phone,4,Married,7,0,13.0,2.0,2.0,3.0,160.37,0,53.45666666666667,0.07
53899,0,8.0,Phone,1,12.0,Credit Card,Male,3.0,5,Laptop & Accessory,1,Married,3,0,15.0,5.0,5.0,14.0,164.86,0,27.47666666666667,0.56
53900,0,31.0,Phone,1,7.0,Credit Card,Male,4.0,6,Fashion,1,Married,5,0,21.0,1.0,2.0,1.0,233.82999999999998,0,77.94333333333333,0.06
53901,0,7.0,Phone,1,28.0,Credit Card,Male,4.0,2,Mobile Phone,4,Married,3,0,19.0,3.0,3.0,14.0,145.28,0,36.32,0.38
53902,0,11.0,Computer,3,7.0,Credit Card,Male,3.0,6,Laptop & Accessory,1,Married,3,0,15.0,1.0,2.0,3.0,220.25,0,73.41666666666667,0.17
53903,0,8.0,Phone,1,26.0,Debit Card,Female,3.0,5,Mobile Phone,1,Married,3,0,13.0,4.0,9.0,8.0,154.29,0,15.428999999999998,1.0
53904,1,1.0,Phone,3,14.0,Debit Card,Male,3.0,4,Mobile Phone,1,Married,3,1,22.0,2.0,2.0,3.0,147.75,1,49.25,1.0
53905,0,18.0,Phone,1,9.0,Debit Card,Female,4.0,2,Fashion,1,Married,3,1,20.0,7.0,7.0,8.0,203.79,0,25.47375,0.37
53906,0,9.0,Computer,1,9.0,Credit Card,Male,4.0,5,Mobile Phone,1,Single,2,1,15.0,2.0,2.0,5.0,174.3,0,58.1,0.2
53907,0,17.0,Phone,3,9.0,Credit Card,Male,4.0,4,Laptop & Accessory,1,Married,3,1,18.0,1.0,9.0,9.0,203.47,0,20.347,0.5
53908,0,1.0,Phone,1,16.0,Credit Card,Male,4.0,2,Mobile Phone,3,Married,3,0,17.0,1.0,2.0,5.0,169.01,0,56.336666666666666,1.0
53909,0,15.0,Phone,3,13.0,E wallet,Male,3.0,4,Fashion,3,Single,3,0,13.0,7.0,9.0,3.0,217.41,0,21.741,0.56
53910,0,3.0,Phone,1,16.0,Credit Card,Female,3.0,4,Mobile Phone,3,Married,11,0,18.0,2.0,2.0,3.0,154.74,0,51.580000000000005,0.5
53911,0,10.0,Phone,3,9.0,Debit Card,Female,3.0,4,Laptop & Accessory,1,Single,5,0,16.0,4.0,7.0,8.0,170.02,0,21.2525,0.64
53912,0,19.0,Computer,1,7.0,Debit Card,Male,4.0,5,Fashion,3,Married,5,0,24.0,4.0,2.0,5.0,232.48000000000002,0,77.49333333333334,0.1
53913,1,1.0,Phone,2,29.0,UPI,Male,3.0,6,Mobile Phone,3,Married,3,0,12.0,1.0,2.0,1.0,140.55,0,46.85,1.0
53914,1,11.0,Computer,3,16.0,Debit Card,Male,3.0,6,Grocery,3,Married,9,0,12.0,2.0,2.0,11.0,254.36,0,84.78666666666668,0.17
53915,0,1.0,Phone,1,24.0,Credit Card,Male,4.0,6,Mobile Phone,3,Married,3,0,16.0,1.0,2.0,3.0,148.05,0,49.35,1.0
53916,0,19.0,Phone,1,35.0,Cash on Delivery,Female,3.0,5,Grocery,4,Single,3,0,15.707921714818266,4.0,9.0,7.0,292.04,0,29.204,0.45
53917,0,6.0,Computer,1,17.0,Debit Card,Male,3.0,4,Mobile Phone,3,Married,8,0,14.0,1.0,2.0,4.0,159.33,0,53.11000000000001,0.29
53918,0,5.0,Phone,1,9.0,Debit Card,Male,4.0,4,Mobile Phone,3,Married,3,0,15.0,1.0,2.0,4.0,159.77,0,53.25666666666667,0.33
53919,0,15.0,Computer,2,11.0,UPI,Male,3.0,6,Laptop & Accessory,4,Married,8,0,20.0,1.0,2.0,3.0,189.3,0,63.1,0.12
53920,0,14.0,Phone,1,15.0,Debit Card,Female,4.0,4,Laptop & Accessory,5,Married,4,1,17.0,1.0,2.0,1.0,190.16,0,63.38666666666666,0.13
53921,0,1.0,Phone,1,36.0,Credit Card,Male,4.0,4,Mobile Phone,5,Married,3,0,14.0,2.0,2.0,3.0,164.07,0,54.69,1.0
53922,0,20.0,Phone,1,20.0,Debit Card,Male,3.0,4,Laptop & Accessory,4,Single,8,0,15.0,2.0,2.0,10.0,180.62,0,60.20666666666667,0.1
53923,0,9.0,Phone,1,34.0,Debit Card,Male,3.0,4,Laptop & Accessory,3,Married,4,0,17.0,1.0,2.0,8.0,193.83,0,64.61,0.2
53924,0,4.0,Phone,1,23.0,Debit Card,Male,3.0,4,Mobile Phone,1,Married,3,0,13.0,1.0,2.0,9.0,153.62,0,51.20666666666667,0.4
53925,0,21.0,Computer,3,9.0,E wallet,Male,3.0,4,Laptop & Accessory,4,Married,9,0,12.0,1.0,2.0,1.0,174.78,0,58.26,0.09
53926,0,20.0,Phone,3,9.0,Debit Card,Male,4.0,4,Fashion,1,Married,6,1,13.0,1.0,2.0,3.0,228.68,0,76.22666666666667,0.1
53927,1,1.0,Phone,3,20.0,E wallet,Male,4.0,5,Laptop & Accessory,5,Married,7,1,14.0,3.0,3.0,3.0,186.34,1,46.585,1.5
53928,1,1.0,Phone,3,7.0,Debit Card,Male,3.0,6,Laptop & Accessory,4,Single,8,0,16.0,1.0,2.0,1.0,192.35,0,64.11666666666666,1.0
53929,0,1.0,Phone,1,11.0,Credit Card,Female,3.0,4,Mobile Phone,4,Single,3,0,14.0,2.0,2.0,3.0,157.95,0,52.65,1.0
53930,0,5.0,Computer,1,31.0,Cash on Delivery,Female,2.0,4,Laptop & Accessory,1,Single,4,0,21.0,2.0,2.0,5.0,177.38,0,59.126666666666665,0.33
53931,0,13.0,Computer,1,7.0,Debit Card,Male,4.0,4,Laptop & Accessory,1,Married,3,1,16.0,4.0,6.0,9.0,189.72,0,27.102857142857143,0.43
53932,0,6.0,Phone,3,26.0,Debit Card,Male,4.0,6,Fashion,3,Married,5,0,14.0,2.0,2.0,3.0,221.1,0,73.7,0.29
53933,0,14.0,Phone,3,14.0,Credit Card,Male,3.0,4,Others,4,Single,3,0,15.707921714818266,2.0,13.0,9.0,323.33,0,23.095,0.87
53934,0,19.0,Phone,2,11.0,Debit Card,Female,3.0,6,Fashion,3,Married,6,0,22.0,2.0,2.0,3.0,222.56,0,74.18666666666667,0.1
53935,0,4.0,Computer,1,9.0,Cash on Delivery,Female,4.0,5,Mobile Phone,5,Single,2,0,17.0,1.0,2.0,8.0,174.68,0,58.22666666666667,0.4
53936,0,1.0,Computer,2,17.0,Credit Card,Male,3.0,4,Mobile Phone,1,Married,2,0,15.0,2.0,3.0,2.0,146.45,0,36.6125,1.5
53937,1,1.0,Computer,2,15.0,UPI,Female,4.0,5,Mobile Phone,1,Married,8,0,12.0,2.0,2.0,3.0,146.8,0,48.93333333333334,1.0
53938,0,5.0,Phone,3,12.0,Cash on Delivery,Male,3.0,4,Laptop & Accessory,3,Married,3,0,20.0,1.0,2.0,3.0,208.46,0,69.48666666666666,0.33
53939,0,1.0,Phone,1,15.0,Credit Card,Female,4.0,4,Mobile Phone,1,Single,3,0,12.0,2.0,2.0,5.0,159.45,0,53.15,1.0
53940,1,1.0,Phone,3,16.0,E wallet,Female,3.0,6,Mobile Phone,4,Single,3,0,14.0,2.0,3.0,3.0,152.6,0,38.15,1.5
53941,0,3.0,Computer,1,7.0,Debit Card,Male,4.0,2,Laptop & Accessory,3,Single,10,1,13.0,1.0,2.0,3.0,187.94,1,62.64666666666667,0.5
53942,0,4.0,Phone,3,22.0,E wallet,Male,4.0,5,Fashion,5,Married,4,0,12.0,1.0,2.0,8.0,196.4,0,65.46666666666667,0.4
53943,0,8.0,Phone,1,9.0,Credit Card,Male,4.0,2,Mobile Phone,1,Married,2,1,15.0,1.0,2.0,3.0,154.32,0,51.44,0.22
53944,0,7.0,Computer,3,9.0,E wallet,Female,4.0,4,Laptop & Accessory,4,Single,10,0,16.0,1.0,2.0,8.0,176.47,0,58.82333333333333,0.25
53945,0,23.0,Phone,3,18.0,E wallet,Female,4.0,4,Laptop & Accessory,1,Single,5,0,13.0,1.0,2.0,5.0,170.07,0,56.69,0.08
53946,1,1.0,Phone,3,23.0,Debit Card,Female,4.0,4,Fashion,5,Single,4,1,21.0,1.0,2.0,3.0,210.64,1,70.21333333333332,1.0
53947,0,12.0,Computer,1,9.0,Credit Card,Female,4.0,5,Mobile Phone,4,Married,6,0,15.0,1.0,2.0,6.0,149.68,0,49.89333333333334,0.15
53948,1,1.0,Phone,3,23.0,E wallet,Male,4.0,4,Fashion,3,Married,4,0,14.0,2.0,2.0,1.0,206.61,0,68.87,1.0
53949,0,3.0,Phone,1,11.0,Cash on Delivery,Female,4.0,5,Mobile Phone,5,Married,3,0,14.0,1.0,2.0,1.0,146.09,0,48.696666666666665,0.5
53950,0,1.0,Phone,1,23.0,Debit Card,Male,3.0,2,Laptop & Accessory,3,Married,5,0,17.0,2.0,2.0,8.0,177.94,0,59.31333333333333,1.0
53951,0,6.0,Computer,1,12.0,Cash on Delivery,Male,4.0,4,Mobile Phone,4,Single,4,0,15.0,2.0,2.0,8.0,152.18,0,50.72666666666667,0.29
53952,0,12.0,Phone,1,25.0,Credit Card,Male,3.0,6,Laptop & Accessory,1,Married,5,1,17.0,1.0,2.0,1.0,183.11,0,61.03666666666667,0.15
53953,1,7.0,Computer,1,24.0,Cash on Delivery,Male,3.0,5,Mobile Phone,3,Married,11,1,17.0,2.0,2.0,1.0,149.37,0,49.79,0.25
53954,0,16.0,Phone,1,19.0,Credit Card,Male,3.0,4,Mobile Phone,4,Married,10,0,23.0,2.0,2.0,5.0,152.66,0,50.88666666666666,0.12
53955,0,29.0,Phone,1,9.0,Credit Card,Male,3.0,5,Others,5,Married,10,0,15.707921714818266,1.0,2.0,1.0,315.38,0,105.12666666666667,0.07
53956,0,7.0,Computer,1,11.0,Cash on Delivery,Male,3.0,4,Laptop & Accessory,4,Married,7,0,16.0,1.0,2.0,8.0,155.55,0,51.85,0.25
53957,0,15.0,Phone,1,16.0,Debit Card,Male,4.0,4,Mobile Phone,5,Married,3,0,21.0,2.0,2.0,5.0,147.89,0,49.29666666666666,0.12
53958,0,8.0,Computer,3,17.0,Debit Card,Male,3.0,4,Laptop & Accessory,3,Married,3,1,15.0,2.0,2.0,8.0,165.01,0,55.00333333333333,0.22
53959,0,27.0,Computer,1,7.0,Credit Card,Female,3.0,5,Grocery,3,Married,6,1,21.0,1.0,2.0,3.0,254.64999999999998,0,84.88333333333333,0.07
53960,0,17.0,Phone,2,9.0,Debit Card,Male,4.0,4,Mobile Phone,1,Single,2,0,14.0,1.0,2.0,9.0,160.39,0,53.46333333333333,0.11
53961,0,8.0,Phone,3,10.0,Debit Card,Female,3.0,6,Laptop & Accessory,1,Single,7,0,13.0,2.0,3.0,3.0,185.29,0,46.3225,0.33
53962,1,1.0,Phone,3,14.0,E wallet,Male,3.0,4,Mobile Phone,4,Single,3,0,14.0,2.0,2.0,1.0,151.79,0,50.596666666666664,1.0
53963,0,12.0,Phone,1,13.0,UPI,Female,3.0,5,Mobile Phone,3,Married,3,0,12.0,1.0,2.0,5.0,162.02,0,54.00666666666667,0.15
53964,1,1.0,Phone,1,15.0,Credit Card,Female,4.0,4,Mobile Phone,5,Married,3,1,18.0,1.0,2.0,1.0,148.98,1,49.66,1.0
53965,0,5.0,Phone,3,36.0,E wallet,Female,4.0,5,Laptop & Accessory,1,Married,3,0,15.0,3.0,6.0,8.0,179.68,0,25.66857142857143,1.0
53966,0,25.0,Phone,1,10.0,Cash on Delivery,Female,3.0,4,Fashion,3,Married,4,0,12.0,3.0,2.0,3.0,256.16,0,85.38666666666667,0.08
53967,0,11.0,Phone,3,16.0,E wallet,Male,3.0,5,Laptop & Accessory,4,Married,3,0,15.0,1.0,2.0,4.0,166.89,0,55.629999999999995,0.17
53968,0,20.0,Phone,1,9.0,Credit Card,Male,3.0,4,Others,1,Married,9,1,15.707921714818266,2.0,3.0,3.0,318.28,0,79.57,0.14
53969,0,10.0,Phone,1,17.0,Debit Card,Male,3.0,4,Fashion,5,Married,9,1,14.0,2.0,6.0,8.0,208.21,0,29.744285714285716,0.55
53970,1,8.0,Computer,1,7.0,Credit Card,Male,3.0,4,Mobile Phone,4,Married,3,1,13.0,2.0,3.0,4.0,148.42,0,37.105,0.33
53971,0,11.0,Phone,2,15.0,UPI,Male,3.0,4,Laptop & Accessory,4,Married,4,0,14.0,5.0,5.0,8.0,165.71,0,27.618333333333336,0.42
53972,1,1.0,Phone,3,34.0,Debit Card,Male,3.0,4,Laptop & Accessory,1,Single,3,1,19.0,1.0,8.0,8.0,183.13,1,20.34777777777778,4.0
53973,0,7.0,Phone,1,15.0,Debit Card,Male,3.0,2,Mobile Phone,5,Married,8,0,20.0,7.0,8.0,7.0,156.43,0,17.38111111111111,1.0
53974,0,2.0,Phone,1,7.0,Debit Card,Male,3.0,4,Mobile Phone,1,Married,3,0,12.0,1.0,2.0,4.0,145.44,0,48.48,0.67
53975,0,13.0,Phone,1,17.0,Credit Card,Male,4.0,4,Fashion,3,Single,9,0,22.0,3.0,2.0,3.0,259.64,0,86.54666666666667,0.14
53976,0,20.0,Computer,3,33.0,Debit Card,Male,4.0,5,Laptop & Accessory,4,Single,10,0,16.0,3.0,3.0,3.0,204.91,0,51.2275,0.14
53977,0,14.0,Phone,1,9.0,Debit Card,Female,3.0,4,Mobile Phone,5,Married,6,0,18.0,2.0,2.0,3.0,158.77,0,52.92333333333334,0.13
53978,0,16.0,Phone,1,20.0,Credit Card,Male,4.0,2,Laptop & Accessory,5,Married,7,0,19.0,2.0,2.0,1.0,180.38,0,60.126666666666665,0.12
53979,0,9.0,Computer,1,9.0,Credit Card,Male,3.0,4,Laptop & Accessory,1,Married,4,0,15.0,1.0,2.0,8.0,182.62,0,60.873333333333335,0.2
53980,0,12.0,Computer,2,9.0,UPI,Male,4.0,4,Mobile Phone,4,Married,7,0,14.0,4.0,4.0,9.0,150.92,0,30.183999999999997,0.31
53981,1,1.0,Computer,1,16.0,Debit Card,Male,4.0,4,Laptop & Accessory,5,Married,6,0,18.0,1.0,2.0,8.0,178.46,0,59.48666666666667,1.0
53982,1,1.0,Phone,1,17.0,Credit Card,Male,3.0,4,Laptop & Accessory,5,Single,3,0,16.0,1.0,2.0,9.0,167.13,0,55.71,1.0
53983,0,13.0,Computer,3,27.0,Debit Card,Male,3.0,4,Laptop & Accessory,1,Married,4,0,19.0,2.0,3.0,3.0,166.27,0,41.5675,0.21
53984,0,17.0,Computer,1,16.0,Debit Card,Male,3.0,4,Mobile Phone,3,Single,6,0,14.0,1.0,2.0,3.0,149.38,0,49.79333333333333,0.11
53985,0,15.0,Phone,1,12.0,Debit Card,Male,3.0,2,Laptop & Accessory,4,Single,5,0,13.0,2.0,2.0,3.0,193.7,0,64.56666666666666,0.12
53986,0,15.0,Phone,3,11.0,E wallet,Female,3.0,4,Fashion,3,Married,2,1,14.0,1.0,14.0,3.0,229.47,0,15.298,0.88
53987,0,4.0,Phone,1,17.0,Credit Card,Female,4.0,4,Fashion,3,Single,11,0,15.0,1.0,2.0,3.0,221.67,0,73.89,0.4
53988,1,1.0,Phone,2,27.0,Credit Card,Female,4.0,4,Mobile Phone,4,Married,2,1,12.0,1.0,2.0,5.0,146.48,1,48.82666666666666,1.0
53989,1,10.0,Phone,1,28.0,Credit Card,Female,4.0,4,Laptop & Accessory,4,Married,6,0,23.0,2.0,4.0,3.0,214.26,0,42.852,0.36
53990,0,14.0,Phone,1,7.0,Debit Card,Female,3.0,4,Laptop & Accessory,1,Married,6,0,18.0,1.0,2.0,4.0,190.13,0,63.376666666666665,0.13
53991,0,8.0,Phone,3,15.0,Cash on Delivery,Male,4.0,2,Laptop & Accessory,3,Married,3,0,22.0,1.0,5.0,9.0,192.99,0,32.165,0.56
53992,0,31.0,Computer,3,9.0,Credit Card,Male,3.0,4,Grocery,4,Married,6,0,23.0,11.0,15.0,15.0,25.0,0,1.5625,0.47
53993,0,9.0,Phone,1,30.0,Credit Card,Male,4.0,6,Mobile Phone,3,Married,2,0,17.0,2.0,2.0,4.0,152.05,0,50.68333333333334,0.2
53994,0,21.0,Phone,1,11.0,Debit Card,Female,4.0,5,Fashion,4,Married,10,1,13.0,3.0,15.0,3.0,228.33,0,14.270625,0.68
53995,0,14.0,Phone,1,19.0,Debit Card,Female,3.0,4,Laptop & Accessory,5,Married,4,0,13.0,8.0,8.0,8.0,169.48,0,18.83111111111111,0.53
53996,0,28.0,Phone,1,14.0,Credit Card,Female,4.0,4,Laptop & Accessory,1,Married,6,0,16.0,2.0,2.0,8.0,193.54,0,64.51333333333334,0.07
53997,0,5.0,Computer,3,14.0,E wallet,Female,4.0,4,Fashion,5,Married,4,0,15.0,3.0,3.0,3.0,221.37,0,55.3425,0.5
53998,0,2.0,Phone,1,7.0,Credit Card,Female,4.0,4,Mobile Phone,5,Married,3,0,26.0,2.0,2.0,3.0,160.91,0,53.63666666666666,0.67
53999,0,12.0,Phone,3,9.0,E wallet,Female,4.0,6,Laptop & Accessory,1,Married,4,1,21.0,1.0,2.0,4.0,179.05,0,59.68333333333334,0.15
54000,0,1.0,Phone,3,17.0,Credit Card,Male,3.0,4,Laptop & Accessory,1,Single,3,0,14.0,1.0,2.0,3.0,171.84,0,57.28,1.0
54001,0,31.0,Computer,1,22.0,Debit Card,Male,3.0,4,Grocery,3,Married,4,1,15.0,1.0,3.0,3.0,282.87,0,70.7175,0.09
54002,0,1.0,Computer,1,21.0,Credit Card,Female,3.0,4,Mobile Phone,3,Single,3,0,17.0,2.0,2.0,1.0,140.14,0,46.71333333333333,1.0
54003,1,1.0,Phone,2,25.0,UPI,Male,3.0,2,Mobile Phone,5,Married,2,0,18.0,2.0,2.0,1.0,154.56,0,51.52,1.0
54004,1,1.0,Phone,2,20.0,UPI,Male,3.0,5,Mobile Phone,5,Married,6,1,16.0,2.0,3.0,1.0,148.35,1,37.0875,1.5
54005,0,19.0,Computer,3,9.0,Debit Card,Female,4.0,4,Laptop & Accessory,3,Married,6,0,23.0,4.0,6.0,8.0,176.54,0,25.22,0.3
54006,0,10.0,Phone,1,9.0,UPI,Female,4.0,4,Laptop & Accessory,4,Married,6,1,23.0,1.0,2.0,1.0,194.62,0,64.87333333333333,0.18
54007,0,17.0,Computer,3,9.0,Debit Card,Male,4.0,4,Laptop & Accessory,1,Married,3,0,21.0,6.0,8.0,8.0,181.75,0,20.194444444444443,0.44
54008,0,1.0,Computer,1,12.0,Debit Card,Female,3.0,4,Mobile Phone,1,Single,2,1,15.0,2.0,2.0,3.0,148.79,1,49.596666666666664,1.0
54009,0,3.0,Computer,1,27.0,Credit Card,Male,3.0,4,Mobile Phone,1,Married,3,0,14.0,2.0,4.0,11.0,163.12,0,32.624,1.0
54010,0,6.0,Computer,3,17.0,E wallet,Male,4.0,4,Laptop & Accessory,1,Single,10,0,14.0,2.0,2.0,1.0,171.48,0,57.16,0.29
54011,0,16.0,Computer,1,17.0,Cash on Delivery,Male,3.0,4,Mobile Phone,3,Married,5,0,23.0,2.0,4.0,4.0,154.36,0,30.872000000000003,0.24
54012,0,21.0,Phone,1,16.0,Debit Card,Female,4.0,4,Mobile Phone,3,Single,6,0,13.0,2.0,3.0,1.0,146.05,0,36.5125,0.14
54013,0,20.0,Phone,1,9.0,Debit Card,Male,3.0,4,Fashion,1,Married,5,0,15.0,2.0,5.0,3.0,210.78,0,35.13,0.24
54014,0,2.0,Computer,2,7.0,Debit Card,Male,3.0,4,Mobile Phone,1,Married,3,0,16.0,1.0,3.0,3.0,152.06,0,38.015,1.0
54015,0,3.0,Phone,1,36.0,Debit Card,Male,4.0,6,Laptop & Accessory,3,Married,10,0,18.0,2.0,2.0,7.0,188.84,0,62.946666666666665,0.5
54016,0,16.0,Phone,1,15.0,Debit Card,Male,3.0,4,Mobile Phone,3,Single,6,0,14.0,2.0,2.0,1.0,164.68,0,54.89333333333334,0.12
54017,1,1.0,Phone,3,9.0,E wallet,Male,3.0,5,Laptop & Accessory,4,Single,9,1,13.0,3.0,3.0,3.0,224.07,1,56.0175,1.5
54018,0,20.0,Phone,3,10.0,Cash on Delivery,Female,3.0,2,Grocery,5,Married,4,0,13.0,2.0,2.0,9.0,257.25,0,85.75,0.1
54019,0,1.0,Phone,3,30.0,Credit Card,Female,3.0,5,Laptop & Accessory,3,Married,3,0,22.0,5.0,6.0,9.0,160.4,0,22.914285714285715,3.0
54020,0,3.0,Phone,2,13.0,Credit Card,Male,3.0,5,Mobile Phone,4,Married,3,0,12.0,2.0,2.0,1.0,153.04,0,51.01333333333333,0.5
54021,0,17.0,Phone,1,13.0,Credit Card,Female,3.0,5,Others,3,Married,9,0,15.707921714818266,4.0,7.0,15.0,318.92,0,39.865,0.39
54022,0,22.0,Phone,1,17.0,Debit Card,Male,4.0,5,Others,4,Married,6,0,15.707921714818266,4.0,13.0,10.0,321.65,0,22.974999999999998,0.57
54023,1,1.0,Computer,1,31.0,Debit Card,Male,4.0,5,Mobile Phone,1,Single,3,1,25.0,2.0,2.0,1.0,149.39,1,49.79666666666666,1.0
54024,1,10.0,Phone,3,17.0,Debit Card,Female,4.0,4,Fashion,4,Married,7,0,22.0,1.0,2.0,8.0,198.14,0,66.04666666666667,0.18
54025,0,1.0,Computer,1,22.0,Debit Card,Female,4.0,5,Mobile Phone,5,Married,2,0,20.0,8.0,8.0,4.0,172.74,0,19.193333333333335,4.0
54026,0,13.0,Phone,1,26.0,UPI,Male,3.0,4,Laptop & Accessory,1,Married,10,0,15.0,2.0,3.0,3.0,164.02,0,41.005,0.21
54027,0,29.0,Phone,1,9.0,Cash on Delivery,Male,4.0,5,Mobile Phone,1,Married,10,0,21.0,1.0,2.0,5.0,151.62,0,50.54,0.07
54028,0,2.0,Phone,3,10.0,Credit Card,Female,4.0,4,Mobile Phone,4,Married,3,0,20.0,2.0,2.0,1.0,153.56,0,51.18666666666667,0.67
54029,1,1.0,Phone,3,16.0,Credit Card,Male,3.0,4,Mobile Phone,1,Single,3,0,14.0,1.0,2.0,1.0,135.81,0,45.27,1.0
54030,1,1.0,Phone,1,14.0,Debit Card,Male,4.0,4,Mobile Phone,4,Single,3,1,24.0,2.0,2.0,1.0,149.72,1,49.906666666666666,1.0
54031,0,10.0,Phone,3,17.0,Cash on Delivery,Female,4.0,5,Laptop & Accessory,3,Married,3,1,14.0,2.0,2.0,8.0,181.73,0,60.57666666666666,0.18
54032,0,5.0,Phone,1,27.0,Debit Card,Male,3.0,4,Laptop & Accessory,3,Married,3,0,12.0,1.0,2.0,3.0,166.97,0,55.656666666666666,0.33
54033,0,8.0,Phone,3,11.0,Debit Card,Male,4.0,4,Fashion,1,Married,4,1,14.0,1.0,2.0,3.0,222.13,0,74.04333333333334,0.22
54034,0,3.0,Phone,1,14.0,Debit Card,Male,3.0,4,Mobile Phone,5,Single,5,0,15.0,1.0,2.0,3.0,145.62,0,48.54,0.5
54035,0,11.0,Phone,1,14.0,Credit Card,Male,4.0,4,Laptop & Accessory,5,Married,7,1,23.0,1.0,2.0,5.0,167.84,0,55.946666666666665,0.17
54036,0,9.0,Phone,1,23.0,UPI,Female,3.0,5,Laptop & Accessory,4,Married,2,1,12.0,2.0,2.0,3.0,172.88,0,57.626666666666665,0.2
54037,0,19.0,Phone,1,32.0,Debit Card,Female,4.0,5,Laptop & Accessory,1,Married,2,0,14.0,1.0,4.0,9.0,184.06,0,36.812,0.2
54038,0,10.0,Computer,2,9.0,UPI,Male,4.0,5,Laptop & Accessory,1,Single,3,0,22.0,2.0,2.0,9.0,163.86,0,54.620000000000005,0.18
54039,0,14.0,Phone,1,7.0,Debit Card,Male,4.0,4,Grocery,5,Married,4,0,15.707921714818266,10.0,12.0,17.0,293.23,0,22.556153846153848,0.8
54040,0,1.0,Phone,1,7.0,Debit Card,Female,3.0,5,Mobile Phone,3,Married,3,1,14.0,1.0,2.0,1.0,154.33,1,51.443333333333335,1.0
54041,0,1.0,Phone,3,9.0,Credit Card,Female,3.0,2,Laptop & Accessory,3,Single,2,0,15.0,1.0,2.0,8.0,190.0,0,63.333333333333336,1.0
54042,0,22.0,Computer,1,29.0,Credit Card,Female,3.0,4,Grocery,1,Married,5,0,15.707921714818266,1.0,5.0,8.0,296.74,0,49.45666666666667,0.22
54043,0,18.0,Phone,1,7.0,Debit Card,Male,4.0,2,Laptop & Accessory,5,Married,4,0,16.0,3.0,3.0,3.0,175.33,0,43.8325,0.16
54044,1,1.0,Computer,1,23.0,Cash on Delivery,Male,3.0,6,Mobile Phone,5,Married,3,1,24.0,4.0,4.0,1.0,148.07,1,29.613999999999997,2.0
54045,1,20.0,Phone,1,31.0,Debit Card,Male,4.0,4,Mobile Phone,1,Single,3,0,17.0,1.0,2.0,1.0,150.87,0,50.29,0.1
54046,0,10.0,Phone,3,24.0,E wallet,Male,3.0,5,Laptop & Accessory,4,Married,4,0,17.0,2.0,2.0,4.0,180.07,0,60.02333333333333,0.18
54047,0,15.0,Phone,3,15.0,E wallet,Female,3.0,4,Laptop & Accessory,4,Married,7,0,22.0,2.0,2.0,5.0,168.93,0,56.31,0.12
54048,0,16.0,Phone,1,13.0,Credit Card,Male,3.0,4,Fashion,5,Married,11,0,14.0,4.0,2.0,8.0,258.48,0,86.16000000000001,0.12
54049,0,5.0,Phone,3,17.0,Credit Card,Female,3.0,4,Laptop & Accessory,1,Married,4,1,12.0,1.0,2.0,5.0,190.83,0,63.61000000000001,0.33
54050,0,8.0,Phone,3,10.0,Credit Card,Female,4.0,5,Laptop & Accessory,1,Married,5,1,13.0,1.0,2.0,2.0,206.03,0,68.67666666666666,0.22
54051,0,5.0,Phone,1,11.0,Credit Card,Female,4.0,2,Mobile Phone,3,Married,10,0,13.0,3.0,3.0,3.0,164.78,0,41.195,0.5
54052,0,1.0,Computer,1,13.0,UPI,Male,4.0,2,Mobile Phone,1,Married,2,0,19.0,3.0,8.0,8.0,150.44,0,16.715555555555554,4.0
54053,0,19.0,Computer,1,7.0,Credit Card,Male,3.0,4,Laptop & Accessory,3,Single,6,0,13.0,2.0,2.0,4.0,178.99,0,59.663333333333334,0.1
54054,0,7.0,Phone,3,17.0,E wallet,Male,3.0,4,Laptop & Accessory,3,Single,3,0,15.0,1.0,2.0,10.0,179.87,0,59.95666666666667,0.25
54055,0,2.0,Computer,3,7.0,Debit Card,Male,3.0,5,Laptop & Accessory,1,Married,3,1,13.0,1.0,2.0,8.0,193.34,1,64.44666666666667,0.67
54056,1,1.0,Computer,3,31.0,Cash on Delivery,Male,3.0,2,Mobile Phone,5,Single,3,0,18.0,2.0,2.0,1.0,135.91,0,45.303333333333335,1.0
54057,0,13.0,Computer,3,28.0,Debit Card,Female,3.0,6,Laptop & Accessory,3,Married,8,0,20.0,1.0,2.0,3.0,182.36,0,60.78666666666667,0.14
54058,0,1.0,Phone,1,9.0,Cash on Delivery,Male,3.0,4,Mobile Phone,4,Married,3,0,12.0,2.0,2.0,3.0,147.26,0,49.086666666666666,1.0
54059,0,8.0,Computer,1,29.0,UPI,Male,3.0,5,Laptop & Accessory,1,Married,3,1,16.0,4.0,7.0,12.0,182.47,0,22.80875,0.78
54060,1,1.0,Phone,3,20.0,E wallet,Female,3.0,4,Laptop & Accessory,3,Single,5,1,12.0,3.0,3.0,3.0,223.54,1,55.885,1.5
54061,0,21.0,Computer,1,21.0,Cash on Delivery,Male,4.0,4,Laptop & Accessory,4,Married,10,0,19.0,1.0,2.0,8.0,179.67,0,59.88999999999999,0.09
54062,0,30.0,Phone,3,18.0,E wallet,Female,3.0,5,Laptop & Accessory,5,Married,6,0,17.0,1.0,2.0,1.0,178.8,0,59.6,0.06
54063,0,13.0,Phone,1,16.0,Credit Card,Male,3.0,4,Laptop & Accessory,5,Married,3,0,26.0,5.0,8.0,10.0,176.51,0,19.612222222222222,0.57
54064,0,12.0,Computer,1,15.0,Credit Card,Female,3.0,5,Laptop & Accessory,4,Married,3,1,17.0,2.0,2.0,8.0,146.33,0,48.77666666666667,0.15
54065,0,31.0,Phone,3,28.0,Debit Card,Female,4.0,4,Grocery,1,Married,6,1,15.707921714818266,2.0,2.0,1.0,303.75,0,101.25,0.06
54066,1,1.0,Computer,1,12.0,Debit Card,Female,3.0,2,Mobile Phone,3,Single,5,1,15.0,1.0,2.0,4.0,149.32,1,49.77333333333333,1.0
54067,0,12.0,Phone,1,16.0,Debit Card,Male,4.0,4,Mobile Phone,1,Married,4,0,20.0,2.0,2.0,4.0,172.71,0,57.57,0.15
54068,0,23.0,Computer,1,9.0,Debit Card,Male,3.0,4,Others,1,Married,5,0,15.707921714818266,3.0,5.0,4.0,316.61,0,52.76833333333334,0.21
54069,0,16.0,Phone,3,19.0,E wallet,Male,4.0,4,Laptop & Accessory,1,Married,5,1,13.0,1.0,2.0,1.0,175.87,0,58.623333333333335,0.12
54070,1,1.0,Computer,2,29.0,UPI,Female,3.0,5,Mobile Phone,4,Married,3,0,13.0,2.0,2.0,1.0,153.63,0,51.21,1.0
54071,0,9.0,Phone,3,25.0,Credit Card,Male,4.0,4,Laptop & Accessory,5,Married,2,0,17.0,1.0,2.0,5.0,25.0,0,8.333333333333334,0.2
54072,0,2.0,Computer,1,23.0,Credit Card,Male,3.0,4,Mobile Phone,3,Single,3,0,15.0,1.0,2.0,5.0,146.44,0,48.81333333333333,0.67
54073,0,5.0,Computer,1,10.0,Credit Card,Male,3.0,4,Mobile Phone,5,Married,3,1,14.0,1.0,3.0,4.0,155.65,0,38.9125,0.5
54074,0,10.0,Computer,1,16.0,Debit Card,Male,4.0,2,Mobile Phone,4,Married,3,0,23.0,2.0,2.0,3.0,153.1,0,51.03333333333333,0.18
54075,0,8.0,Phone,3,7.0,E wallet,Male,3.0,4,Fashion,1,Single,3,0,22.0,2.0,3.0,3.0,223.88,0,55.97,0.33
54076,0,8.0,Phone,3,20.0,Credit Card,Male,3.0,4,Fashion,3,Married,3,0,19.0,2.0,2.0,3.0,211.28,0,70.42666666666666,0.22
54077,0,1.0,Phone,1,7.0,Credit Card,Male,4.0,4,Mobile Phone,5,Single,2,0,14.0,4.0,8.0,7.0,153.67,0,17.074444444444442,4.0
54078,0,3.0,Phone,1,7.0,Debit Card,Male,3.0,4,Laptop & Accessory,5,Married,2,0,13.0,2.0,2.0,3.0,178.73,0,59.57666666666666,0.5
54079,0,6.0,Computer,1,22.0,Credit Card,Female,3.0,4,Laptop & Accessory,1,Married,7,0,19.0,1.0,2.0,3.0,191.67,0,63.88999999999999,0.29
54080,0,5.0,Computer,1,7.0,Debit Card,Male,3.0,6,Laptop & Accessory,5,Married,3,0,22.0,2.0,9.0,8.0,175.03,0,17.503,1.5
54081,1,1.0,Phone,1,24.0,Cash on Delivery,Male,3.0,5,Mobile Phone,1,Married,7,0,13.0,1.0,2.0,4.0,148.67,0,49.556666666666665,1.0
54082,0,12.0,Phone,3,7.0,Debit Card,Male,3.0,5,Mobile Phone,5,Single,6,0,15.0,1.0,2.0,1.0,153.58,0,51.193333333333335,0.15
54083,0,9.0,Phone,3,14.0,Debit Card,Female,3.0,4,Laptop & Accessory,1,Married,3,1,12.0,2.0,2.0,10.0,177.04,0,59.01333333333333,0.2
54084,0,1.0,Phone,3,16.0,E wallet,Male,3.0,4,Laptop & Accessory,1,Single,3,0,15.0,1.0,2.0,8.0,166.05,0,55.35,1.0
54085,0,6.0,Phone,1,12.0,Debit Card,Male,3.0,5,Laptop & Accessory,1,Single,10,0,25.0,1.0,2.0,3.0,221.79,0,73.92999999999999,0.29
54086,1,1.0,Computer,3,33.0,E wallet,Male,4.0,4,Laptop & Accessory,1,Married,3,1,12.0,1.0,2.0,9.0,181.17,1,60.38999999999999,1.0
54087,1,17.0,Phone,3,31.0,Debit Card,Male,4.0,4,Fashion,5,Single,8,1,14.0,3.0,3.0,3.0,229.48,0,57.37,0.17
54088,0,28.0,Phone,1,16.0,Debit Card,Female,4.0,4,Laptop & Accessory,3,Married,5,0,12.0,1.0,3.0,4.0,153.97,0,38.4925,0.1
54089,0,7.0,Computer,1,14.0,Debit Card,Male,3.0,4,Laptop & Accessory,3,Married,3,0,21.0,3.0,3.0,9.0,184.68,0,46.17,0.38
54090,0,17.0,Phone,1,18.0,Debit Card,Male,2.0,4,Fashion,3,Married,3,0,18.0,2.0,2.0,10.0,200.1,0,66.7,0.11
54091,0,12.0,Computer,2,7.0,UPI,Male,3.0,4,Mobile Phone,4,Married,2,1,12.0,2.0,2.0,3.0,154.91,0,51.63666666666666,0.15
54092,0,29.0,Phone,2,33.0,UPI,Male,4.0,2,Others,4,Married,6,1,15.707921714818266,2.0,2.0,5.0,321.36,0,107.12,0.07
54093,0,5.0,Phone,1,9.0,Credit Card,Female,3.0,6,Mobile Phone,1,Married,3,1,12.0,2.0,2.0,1.0,136.29,0,45.43,0.33
54094,0,13.0,Phone,3,22.0,E wallet,Male,4.0,4,Grocery,5,Single,2,0,13.0,5.0,2.0,11.0,258.41,0,86.13666666666667,0.14
54095,0,16.0,Computer,1,30.0,Debit Card,Male,3.0,5,Laptop & Accessory,3,Single,3,0,13.0,3.0,4.0,8.0,168.32,0,33.664,0.24
54096,0,5.0,Computer,1,17.0,Credit Card,Female,3.0,4,Fashion,3,Married,6,0,21.0,4.0,2.0,9.0,235.31,0,78.43666666666667,0.33
54097,0,28.0,Phone,1,17.0,Credit Card,Female,4.0,4,Laptop & Accessory,5,Single,8,1,20.0,1.0,2.0,5.0,169.4,0,56.46666666666667,0.07
54098,0,1.0,Phone,1,7.0,Debit Card,Male,3.0,5,Laptop & Accessory,3,Single,3,0,13.0,2.0,2.0,3.0,171.17,0,57.056666666666665,1.0
54099,0,1.0,Phone,1,19.0,UPI,Male,4.0,4,Mobile Phone,1,Single,3,0,14.0,2.0,2.0,5.0,151.47,0,50.49,1.0
54100,0,14.0,Computer,1,18.0,Cash on Delivery,Female,4.0,4,Laptop & Accessory,3,Married,3,0,12.0,3.0,10.0,5.0,188.23,0,17.11181818181818,0.67
54101,0,14.0,Phone,3,9.0,E wallet,Female,4.0,4,Laptop & Accessory,4,Married,5,0,15.0,2.0,6.0,11.0,181.77,0,25.967142857142857,0.4
54102,0,1.0,Phone,2,9.0,UPI,Female,3.0,4,Mobile Phone,4,Married,6,0,15.0,1.0,2.0,3.0,146.87,0,48.95666666666667,1.0
54103,0,4.0,Phone,1,7.0,Credit Card,Male,4.0,4,Mobile Phone,4,Married,3,0,14.0,1.0,2.0,8.0,162.48,0,54.16,0.4
54104,0,1.0,Phone,1,9.0,UPI,Male,3.0,4,Mobile Phone,3,Married,8,1,20.0,1.0,2.0,3.0,164.77,1,54.92333333333334,1.0
54105,0,21.0,Phone,1,32.0,Credit Card,Male,3.0,4,Fashion,3,Single,4,0,24.0,2.0,13.0,3.0,211.33,0,15.095,0.59
54106,0,7.0,Computer,1,7.0,Credit Card,Male,3.0,5,Mobile Phone,3,Married,3,0,13.0,1.0,2.0,1.0,145.08,0,48.36000000000001,0.25
54107,0,12.0,Phone,3,7.0,Debit Card,Male,3.0,4,Laptop & Accessory,4,Married,2,0,16.0,5.0,6.0,9.0,169.4,0,24.2,0.46
54108,0,5.0,Phone,3,9.0,Debit Card,Male,3.0,4,Mobile Phone,3,Married,2,0,20.0,2.0,2.0,3.0,155.67,0,51.88999999999999,0.33
54109,0,12.0,Computer,1,13.0,Debit Card,Male,4.0,5,Laptop & Accessory,3,Married,4,0,12.0,3.0,8.0,8.0,178.21,0,19.801111111111112,0.62
54110,0,16.0,Phone,1,25.0,Debit Card,Male,3.0,4,Laptop & Accessory,5,Married,8,1,18.0,1.0,2.0,3.0,179.1,0,59.699999999999996,0.12
54111,0,15.0,Phone,1,7.0,Debit Card,Male,4.0,4,Mobile Phone,1,Married,5,0,23.0,1.0,2.0,1.0,152.82,0,50.94,0.12
54112,0,21.0,Computer,1,7.0,Credit Card,Female,4.0,4,Fashion,4,Married,2,0,19.0,1.0,2.0,13.0,244.57,0,81.52333333333333,0.09
54113,0,9.0,Phone,1,18.0,Credit Card,Male,3.0,4,Mobile Phone,3,Married,9,1,12.0,1.0,3.0,3.0,151.6,0,37.9,0.3
54114,0,1.0,Phone,1,7.0,Debit Card,Male,4.0,4,Mobile Phone,3,Single,2,0,13.0,1.0,2.0,3.0,158.75,0,52.916666666666664,1.0
54115,0,9.0,Phone,1,16.0,Credit Card,Male,3.0,4,Laptop & Accessory,3,Single,3,0,20.0,1.0,2.0,9.0,175.98,0,58.66,0.2
54116,0,7.0,Phone,1,22.0,Credit Card,Female,4.0,4,Laptop & Accessory,1,Married,2,1,14.0,6.0,9.0,2.0,37.0,0,3.7,1.12
54117,0,6.0,Phone,1,36.0,Debit Card,Female,3.0,5,Mobile Phone,4,Single,3,0,14.0,4.0,5.0,2.0,153.37,0,25.561666666666667,0.71
54118,0,14.0,Phone,1,7.0,Debit Card,Male,3.0,4,Mobile Phone,1,Married,10,0,20.0,1.0,2.0,1.0,149.06,0,49.68666666666667,0.13
54119,0,6.0,Phone,3,7.0,Credit Card,Male,4.0,5,Mobile Phone,4,Married,2,0,15.0,1.0,3.0,3.0,147.69,0,36.9225,0.43
54120,0,13.0,Phone,1,31.0,Debit Card,Male,3.0,4,Laptop & Accessory,1,Single,9,0,14.0,2.0,2.0,8.0,166.08,0,55.36000000000001,0.14
54121,0,12.0,Phone,1,17.0,Credit Card,Female,3.0,6,Fashion,3,Married,5,0,13.0,2.0,2.0,12.0,257.06,0,85.68666666666667,0.15
54122,0,6.0,Phone,3,7.0,E wallet,Female,3.0,4,Fashion,1,Married,3,0,20.0,4.0,6.0,3.0,229.22,0,32.745714285714286,0.86
54123,0,11.0,Phone,1,17.0,Debit Card,Female,3.0,2,Fashion,1,Married,3,1,26.0,1.0,7.0,9.0,262.44,0,32.805,0.58
54124,0,1.0,Phone,3,15.0,UPI,Female,3.0,4,Laptop & Accessory,3,Married,2,1,23.0,2.0,2.0,5.0,174.07,1,58.02333333333333,1.0
54125,0,26.0,Computer,3,127.0,Debit Card,Male,3.0,4,Mobile Phone,1,Married,4,0,16.0,2.0,2.0,1.0,159.82,0,53.27333333333333,0.07
54126,0,18.0,Phone,1,7.0,Credit Card,Male,3.0,4,Mobile Phone,1,Single,8,1,13.0,1.0,2.0,3.0,149.36,0,49.78666666666667,0.11
54127,0,1.0,Phone,3,12.0,Credit Card,Male,3.0,4,Mobile Phone,5,Single,3,1,12.0,2.0,2.0,3.0,148.8,1,49.6,1.0
54128,0,13.0,Computer,1,16.0,Debit Card,Male,3.0,4,Others,1,Single,4,0,15.707921714818266,1.0,2.0,4.0,319.31,0,106.43666666666667,0.14
54129,1,1.0,Computer,3,16.0,E wallet,Male,3.0,4,Mobile Phone,5,Married,3,0,20.0,2.0,2.0,1.0,142.9,0,47.63333333333333,1.0
54130,0,10.0,Phone,3,10.0,Credit Card,Female,4.0,5,Fashion,1,Married,2,0,20.0,4.0,4.0,5.0,201.44,0,40.288,0.36
54131,0,10.0,Computer,1,11.0,Debit Card,Female,4.0,4,Laptop & Accessory,4,Married,9,0,14.0,2.0,2.0,3.0,176.31,0,58.77,0.18
54132,0,30.0,Computer,1,7.0,Debit Card,Male,3.0,4,Laptop & Accessory,3,Married,3,0,22.0,1.0,2.0,10.0,188.06,0,62.68666666666667,0.06
54133,1,1.0,Phone,1,7.0,Credit Card,Male,3.0,4,Mobile Phone,1,Married,11,1,15.0,3.0,3.0,3.0,172.87,1,43.2175,1.5
54134,0,16.0,Phone,1,9.0,Debit Card,Male,3.0,4,Others,3,Married,7,0,15.707921714818266,2.0,5.0,15.0,313.8,0,52.300000000000004,0.29
54135,1,20.0,Phone,1,14.0,Cash on Delivery,Male,4.0,4,Mobile Phone,3,Married,10,0,12.0,7.0,10.0,9.0,148.39,0,13.489999999999998,0.48
54136,0,15.0,Phone,1,35.0,Debit Card,Female,3.0,5,Grocery,4,Married,2,0,24.0,2.0,2.0,11.0,260.7,0,86.89999999999999,0.12
54137,0,8.0,Phone,3,35.0,E wallet,Female,4.0,5,Laptop & Accessory,3,Married,3,0,22.0,2.0,2.0,8.0,192.12,0,64.04,0.22
54138,0,10.0,Computer,3,22.0,E wallet,Male,3.0,6,Laptop & Accessory,1,Married,3,0,25.0,5.0,12.0,12.0,179.06,0,13.773846153846154,1.09
54139,0,15.0,Phone,3,10.0,Debit Card,Male,3.0,5,Laptop & Accessory,4,Married,4,0,12.0,1.0,2.0,3.0,214.38,0,71.46,0.12
54140,0,6.0,Phone,1,9.0,Cash on Delivery,Male,4.0,4,Mobile Phone,5,Single,3,0,15.0,2.0,2.0,3.0,149.39,0,49.79666666666666,0.29
54141,0,9.0,Phone,2,33.0,Debit Card,Female,3.0,4,Fashion,1,Single,3,1,17.0,2.0,2.0,3.0,213.37,0,71.12333333333333,0.2
54142,0,12.0,Phone,3,17.0,Debit Card,Female,4.0,4,Laptop & Accessory,1,Married,3,0,12.0,1.0,2.0,10.0,178.43,0,59.47666666666667,0.15
54143,1,14.0,Computer,3,7.0,Debit Card,Male,4.0,4,Laptop & Accessory,3,Married,9,0,13.0,2.0,2.0,2.0,192.28,0,64.09333333333333,0.13
54144,0,10.0,Phone,3,18.0,E wallet,Female,4.0,5,Laptop & Accessory,1,Married,6,0,14.0,2.0,2.0,1.0,191.52,0,63.84,0.18
54145,0,19.0,Phone,3,27.0,Debit Card,Female,3.0,4,Laptop & Accessory,3,Single,10,0,16.0,2.0,2.0,2.0,173.5,0,57.833333333333336,0.1
54146,0,14.0,Phone,1,9.0,Debit Card,Male,3.0,5,Mobile Phone,3,Single,4,0,15.0,1.0,3.0,3.0,153.09,0,38.2725,0.2
54147,0,9.0,Computer,1,25.0,Debit Card,Male,4.0,4,Laptop & Accessory,3,Married,3,1,15.0,2.0,2.0,3.0,181.89,0,60.629999999999995,0.2
54148,0,14.0,Phone,1,9.0,Credit Card,Female,4.0,4,Mobile Phone,3,Married,4,0,15.0,2.0,2.0,3.0,145.01,0,48.336666666666666,0.13
54149,0,9.0,Phone,1,7.0,Debit Card,Female,4.0,6,Mobile Phone,1,Married,3,0,13.0,1.0,2.0,2.0,154.77,0,51.59,0.2
54150,0,3.0,Phone,1,20.0,UPI,Male,3.0,5,Laptop & Accessory,4,Married,6,1,14.0,2.0,2.0,4.0,165.25,1,55.083333333333336,0.5
54151,0,3.0,Phone,1,35.0,Credit Card,Female,4.0,5,Mobile Phone,5,Single,3,0,15.0,1.0,2.0,5.0,162.85,0,54.28333333333333,0.5
54152,1,14.0,Phone,3,35.0,E wallet,Male,3.0,5,Fashion,5,Married,6,1,14.0,1.0,2.0,1.0,233.54000000000002,0,77.84666666666668,0.13
54153,0,13.0,Phone,3,31.0,E wallet,Female,3.0,5,Grocery,1,Married,2,0,12.0,2.0,2.0,7.0,245.31,0,81.77,0.14
54154,0,5.0,Computer,1,12.0,Credit Card,Male,4.0,4,Laptop & Accessory,5,Single,2,0,20.0,1.0,2.0,3.0,224.36,0,74.78666666666668,0.33
54155,0,1.0,Phone,3,12.0,UPI,Female,2.0,5,Mobile Phone,3,Single,2,0,19.0,1.0,2.0,1.0,154.66,0,51.553333333333335,1.0
54156,0,10.0,Computer,1,30.0,Credit Card,Male,3.0,2,Laptop & Accessory,1,Married,6,0,18.0,1.0,2.0,4.0,150.71,0,50.23666666666667,0.18
54157,0,13.0,Phone,1,13.0,Credit Card,Male,3.0,5,Fashion,5,Married,6,0,16.0,2.0,2.0,3.0,224.91,0,74.97,0.14
54158,0,1.0,Phone,1,11.0,Debit Card,Male,3.0,2,Laptop & Accessory,4,Married,3,1,21.0,2.0,2.0,4.0,186.42,1,62.13999999999999,1.0
54159,0,23.0,Computer,3,9.0,Credit Card,Male,4.0,5,Laptop & Accessory,4,Married,4,0,15.0,2.0,2.0,9.0,178.9,0,59.63333333333333,0.08
54160,0,8.0,Phone,1,15.0,Credit Card,Male,3.0,2,Laptop & Accessory,3,Married,4,0,13.0,1.0,2.0,3.0,169.04,0,56.346666666666664,0.22
54161,1,5.0,Phone,3,7.0,Debit Card,Female,4.0,4,Laptop & Accessory,1,Single,10,1,12.0,1.0,2.0,6.0,184.93,0,61.64333333333334,0.33
54162,0,23.0,Computer,1,15.0,Debit Card,Male,4.0,5,Laptop & Accessory,4,Married,3,0,24.0,1.0,2.0,8.0,176.3,0,58.76666666666667,0.08
54163,1,1.0,Phone,1,9.0,UPI,Male,4.0,5,Mobile Phone,3,Single,8,1,16.0,1.0,2.0,1.0,145.9,1,48.63333333333333,1.0
54164,0,7.0,Computer,1,10.0,Debit Card,Female,3.0,4,Mobile Phone,3,Married,3,1,12.0,3.0,4.0,1.0,154.09,0,30.818,0.5
54165,0,1.0,Phone,1,9.0,Credit Card,Male,3.0,4,Mobile Phone,4,Married,11,0,13.0,2.0,3.0,3.0,159.68,0,39.92,1.5
54166,0,6.0,Computer,1,9.0,Debit Card,Male,4.0,4,Mobile Phone,1,Single,2,0,14.0,2.0,4.0,7.0,155.68,0,31.136000000000003,0.57
54167,0,31.0,Phone,1,10.0,Credit Card,Female,3.0,2,Mobile Phone,5,Married,6,1,21.0,1.0,2.0,1.0,151.7,0,50.56666666666666,0.06
54168,0,4.0,Phone,1,31.0,Debit Card,Male,4.0,4,Mobile Phone,3,Married,3,0,23.0,2.0,2.0,1.0,151.93,0,50.64333333333334,0.4
54169,0,12.0,Computer,1,30.0,Debit Card,Male,3.0,5,Fashion,3,Single,2,0,22.0,2.0,2.0,3.0,220.26,0,73.42,0.15
54170,0,10.0,Phone,1,34.0,Credit Card,Male,4.0,4,Laptop & Accessory,3,Married,8,0,14.0,1.0,8.0,8.0,177.37,0,19.70777777777778,0.73
54171,0,9.0,Phone,1,23.0,Credit Card,Male,3.0,2,Mobile Phone,4,Married,2,0,14.0,2.0,2.0,4.0,149.26,0,49.75333333333333,0.2
54172,0,3.0,Phone,1,22.0,Debit Card,Female,3.0,5,Laptop & Accessory,3,Single,2,1,13.0,2.0,2.0,9.0,166.93,1,55.64333333333334,0.5
54173,0,5.0,Phone,1,33.0,Debit Card,Male,3.0,4,Mobile Phone,3,Married,3,0,18.0,4.0,5.0,4.0,154.11,0,25.685000000000002,0.83
54174,0,8.0,Phone,1,26.0,Credit Card,Male,4.0,4,Mobile Phone,1,Married,2,0,12.0,1.0,2.0,3.0,151.61,0,50.53666666666667,0.22
54175,1,1.0,Phone,1,31.0,Debit Card,Male,3.0,5,Mobile Phone,3,Single,7,1,15.0,1.0,2.0,4.0,145.28,1,48.42666666666667,1.0
54176,0,3.0,Phone,1,28.0,Debit Card,Female,3.0,2,Fashion,5,Married,3,0,12.0,7.0,9.0,3.0,224.8,0,22.48,2.25
54177,0,6.0,Phone,1,12.0,Debit Card,Male,4.0,2,Mobile Phone,4,Married,2,1,13.0,2.0,2.0,6.0,157.98,0,52.66,0.29
54178,0,1.0,Computer,1,23.0,Credit Card,Male,4.0,2,Mobile Phone,1,Married,3,1,14.0,1.0,2.0,1.0,154.35,1,51.449999999999996,1.0
54179,0,27.0,Phone,3,9.0,Debit Card,Female,4.0,5,Grocery,1,Married,4,0,17.0,1.0,4.0,8.0,279.27,0,55.854,0.14
54180,0,12.0,Phone,1,9.0,Debit Card,Male,3.0,4,Mobile Phone,1,Single,7,1,12.0,1.0,2.0,3.0,164.44,0,54.81333333333333,0.15
54181,0,1.0,Computer,1,18.0,UPI,Female,4.0,2,Laptop & Accessory,3,Married,2,0,19.0,1.0,2.0,4.0,165.11,0,55.03666666666667,1.0
54182,1,1.0,Phone,3,16.0,Debit Card,Male,3.0,5,Mobile Phone,5,Single,9,0,24.0,1.0,2.0,4.0,159.07,0,53.02333333333333,1.0
54183,0,8.0,Phone,1,14.0,Debit Card,Female,3.0,4,Fashion,4,Single,2,0,12.0,1.0,2.0,12.0,244.94,0,81.64666666666666,0.22
54184,0,1.0,Phone,1,22.0,Debit Card,Male,4.0,4,Mobile Phone,1,Single,3,0,15.0,2.0,2.0,1.0,137.32,0,45.77333333333333,1.0
54185,1,1.0,Phone,1,13.0,Credit Card,Male,3.0,4,Mobile Phone,5,Single,4,0,12.0,1.0,2.0,4.0,154.6,0,51.53333333333333,1.0
54186,0,27.0,Phone,1,12.0,UPI,Female,3.0,4,Others,3,Married,6,0,15.707921714818266,2.0,5.0,9.0,315.94,0,52.656666666666666,0.18
54187,1,1.0,Computer,1,23.0,Debit Card,Female,4.0,6,Mobile Phone,5,Single,3,1,23.0,1.0,7.0,8.0,164.19,1,20.52375,3.5
54188,0,16.0,Phone,3,15.0,E wallet,Male,3.0,4,Laptop & Accessory,4,Married,2,0,12.0,3.0,5.0,3.0,193.25,0,32.208333333333336,0.29
54189,0,18.0,Phone,1,14.0,Credit Card,Female,3.0,5,Fashion,1,Married,5,0,15.0,1.0,6.0,3.0,227.48,0,32.497142857142855,0.32
54190,0,20.0,Phone,3,9.0,E wallet,Female,3.0,4,Others,5,Single,5,0,15.707921714818266,3.0,3.0,2.0,314.47,0,78.6175,0.14
54191,0,7.0,Phone,1,9.0,Credit Card,Male,4.0,4,Mobile Phone,1,Single,6,0,12.0,1.0,2.0,1.0,149.96,0,49.98666666666667,0.25
54192,0,18.0,Phone,1,17.0,UPI,Male,3.0,4,Laptop & Accessory,1,Married,4,1,14.0,1.0,2.0,4.0,189.65,0,63.21666666666667,0.11
54193,0,4.0,Phone,1,16.0,Credit Card,Male,3.0,5,Mobile Phone,3,Single,3,0,14.0,1.0,2.0,9.0,147.06,0,49.02,0.4
54194,1,3.0,Phone,3,12.0,Cash on Delivery,Male,3.0,4,Laptop & Accessory,1,Married,5,0,15.0,1.0,2.0,1.0,145.86,0,48.620000000000005,0.5
54195,1,1.0,Phone,1,7.0,Credit Card,Male,4.0,4,Mobile Phone,1,Married,4,1,17.0,1.0,3.0,1.0,147.93,1,36.9825,1.5
54196,0,17.0,Phone,1,9.0,Credit Card,Female,4.0,2,Mobile Phone,3,Married,3,0,13.0,2.0,2.0,5.0,151.45,0,50.48333333333333,0.11
54197,1,14.0,Phone,3,10.0,E wallet,Male,3.0,5,Mobile Phone,3,Married,3,1,15.0,2.0,2.0,3.0,151.83,0,50.61000000000001,0.13
54198,0,9.0,Phone,3,9.0,E wallet,Female,4.0,4,Mobile Phone,1,Married,3,0,14.0,3.0,3.0,3.0,145.14,0,36.285,0.3
54199,0,10.0,Phone,1,12.0,Debit Card,Female,3.0,5,Mobile Phone,5,Married,11,1,15.0,2.0,2.0,1.0,159.19,0,53.06333333333333,0.18
54200,0,7.0,Computer,3,7.0,Debit Card,Female,3.0,2,Laptop & Accessory,5,Married,4,0,20.0,1.0,2.0,4.0,178.76,0,59.586666666666666,0.25
54201,0,9.0,Phone,1,11.0,UPI,Male,4.0,4,Mobile Phone,1,Married,3,0,13.0,2.0,2.0,1.0,144.51,0,48.169999999999995,0.2
54202,0,1.0,Phone,1,9.0,Debit Card,Female,3.0,4,Mobile Phone,5,Married,3,0,14.0,2.0,2.0,1.0,148.41,0,49.47,1.0
54203,1,1.0,Phone,1,32.0,Debit Card,Male,3.0,6,Mobile Phone,3,Single,3,0,13.0,1.0,2.0,2.0,147.93,0,49.31,1.0
54204,0,1.0,Computer,3,15.0,Debit Card,Male,3.0,4,Fashion,3,Single,3,0,16.0,2.0,2.0,3.0,212.26,0,70.75333333333333,1.0
54205,0,4.0,Computer,1,7.0,Credit Card,Female,3.0,4,Laptop & Accessory,1,Single,3,0,24.0,2.0,4.0,8.0,165.11,0,33.022000000000006,0.8
54206,1,5.0,Phone,1,19.0,Cash on Delivery,Female,3.0,4,Others,3,Married,3,0,15.707921714818266,2.0,16.0,9.0,320.45,0,18.849999999999998,2.67
54207,0,8.0,Computer,3,30.0,E wallet,Male,4.0,4,Laptop & Accessory,3,Single,2,0,21.0,1.0,9.0,8.0,170.68,0,17.068,1.0
54208,0,11.0,Phone,1,26.0,Debit Card,Male,4.0,4,Mobile Phone,4,Married,6,0,22.0,1.0,2.0,1.0,155.22,0,51.74,0.17
54209,0,20.0,Computer,3,12.0,E wallet,Male,4.0,4,Laptop & Accessory,1,Single,6,1,22.0,2.0,2.0,9.0,182.72,0,60.906666666666666,0.1
54210,0,9.0,Phone,1,15.0,Debit Card,Male,3.0,2,Mobile Phone,1,Married,3,0,20.0,2.0,2.0,2.0,147.69,0,49.23,0.2
54211,1,12.0,Phone,1,7.0,Debit Card,Male,4.0,5,Fashion,3,Single,11,1,14.0,1.0,2.0,1.0,178.81,0,59.60333333333333,0.15
54212,1,1.0,Phone,1,12.0,Cash on Delivery,Male,3.0,4,Mobile Phone,3,Single,3,1,14.0,1.0,3.0,3.0,159.41,1,39.8525,1.5
54213,0,18.0,Phone,3,7.0,E wallet,Female,4.0,4,Laptop & Accessory,5,Married,7,1,22.0,2.0,2.0,4.0,179.54,0,59.846666666666664,0.11
54214,0,9.0,Computer,1,18.0,Credit Card,Male,4.0,5,Fashion,5,Married,4,1,14.0,2.0,3.0,3.0,223.84,0,55.96,0.3
54215,0,1.0,Phone,3,30.0,E wallet,Female,3.0,5,Laptop & Accessory,1,Married,9,1,20.0,1.0,2.0,1.0,166.57,1,55.52333333333333,1.0
54216,0,7.0,Computer,1,30.0,Debit Card,Female,4.0,4,Fashion,1,Single,3,1,13.0,4.0,2.0,13.0,259.58,0,86.52666666666666,0.25
54217,0,9.0,Computer,3,6.0,Debit Card,Male,4.0,4,Fashion,5,Married,3,0,23.0,1.0,2.0,3.0,215.69,0,71.89666666666666,0.2
54218,0,9.0,Phone,1,30.0,Credit Card,Female,2.0,4,Mobile Phone,5,Married,5,1,16.0,1.0,3.0,3.0,165.14,0,41.285,0.3
54219,0,5.0,Phone,1,14.0,Debit Card,Male,3.0,4,Laptop & Accessory,1,Married,5,0,23.0,1.0,2.0,8.0,184.15,0,61.38333333333333,0.33
54220,0,11.0,Phone,1,7.0,Debit Card,Male,3.0,5,Laptop & Accessory,3,Married,3,0,19.0,1.0,2.0,8.0,184.93,0,61.64333333333334,0.17
54221,0,6.0,Phone,1,7.0,Credit Card,Male,3.0,4,Laptop & Accessory,1,Married,3,1,23.0,6.0,8.0,9.0,186.62,0,20.735555555555557,1.14
54222,0,12.0,Computer,1,36.0,Debit Card,Female,3.0,4,Laptop & Accessory,1,Single,3,0,12.0,7.0,10.0,10.0,149.06,0,13.55090909090909,0.77
54223,0,24.0,Phone,1,14.0,Credit Card,Female,3.0,5,Others,3,Married,7,1,15.707921714818266,5.0,14.0,9.0,312.4,0,20.826666666666664,0.56
54224,0,31.0,Phone,3,32.0,Debit Card,Female,5.0,4,Fashion,5,Single,9,0,12.0,7.0,8.0,10.0,201.37,0,22.374444444444446,0.25
54225,0,10.0,Phone,1,15.0,Cash on Delivery,Female,3.0,4,Fashion,3,Married,3,0,14.0,8.0,13.0,3.0,225.96,0,16.14,1.18
54226,0,29.0,Phone,1,15.0,Credit Card,Female,3.0,4,Grocery,3,Married,4,1,15.0,1.0,2.0,3.0,272.56,0,90.85333333333334,0.07
54227,0,10.0,Computer,1,18.0,Debit Card,Male,4.0,5,Laptop & Accessory,4,Single,3,0,14.0,2.0,2.0,4.0,189.99,0,63.330000000000005,0.18
54228,0,19.0,Phone,1,14.0,Debit Card,Male,3.0,4,Fashion,5,Married,4,0,18.0,1.0,2.0,3.0,222.24,0,74.08,0.1
54229,0,9.0,Computer,1,7.0,Credit Card,Male,4.0,4,Mobile Phone,5,Married,6,0,14.0,1.0,2.0,3.0,146.94,0,48.98,0.2
54230,1,1.0,Phone,1,16.0,Credit Card,Male,4.0,5,Mobile Phone,3,Married,2,1,18.0,2.0,2.0,1.0,158.88,1,52.96,1.0
54231,0,31.0,Computer,3,7.0,Debit Card,Female,3.0,5,Laptop & Accessory,3,Single,9,0,12.0,2.0,2.0,4.0,179.73,0,59.91,0.06
54232,0,3.0,Phone,1,9.0,Debit Card,Male,4.0,4,Mobile Phone,4,Married,2,0,24.0,2.0,2.0,5.0,152.03,0,50.67666666666667,0.5
54233,0,5.0,Phone,1,7.0,Credit Card,Male,3.0,4,Mobile Phone,4,Single,3,0,18.0,2.0,2.0,1.0,150.01,0,50.00333333333333,0.33
54234,0,6.0,Phone,1,7.0,Debit Card,Male,4.0,4,Laptop & Accessory,4,Married,3,0,18.0,2.0,2.0,10.0,187.2,0,62.4,0.29
54235,0,10.0,Phone,1,13.0,Debit Card,Female,3.0,2,Mobile Phone,1,Married,5,0,13.0,1.0,2.0,1.0,155.38,0,51.79333333333333,0.18
54236,0,5.0,Phone,1,15.0,Debit Card,Female,4.0,4,Laptop & Accessory,1,Single,3,0,24.0,2.0,2.0,9.0,169.24,0,56.413333333333334,0.33
54237,0,9.0,Phone,3,7.0,E wallet,Male,3.0,5,Laptop & Accessory,5,Single,2,0,15.0,2.0,3.0,9.0,168.12,0,42.03,0.3
54238,0,19.0,Phone,1,13.0,UPI,Male,3.0,4,Fashion,5,Married,6,1,15.0,2.0,2.0,1.0,257.45,0,85.81666666666666,0.1
54239,0,11.0,Phone,1,14.0,Credit Card,Male,2.0,4,Fashion,3,Single,6,0,14.0,1.0,2.0,3.0,261.64,0,87.21333333333332,0.17
54240,0,20.0,Phone,2,12.0,Credit Card,Male,4.0,4,Laptop & Accessory,4,Married,3,1,23.0,2.0,2.0,3.0,175.21,0,58.403333333333336,0.1
54241,0,4.0,Phone,1,7.0,Debit Card,Male,3.0,5,Laptop & Accessory,1,Married,3,1,13.0,2.0,4.0,1.0,176.26,0,35.251999999999995,0.8
54242,0,9.0,Phone,1,7.0,Credit Card,Male,2.0,5,Mobile Phone,3,Single,3,0,19.0,2.0,2.0,5.0,153.59,0,51.196666666666665,0.2
54243,0,29.0,Phone,3,7.0,Debit Card,Male,4.0,4,Fashion,1,Married,5,0,15.0,1.0,2.0,3.0,227.39,0,75.79666666666667,0.07
54244,0,12.0,Computer,1,13.0,Credit Card,Female,4.0,6,Laptop & Accessory,1,Married,9,1,13.0,1.0,2.0,10.0,178.29,0,59.43,0.15
54245,0,8.0,Phone,1,7.0,Credit Card,Male,4.0,4,Laptop & Accessory,4,Married,3,0,16.0,2.0,2.0,4.0,168.25,0,56.083333333333336,0.22
54246,0,30.0,Phone,1,14.0,Debit Card,Male,3.0,6,Fashion,1,Single,6,0,12.0,1.0,2.0,3.0,197.6,0,65.86666666666666,0.06
54247,0,1.0,Phone,3,9.0,Cash on Delivery,Male,4.0,4,Mobile Phone,5,Married,5,0,14.0,2.0,2.0,1.0,148.22,0,49.406666666666666,1.0
54248,0,25.0,Phone,1,16.0,Debit Card,Male,4.0,4,Mobile Phone,1,Married,5,0,24.0,2.0,2.0,4.0,145.75,0,48.583333333333336,0.08
54249,0,4.0,Phone,1,9.0,Debit Card,Male,5.0,5,Laptop & Accessory,1,Married,3,0,20.0,4.0,11.0,9.0,166.52,0,13.876666666666667,2.2
54250,1,10.0,Phone,3,16.0,Credit Card,Male,4.0,5,Fashion,1,Single,3,0,17.0,4.0,5.0,3.0,221.19,0,36.865,0.45
54251,0,14.0,Computer,1,7.0,Debit Card,Male,4.0,5,Grocery,4,Married,3,0,23.0,6.0,2.0,12.0,260.03,0,86.67666666666666,0.13
54252,0,25.0,Phone,3,28.0,E wallet,Male,4.0,4,Laptop & Accessory,1,Single,2,1,23.0,1.0,2.0,1.0,179.41,0,59.803333333333335,0.08
54253,0,4.0,Phone,3,11.0,Credit Card,Female,4.0,5,Laptop & Accessory,4,Married,3,1,13.0,3.0,3.0,8.0,177.09,0,44.2725,0.6
54254,0,20.0,Computer,1,7.0,Credit Card,Male,3.0,5,Fashion,5,Married,4,1,14.0,5.0,2.0,6.0,231.73000000000002,0,77.24333333333334,0.1
54255,0,6.0,Phone,3,13.0,Credit Card,Male,3.0,4,Laptop & Accessory,3,Single,3,0,17.0,6.0,6.0,8.0,175.1,0,25.014285714285712,0.86
54256,0,28.0,Phone,1,9.0,Cash on Delivery,Female,3.0,4,Fashion,3,Married,11,0,13.0,1.0,2.0,4.0,260.49,0,86.83,0.07
54257,0,1.0,Phone,3,10.0,UPI,Female,3.0,4,Laptop & Accessory,3,Married,2,0,22.0,1.0,2.0,3.0,174.99,0,58.330000000000005,1.0
54258,0,2.0,Computer,3,11.0,Credit Card,Male,3.0,4,Laptop & Accessory,3,Married,3,0,16.0,1.0,2.0,5.0,167.21,0,55.73666666666667,0.67
54259,0,31.0,Phone,3,17.0,Credit Card,Male,3.0,4,Grocery,3,Single,2,0,14.0,1.0,2.0,9.0,263.72,0,87.90666666666668,0.06
54260,0,18.0,Computer,1,30.0,Credit Card,Male,4.0,4,Laptop & Accessory,4,Married,6,0,13.0,1.0,2.0,3.0,145.42,0,48.47333333333333,0.11
54261,1,1.0,Phone,2,13.0,UPI,Male,4.0,4,Mobile Phone,5,Married,6,1,23.0,1.0,2.0,3.0,145.73,1,48.57666666666666,1.0
54262,0,6.0,Phone,1,7.0,Debit Card,Male,4.0,4,Mobile Phone,5,Single,3,0,14.0,1.0,2.0,1.0,154.56,0,51.52,0.29
54263,1,1.0,Computer,1,13.0,Debit Card,Female,4.0,5,Mobile Phone,1,Single,3,1,19.0,1.0,2.0,1.0,154.26,1,51.419999999999995,1.0
54264,0,8.0,Phone,1,13.0,UPI,Female,3.0,4,Laptop & Accessory,3,Single,3,0,15.0,1.0,3.0,11.0,173.09,0,43.2725,0.33
54265,0,11.0,Computer,1,9.0,Debit Card,Male,4.0,5,Laptop & Accessory,1,Married,7,0,15.0,2.0,2.0,1.0,176.63,0,58.876666666666665,0.17
54266,0,31.0,Computer,2,9.0,UPI,Female,3.0,5,Others,1,Married,11,0,15.707921714818266,1.0,3.0,3.0,313.44,0,78.36,0.09
54267,0,24.0,Computer,1,7.0,Debit Card,Female,4.0,4,Others,4,Married,5,1,15.707921714818266,1.0,2.0,8.0,306.72,0,102.24000000000001,0.08
54268,1,1.0,Phone,3,12.0,E wallet,Male,3.0,5,Laptop & Accessory,3,Single,3,1,12.0,1.0,2.0,4.0,182.44,1,60.81333333333333,1.0
54269,0,1.0,Phone,1,14.0,Credit Card,Male,4.0,5,Mobile Phone,1,Married,3,0,12.0,1.0,3.0,2.0,153.89,0,38.4725,1.5
54270,0,1.0,Phone,1,22.0,Credit Card,Female,3.0,4,Mobile Phone,1,Single,3,0,16.0,2.0,2.0,1.0,153.71,0,51.23666666666667,1.0
54271,0,25.0,Computer,1,7.0,Credit Card,Female,2.0,5,Fashion,5,Single,5,0,21.0,5.0,13.0,9.0,199.84,0,14.274285714285714,0.5
54272,1,1.0,Computer,1,14.0,Debit Card,Male,4.0,6,Laptop & Accessory,3,Single,3,1,25.0,2.0,2.0,7.0,185.74,1,61.913333333333334,1.0
54273,0,28.0,Computer,2,33.0,UPI,Female,2.0,2,Grocery,1,Single,4,1,15.707921714818266,3.0,5.0,5.0,298.28,0,49.71333333333333,0.17
54274,0,1.0,Phone,1,25.0,Debit Card,Male,3.0,4,Mobile Phone,3,Married,2,0,13.0,1.0,2.0,3.0,152.74,0,50.913333333333334,1.0
54275,0,8.0,Phone,1,13.0,Debit Card,Female,3.0,5,Laptop & Accessory,4,Married,8,0,16.0,2.0,2.0,1.0,170.05,0,56.68333333333334,0.22
54276,0,11.0,Phone,3,10.0,Debit Card,Male,3.0,4,Fashion,1,Single,4,0,13.0,1.0,2.0,4.0,199.28,0,66.42666666666666,0.17
54277,0,8.0,Phone,1,12.0,Credit Card,Female,3.0,5,Fashion,5,Single,4,0,13.0,3.0,2.0,9.0,241.31,0,80.43666666666667,0.22
54278,0,10.0,Computer,3,18.0,Cash on Delivery,Female,4.0,4,Fashion,1,Married,2,0,15.0,1.0,3.0,3.0,222.38,0,55.595,0.27
54279,0,10.0,Phone,1,10.0,Debit Card,Female,3.0,4,Mobile Phone,1,Married,7,0,23.0,1.0,2.0,1.0,153.35,0,51.11666666666667,0.18
54280,0,17.0,Computer,3,33.0,Debit Card,Male,4.0,4,Grocery,1,Married,3,1,15.707921714818266,2.0,5.0,13.0,294.59,0,49.09833333333333,0.28
54281,0,4.0,Computer,1,30.0,Debit Card,Male,4.0,6,Mobile Phone,3,Married,3,0,26.0,1.0,2.0,10.0,151.13,0,50.376666666666665,0.4
54282,0,7.0,Computer,3,29.0,E wallet,Male,4.0,4,Laptop & Accessory,4,Married,2,0,14.0,1.0,2.0,8.0,186.46,0,62.153333333333336,0.25
54283,1,20.0,Phone,1,21.0,Debit Card,Female,4.0,4,Mobile Phone,4,Married,11,1,19.0,4.0,5.0,4.0,174.63,0,29.105,0.24
54284,0,25.0,Phone,1,13.0,Debit Card,Male,3.0,4,Others,3,Single,9,0,15.707921714818266,9.0,16.0,16.0,320.37,0,18.845294117647057,0.62
54285,1,1.0,Phone,3,13.0,Debit Card,Male,4.0,6,Laptop & Accessory,3,Married,6,1,19.0,1.0,8.0,8.0,186.72,1,20.746666666666666,4.0
54286,0,1.0,Phone,1,13.0,UPI,Female,3.0,5,Mobile Phone,4,Married,3,0,20.0,3.0,5.0,4.0,148.68,0,24.78,2.5
54287,1,21.0,Phone,1,30.0,Credit Card,Female,4.0,4,Fashion,1,Married,3,0,13.0,8.0,16.0,3.0,228.12,0,13.418823529411766,0.73
54288,1,1.0,Phone,3,29.0,E wallet,Male,3.0,4,Mobile Phone,3,Single,3,1,20.0,2.0,2.0,1.0,141.75,1,47.25,1.0
54289,0,1.0,Phone,1,9.0,Cash on Delivery,Male,4.0,4,Mobile Phone,1,Married,2,0,15.0,3.0,3.0,2.0,150.23,0,37.5575,1.5
54290,0,23.0,Phone,1,27.0,Credit Card,Female,4.0,4,Laptop & Accessory,5,Married,3,0,15.0,6.0,6.0,12.0,190.67,0,27.238571428571426,0.25
54291,0,17.0,Computer,1,35.0,Credit Card,Female,4.0,2,Mobile Phone,3,Single,6,0,13.0,1.0,2.0,3.0,172.39,0,57.46333333333333,0.11
54292,0,24.0,Computer,3,19.0,E wallet,Female,4.0,4,Fashion,1,Single,6,0,12.0,2.0,3.0,3.0,217.08,0,54.27,0.12
54293,1,1.0,Phone,3,27.0,Debit Card,Female,4.0,6,Laptop & Accessory,3,Married,5,1,12.0,1.0,3.0,3.0,170.59,1,42.6475,1.5
54294,0,15.0,Phone,3,16.0,Debit Card,Male,4.0,4,Fashion,3,Married,5,1,14.0,1.0,2.0,8.0,206.89,0,68.96333333333332,0.12
54295,0,1.0,Phone,2,32.0,Debit Card,Female,4.0,4,Mobile Phone,3,Married,3,0,24.0,3.0,6.0,8.0,154.42,0,22.06,3.0
54296,0,10.0,Phone,1,13.0,Credit Card,Male,3.0,4,Laptop & Accessory,4,Married,8,0,21.0,1.0,2.0,2.0,174.41,0,58.13666666666666,0.18
54297,1,15.0,Computer,1,15.0,Debit Card,Male,3.0,6,Fashion,1,Single,4,0,16.0,2.0,2.0,4.0,231.5,0,77.16666666666667,0.12
54298,0,13.0,Phone,3,11.0,Debit Card,Female,3.0,5,Laptop & Accessory,3,Married,6,0,15.0,6.0,6.0,10.0,184.02,0,26.28857142857143,0.43
54299,0,1.0,Phone,3,35.0,Debit Card,Male,3.0,5,Laptop & Accessory,3,Married,4,0,19.0,2.0,3.0,3.0,211.39,0,52.8475,1.5
54300,0,4.0,Phone,2,16.0,UPI,Male,3.0,4,Laptop & Accessory,1,Married,2,1,20.0,5.0,5.0,8.0,188.47,0,31.411666666666665,1.0
54301,1,1.0,Phone,1,16.0,Credit Card,Female,3.0,4,Mobile Phone,5,Single,9,0,23.0,2.0,2.0,5.0,167.0,0,55.666666666666664,1.0
54302,0,19.0,Phone,1,36.0,Credit Card,Male,3.0,4,Mobile Phone,1,Single,7,0,14.0,2.0,2.0,4.0,159.52,0,53.17333333333334,0.1
54303,0,12.0,Phone,1,10.0,Cash on Delivery,Female,3.0,4,Laptop & Accessory,3,Single,5,1,21.0,3.0,3.0,3.0,168.17,0,42.0425,0.23
54304,0,4.0,Phone,1,25.0,Debit Card,Female,4.0,4,Mobile Phone,3,Single,3,0,15.0,2.0,2.0,5.0,151.32,0,50.44,0.4
54305,0,6.0,Computer,3,16.0,Credit Card,Male,3.0,6,Laptop & Accessory,1,Married,2,0,18.0,1.0,2.0,8.0,171.68,0,57.22666666666667,0.29
54306,0,4.0,Phone,1,12.0,Cash on Delivery,Female,3.0,4,Mobile Phone,5,Married,7,0,15.0,1.0,3.0,31.0,157.04,0,39.26,0.6
54307,0,4.0,Phone,1,9.0,Credit Card,Male,3.0,5,Mobile Phone,1,Single,2,0,14.0,1.0,2.0,3.0,152.2,0,50.73333333333333,0.4
54308,0,15.0,Computer,1,17.0,Debit Card,Male,4.0,5,Grocery,5,Married,6,0,15.707921714818266,3.0,8.0,8.0,296.81,0,32.97888888888889,0.5
54309,0,15.0,Phone,1,16.0,Debit Card,Male,4.0,4,Mobile Phone,5,Married,4,0,22.0,1.0,2.0,5.0,147.38,0,49.126666666666665,0.12
54310,0,1.0,Phone,1,10.0,Credit Card,Female,4.0,4,Mobile Phone,4,Single,3,0,15.0,2.0,2.0,1.0,139.83,0,46.61000000000001,1.0
54311,0,14.0,Computer,1,33.0,Credit Card,Female,3.0,4,Laptop & Accessory,4,Married,3,0,12.0,1.0,3.0,14.0,181.05,0,45.2625,0.2
54312,0,9.0,Phone,3,7.0,E wallet,Male,4.0,4,Fashion,4,Married,3,0,14.0,1.0,2.0,7.0,197.95,0,65.98333333333333,0.2
54313,0,27.0,Phone,3,13.0,E wallet,Male,3.0,4,Laptop & Accessory,3,Married,4,1,21.0,1.0,5.0,6.0,148.06,0,24.676666666666666,0.18
54314,0,19.0,Phone,1,16.0,Debit Card,Male,3.0,4,Laptop & Accessory,4,Married,10,0,19.0,2.0,2.0,16.0,148.48,0,49.49333333333333,0.1
54315,0,6.0,Computer,3,15.0,E wallet,Female,3.0,4,Fashion,1,Single,3,0,15.0,3.0,4.0,3.0,214.98,0,42.995999999999995,0.57
54316,0,3.0,Computer,1,7.0,Cash on Delivery,Male,3.0,4,Laptop & Accessory,3,Married,3,0,14.0,1.0,2.0,10.0,168.19,0,56.06333333333333,0.5
54317,0,25.0,Phone,1,14.0,Credit Card,Male,3.0,5,Laptop & Accessory,3,Married,4,0,18.0,2.0,2.0,1.0,186.32,0,62.10666666666666,0.08
54318,0,31.0,Phone,1,16.0,Credit Card,Female,4.0,5,Mobile Phone,4,Married,6,1,21.0,2.0,2.0,1.0,158.46,0,52.82,0.06
54319,0,14.0,Phone,3,11.0,E wallet,Male,4.0,5,Fashion,1,Married,9,0,12.0,2.0,2.0,12.0,233.55,0,77.85000000000001,0.13
54320,0,8.0,Computer,3,9.0,E wallet,Female,4.0,4,Mobile Phone,3,Married,8,0,19.0,1.0,2.0,3.0,147.31,0,49.10333333333333,0.22
54321,0,1.0,Phone,1,26.0,Credit Card,Male,4.0,4,Mobile Phone,1,Married,3,0,25.0,3.0,3.0,3.0,148.23,0,37.0575,1.5
54322,0,1.0,Computer,1,16.0,Credit Card,Male,3.0,4,Mobile Phone,4,Married,8,0,19.0,3.0,3.0,3.0,145.24,0,36.31,1.5
54323,0,2.0,Phone,1,28.0,Credit Card,Male,3.0,4,Mobile Phone,1,Married,3,0,12.0,1.0,2.0,3.0,152.13,0,50.71,0.67
54324,0,31.0,Phone,1,31.0,Debit Card,Male,3.0,2,Fashion,1,Married,5,1,17.0,2.0,2.0,3.0,219.39,0,73.13,0.06
54325,0,1.0,Computer,1,10.0,Credit Card,Male,4.0,5,Mobile Phone,3,Married,3,1,16.0,1.0,2.0,2.0,150.66,1,50.22,1.0
54326,0,24.0,Phone,1,18.0,Debit Card,Female,3.0,4,Others,4,Single,5,0,16.0,1.0,5.0,5.0,324.26,0,54.04333333333333,0.2
54327,0,15.0,Phone,1,21.0,Debit Card,Male,3.0,4,Mobile Phone,3,Married,6,0,13.0,2.0,2.0,9.0,149.51,0,49.836666666666666,0.12
54328,0,4.0,Phone,3,12.0,Debit Card,Female,3.0,4,Fashion,1,Married,4,0,13.0,2.0,8.0,3.0,219.19,0,24.354444444444443,1.6
54329,0,12.0,Phone,3,7.0,Debit Card,Female,3.0,5,Laptop & Accessory,1,Single,6,0,23.0,1.0,2.0,3.0,211.86,0,70.62,0.15
54330,0,6.0,Phone,1,13.0,Debit Card,Male,3.0,4,Mobile Phone,3,Single,5,0,21.0,1.0,2.0,5.0,155.38,0,51.79333333333333,0.29
54331,0,1.0,Phone,1,24.0,Cash on Delivery,Male,3.0,4,Mobile Phone,4,Married,2,1,17.0,1.0,2.0,2.0,155.58,1,51.86000000000001,1.0
54332,1,1.0,Computer,3,7.0,Cash on Delivery,Female,4.0,6,Mobile Phone,5,Single,2,0,22.0,2.0,2.0,1.0,148.25,0,49.416666666666664,1.0
54333,0,10.0,Computer,1,10.0,Credit Card,Male,2.0,4,Mobile Phone,4,Single,6,0,13.0,3.0,8.0,3.0,145.88,0,16.20888888888889,0.73
54334,0,4.0,Computer,1,16.0,Credit Card,Male,4.0,4,Laptop & Accessory,5,Married,3,0,12.0,6.0,7.0,11.0,155.72,0,19.465,1.4
54335,0,19.0,Phone,3,11.0,Debit Card,Female,2.0,4,Laptop & Accessory,5,Married,6,1,12.0,1.0,2.0,4.0,175.06,0,58.35333333333333,0.1
54336,0,30.0,Phone,1,15.0,Debit Card,Female,4.0,4,Mobile Phone,5,Married,6,1,19.0,3.0,3.0,3.0,167.57,0,41.8925,0.1
54337,0,7.0,Phone,1,9.0,Debit Card,Male,3.0,4,Mobile Phone,1,Single,2,0,15.0,2.0,2.0,3.0,150.0,0,50.0,0.25
54338,1,1.0,Phone,1,9.0,Debit Card,Male,3.0,5,Mobile Phone,1,Single,3,0,23.0,2.0,2.0,1.0,136.02,0,45.34,1.0
54339,0,20.0,Phone,3,7.0,E wallet,Female,4.0,4,Fashion,5,Married,3,0,26.0,9.0,16.0,3.0,229.53,0,13.501764705882353,0.76
54340,0,12.0,Phone,1,16.0,Debit Card,Female,4.0,4,Mobile Phone,1,Single,3,0,13.0,2.0,3.0,2.0,147.88,0,36.97,0.23
54341,0,5.0,Phone,1,19.0,Credit Card,Female,4.0,4,Mobile Phone,1,Married,10,1,24.0,2.0,2.0,3.0,164.29,0,54.76333333333333,0.33
54342,0,8.0,Phone,1,34.0,Credit Card,Female,4.0,4,Mobile Phone,4,Single,4,0,16.0,1.0,2.0,3.0,148.11,0,49.370000000000005,0.22
54343,1,5.0,Phone,3,27.0,E wallet,Female,4.0,4,Mobile Phone,4,Single,3,1,23.0,1.0,2.0,3.0,156.4,0,52.13333333333333,0.33
54344,0,24.0,Phone,1,7.0,Credit Card,Male,3.0,5,Mobile Phone,3,Married,4,0,16.0,2.0,2.0,3.0,161.9,0,53.96666666666667,0.08
54345,0,27.0,Phone,1,20.0,Credit Card,Female,3.0,2,Laptop & Accessory,5,Married,3,0,12.0,2.0,2.0,4.0,169.5,0,56.5,0.07
54346,0,7.0,Phone,1,21.0,Credit Card,Female,4.0,4,Mobile Phone,4,Married,3,0,14.0,2.0,2.0,7.0,152.56,0,50.85333333333333,0.25
54347,0,14.0,Phone,1,11.0,Credit Card,Female,3.0,4,Others,3,Married,3,0,15.707921714818266,2.0,10.0,10.0,315.33,0,28.666363636363634,0.67
54348,0,29.0,Phone,1,21.0,Credit Card,Male,4.0,2,Others,4,Single,10,0,15.707921714818266,3.0,3.0,16.0,312.22,0,78.055,0.1
54349,0,8.0,Computer,1,9.0,Debit Card,Male,3.0,5,Laptop & Accessory,3,Married,3,0,18.0,1.0,2.0,3.0,220.47,0,73.49,0.22
54350,0,25.0,Phone,1,10.0,Credit Card,Female,4.0,4,Grocery,4,Single,5,0,19.0,1.0,2.0,1.0,262.34,0,87.44666666666666,0.08
54351,0,26.0,Phone,1,7.0,Debit Card,Male,4.0,5,Others,3,Married,2,0,15.0,8.0,12.0,10.0,324.99,0,24.99923076923077,0.44
54352,0,1.0,Phone,1,16.0,Credit Card,Female,5.0,4,Mobile Phone,4,Single,3,0,17.0,1.0,2.0,4.0,147.79,0,49.26333333333333,1.0
54353,1,1.0,Phone,1,30.0,Debit Card,Male,3.0,5,Laptop & Accessory,3,Married,5,1,14.0,2.0,2.0,2.0,184.16,1,61.38666666666666,1.0
54354,0,17.0,Computer,1,14.0,Credit Card,Male,3.0,2,Mobile Phone,1,Married,6,0,15.0,2.0,3.0,3.0,145.89,0,36.4725,0.17
54355,0,19.0,Computer,1,9.0,Credit Card,Male,4.0,5,Grocery,1,Married,11,0,15.707921714818266,2.0,12.0,9.0,292.92,0,22.532307692307693,0.6
54356,0,11.0,Phone,1,28.0,Debit Card,Male,4.0,2,Mobile Phone,5,Married,3,1,13.0,2.0,2.0,8.0,160.64,0,53.54666666666666,0.17
54357,0,9.0,Computer,1,9.0,Credit Card,Female,3.0,4,Laptop & Accessory,4,Single,7,0,12.0,1.0,2.0,3.0,169.25,0,56.416666666666664,0.2
54358,0,16.0,Computer,1,28.0,Credit Card,Female,3.0,4,Laptop & Accessory,3,Married,4,0,17.0,1.0,2.0,3.0,177.65,0,59.21666666666667,0.12
54359,0,12.0,Phone,1,9.0,Debit Card,Male,3.0,4,Laptop & Accessory,3,Married,11,0,15.0,2.0,2.0,1.0,190.53,0,63.51,0.15
54360,0,12.0,Phone,1,36.0,Cash on Delivery,Male,3.0,4,Laptop & Accessory,1,Married,5,0,19.0,1.0,2.0,8.0,187.61,0,62.53666666666667,0.15
54361,0,1.0,Computer,1,7.0,Cash on Delivery,Male,3.0,5,Laptop & Accessory,5,Married,7,0,20.0,3.0,3.0,1.0,167.98,0,41.995,1.5
54362,0,23.0,Computer,1,25.0,Debit Card,Male,4.0,4,Laptop & Accessory,1,Married,3,1,16.0,1.0,2.0,8.0,193.04,0,64.34666666666666,0.08
54363,0,8.0,Computer,1,17.0,Credit Card,Male,3.0,4,Mobile Phone,3,Married,3,1,18.0,3.0,3.0,1.0,163.15,0,40.7875,0.33
54364,0,14.0,Phone,1,26.0,Credit Card,Male,2.0,4,Laptop & Accessory,1,Married,10,1,16.0,4.0,4.0,8.0,152.41,0,30.482,0.27
54365,1,2.0,Phone,1,36.0,Credit Card,Male,4.0,4,Laptop & Accessory,5,Married,9,1,20.0,2.0,2.0,1.0,191.73,1,63.91,0.67
54366,1,1.0,Phone,3,34.0,E wallet,Female,3.0,4,Fashion,1,Married,3,0,23.0,1.0,2.0,10.0,201.39,0,67.13,1.0
54367,0,1.0,Phone,1,12.0,Debit Card,Male,3.0,2,Mobile Phone,4,Married,3,1,17.0,3.0,3.0,3.0,148.28,1,37.07,1.5
54368,0,10.0,Computer,1,25.0,Credit Card,Female,4.0,4,Mobile Phone,1,Single,3,0,14.0,1.0,2.0,8.0,146.53,0,48.843333333333334,0.18
54369,0,14.0,Computer,1,16.0,Debit Card,Male,4.0,5,Laptop & Accessory,1,Married,11,0,15.0,1.0,2.0,3.0,173.76,0,57.919999999999995,0.13
54370,0,20.0,Phone,1,7.0,Credit Card,Male,4.0,4,Fashion,5,Married,9,0,17.0,1.0,2.0,3.0,218.96,0,72.98666666666666,0.1
54371,1,1.0,Phone,3,11.0,Credit Card,Male,3.0,6,Fashion,1,Married,3,0,12.0,7.0,10.0,3.0,229.0,0,20.818181818181817,5.0
54372,0,4.0,Computer,1,7.0,Debit Card,Male,3.0,5,Fashion,3,Single,3,0,23.0,5.0,6.0,3.0,209.74,0,29.962857142857143,1.2
54373,0,1.0,Computer,3,27.0,Debit Card,Female,3.0,4,Laptop & Accessory,3,Single,3,0,15.0,2.0,2.0,3.0,224.81,0,74.93666666666667,1.0
54374,0,25.0,Phone,1,15.0,Debit Card,Male,3.0,5,Fashion,4,Married,7,0,17.0,3.0,2.0,8.0,249.89999999999998,0,83.3,0.08
54375,1,1.0,Phone,1,10.0,Cash on Delivery,Female,3.0,4,Mobile Phone,5,Single,7,1,12.0,1.0,2.0,5.0,151.57,1,50.52333333333333,1.0
54376,0,15.0,Phone,3,13.0,Debit Card,Female,4.0,4,Fashion,1,Single,5,1,19.0,1.0,2.0,1.0,260.91,0,86.97000000000001,0.12
54377,1,1.0,Computer,3,33.0,E wallet,Female,3.0,5,Laptop & Accessory,5,Single,7,0,16.0,2.0,2.0,2.0,191.96,0,63.98666666666667,1.0
54378,1,1.0,Phone,1,7.0,Cash on Delivery,Male,3.0,4,Mobile Phone,3,Single,2,0,15.0,1.0,2.0,6.0,145.58,0,48.52666666666667,1.0
54379,0,19.0,Computer,3,13.0,Credit Card,Female,3.0,5,Fashion,1,Single,8,0,13.0,6.0,13.0,3.0,213.65,0,15.260714285714286,0.65
54380,0,28.0,Phone,3,10.0,E wallet,Female,3.0,4,Laptop & Accessory,5,Married,4,0,15.0,2.0,2.0,6.0,184.4,0,61.46666666666667,0.07
54381,0,10.0,Phone,1,12.0,Debit Card,Male,4.0,4,Laptop & Accessory,4,Single,10,0,17.0,3.0,4.0,8.0,184.14,0,36.827999999999996,0.36
54382,0,7.0,Phone,1,11.0,Credit Card,Female,3.0,5,Mobile Phone,4,Married,8,0,22.0,1.0,2.0,2.0,151.22,0,50.406666666666666,0.25
54383,0,11.0,Computer,1,18.0,UPI,Male,3.0,4,Fashion,1,Married,3,1,15.0,2.0,2.0,8.0,246.85000000000002,0,82.28333333333335,0.17
54384,0,12.0,Phone,3,10.0,Debit Card,Male,4.0,4,Fashion,3,Married,2,0,13.0,2.0,6.0,3.0,231.08999999999997,0,33.012857142857136,0.46
54385,0,5.0,Computer,1,7.0,Credit Card,Male,3.0,6,Laptop & Accessory,3,Married,2,0,13.0,1.0,2.0,5.0,168.45,0,56.15,0.33
54386,0,31.0,Phone,1,10.0,Debit Card,Male,4.0,5,Mobile Phone,1,Married,5,0,18.0,1.0,2.0,1.0,146.77,0,48.92333333333334,0.06
54387,0,11.0,Computer,3,11.0,E wallet,Male,3.0,4,Mobile Phone,1,Married,6,0,18.0,4.0,6.0,9.0,152.93,0,21.84714285714286,0.5
54388,0,3.0,Computer,3,7.0,Credit Card,Female,3.0,4,Fashion,1,Married,3,0,15.0,5.0,5.0,2.0,204.18,0,34.03,1.25
54389,0,9.0,Computer,3,7.0,E wallet,Female,4.0,4,Fashion,3,Single,3,0,15.0,2.0,2.0,3.0,212.89,0,70.96333333333332,0.2
54390,1,1.0,Phone,1,25.0,Credit Card,Male,3.0,5,Mobile Phone,1,Single,3,1,14.0,1.0,2.0,2.0,148.89,1,49.629999999999995,1.0
54391,0,26.0,Phone,1,9.0,Debit Card,Female,3.0,5,Mobile Phone,1,Single,9,0,16.0,3.0,3.0,3.0,157.12,0,39.28,0.11
54392,0,16.0,Phone,1,11.0,Cash on Delivery,Male,3.0,4,Others,1,Married,3,0,15.707921714818266,1.0,12.0,16.0,317.32,0,24.409230769230767,0.71
54393,0,31.0,Phone,2,13.0,Credit Card,Male,3.0,4,Mobile Phone,3,Married,10,0,18.0,1.0,3.0,3.0,147.67,0,36.9175,0.09
54394,0,24.0,Phone,3,7.0,Credit Card,Female,4.0,4,Others,1,Married,5,0,15.707921714818266,2.0,2.0,7.0,320.17,0,106.72333333333334,0.08
54395,1,1.0,Phone,1,21.0,Credit Card,Male,3.0,4,Mobile Phone,1,Married,7,1,14.0,2.0,2.0,5.0,149.36,1,49.78666666666667,1.0
54396,0,17.0,Phone,3,23.0,E wallet,Female,4.0,4,Grocery,1,Married,7,1,23.0,1.0,2.0,10.0,285.64,0,95.21333333333332,0.11
54397,1,1.0,Phone,1,9.0,Debit Card,Female,3.0,4,Mobile Phone,5,Married,9,0,21.0,2.0,2.0,8.0,152.07,0,50.69,1.0
54398,0,26.0,Computer,3,9.0,Debit Card,Male,4.0,5,Others,3,Single,3,1,15.707921714818266,2.0,16.0,13.0,315.68,0,18.569411764705883,0.59
54399,0,6.0,Phone,3,11.0,Debit Card,Female,3.0,4,Mobile Phone,4,Married,4,0,12.0,2.0,2.0,3.0,164.31,0,54.77,0.29
54400,1,1.0,Phone,1,7.0,Debit Card,Male,4.0,5,Mobile Phone,3,Single,2,1,15.0,1.0,2.0,3.0,162.3,1,54.1,1.0
54401,0,13.0,Phone,1,7.0,Credit Card,Female,4.0,4,Mobile Phone,3,Married,9,0,15.0,2.0,2.0,3.0,147.32,0,49.10666666666666,0.14
54402,0,6.0,Computer,3,33.0,E wallet,Male,4.0,4,Laptop & Accessory,1,Married,2,0,19.0,3.0,3.0,3.0,169.65,0,42.4125,0.43
54403,0,15.0,Phone,1,26.0,Debit Card,Male,3.0,4,Laptop & Accessory,5,Married,4,0,17.0,1.0,2.0,1.0,155.72,0,51.906666666666666,0.12
54404,0,14.0,Phone,1,31.0,Cash on Delivery,Male,4.0,4,Laptop & Accessory,1,Married,3,0,18.0,3.0,5.0,8.0,158.19,0,26.365,0.33
54405,0,19.0,Phone,1,7.0,UPI,Male,4.0,2,Others,1,Married,2,0,15.707921714818266,2.0,2.0,8.0,317.02,0,105.67333333333333,0.1
54406,0,5.0,Computer,1,10.0,Credit Card,Male,4.0,4,Fashion,3,Married,11,0,13.0,1.0,3.0,3.0,261.75,0,65.4375,0.5
54407,0,7.0,Phone,1,12.0,Debit Card,Female,4.0,5,Mobile Phone,1,Married,3,0,14.0,1.0,2.0,3.0,154.11,0,51.370000000000005,0.25
54408,0,8.0,Phone,1,9.0,Debit Card,Male,3.0,5,Laptop & Accessory,5,Married,8,0,14.0,1.0,6.0,10.0,184.57,0,26.367142857142856,0.67
54409,0,11.0,Phone,1,7.0,Credit Card,Female,3.0,5,Mobile Phone,5,Married,4,0,15.0,1.0,2.0,3.0,164.2,0,54.73333333333333,0.17
54410,0,19.0,Computer,1,14.0,Debit Card,Male,4.0,2,Laptop & Accessory,3,Married,6,0,18.0,2.0,2.0,3.0,189.34,0,63.11333333333334,0.1
54411,1,1.0,Computer,1,17.0,Credit Card,Male,4.0,4,Fashion,3,Married,8,0,12.0,1.0,2.0,3.0,225.48,0,75.16,1.0
54412,0,13.0,Computer,1,9.0,Cash on Delivery,Female,4.0,4,Fashion,3,Single,2,0,26.0,7.0,2.0,9.0,234.38,0,78.12666666666667,0.14
54413,0,3.0,Phone,1,22.0,Debit Card,Male,3.0,4,Mobile Phone,1,Single,3,0,20.0,2.0,2.0,6.0,148.4,0,49.46666666666667,0.5
54414,0,16.0,Phone,1,24.0,Debit Card,Female,3.0,2,Laptop & Accessory,5,Single,5,1,14.0,2.0,2.0,3.0,190.45,0,63.48333333333333,0.12
54415,0,3.0,Phone,3,27.0,E wallet,Male,3.0,4,Laptop & Accessory,1,Married,4,0,15.0,2.0,2.0,3.0,194.31,0,64.77,0.5
54416,0,1.0,Phone,1,7.0,Debit Card,Female,4.0,4,Laptop & Accessory,3,Married,2,0,13.0,2.0,2.0,3.0,173.98,0,57.99333333333333,1.0
54417,0,16.0,Phone,1,9.0,Credit Card,Female,3.0,5,Mobile Phone,5,Married,2,1,12.0,8.0,8.0,9.0,150.93,0,16.77,0.47
54418,0,14.0,Phone,1,9.0,Credit Card,Male,3.0,4,Others,3,Married,2,0,15.707921714818266,4.0,4.0,10.0,319.36,0,63.872,0.27
54419,0,25.0,Phone,1,7.0,Debit Card,Male,4.0,4,Mobile Phone,1,Married,3,0,12.0,2.0,2.0,1.0,152.23,0,50.74333333333333,0.08
54420,1,1.0,Computer,1,36.0,Credit Card,Male,4.0,5,Mobile Phone,4,Single,2,0,12.0,1.0,2.0,5.0,159.79,0,53.26333333333333,1.0
54421,0,6.0,Computer,1,14.0,Debit Card,Male,4.0,2,Mobile Phone,4,Married,3,0,21.0,1.0,2.0,4.0,152.94,0,50.98,0.29
54422,0,12.0,Computer,3,9.0,Debit Card,Male,3.0,5,Laptop & Accessory,1,Married,5,0,19.0,2.0,8.0,6.0,177.49,0,19.721111111111114,0.62
54423,0,6.0,Phone,1,9.0,Cash on Delivery,Male,3.0,5,Laptop & Accessory,5,Single,6,0,14.0,1.0,2.0,5.0,146.76,0,48.919999999999995,0.29
54424,0,20.0,Phone,3,9.0,Cash on Delivery,Female,4.0,6,Grocery,4,Married,5,1,15.707921714818266,7.0,8.0,8.0,293.72,0,32.635555555555555,0.38
54425,1,1.0,Phone,1,9.0,Debit Card,Male,4.0,4,Mobile Phone,3,Single,4,0,12.0,1.0,2.0,1.0,159.85,0,53.28333333333333,1.0
54426,0,3.0,Phone,3,9.0,Credit Card,Male,4.0,5,Laptop & Accessory,4,Married,4,0,20.0,2.0,2.0,1.0,191.44,0,63.81333333333333,0.5
54427,0,5.0,Phone,1,30.0,Credit Card,Male,4.0,5,Laptop & Accessory,1,Married,2,0,22.0,1.0,8.0,9.0,180.82,0,20.09111111111111,1.33
54428,0,1.0,Computer,1,12.0,Debit Card,Male,3.0,2,Laptop & Accessory,5,Married,3,0,13.0,2.0,2.0,6.0,165.0,0,55.0,1.0
54429,0,19.0,Phone,1,27.0,Credit Card,Male,4.0,4,Grocery,1,Married,2,1,15.0,3.0,2.0,11.0,259.96,0,86.65333333333332,0.1
54430,0,10.0,Phone,1,13.0,Debit Card,Male,3.0,4,Mobile Phone,1,Married,2,0,12.0,2.0,11.0,12.0,157.1,0,13.091666666666667,1.0
54431,0,29.0,Phone,1,7.0,Credit Card,Male,3.0,4,Others,5,Single,2,1,15.707921714818266,4.0,5.0,14.0,315.45,0,52.574999999999996,0.17
54432,1,11.0,Computer,1,36.0,Debit Card,Male,3.0,4,Fashion,4,Married,3,1,13.0,5.0,2.0,10.0,243.49,0,81.16333333333334,0.17
54433,0,2.0,Phone,1,16.0,Credit Card,Male,4.0,4,Mobile Phone,1,Married,3,0,24.0,2.0,2.0,5.0,145.7,0,48.56666666666666,0.67
54434,0,11.0,Phone,3,13.0,Credit Card,Male,4.0,4,Laptop & Accessory,1,Married,6,0,15.0,2.0,2.0,2.0,190.02,0,63.34,0.17
54435,0,1.0,Phone,1,10.0,Credit Card,Male,4.0,5,Mobile Phone,3,Single,3,0,18.0,2.0,2.0,1.0,157.3,0,52.43333333333334,1.0
54436,0,11.0,Computer,1,7.0,Credit Card,Female,4.0,4,Fashion,1,Married,4,1,19.0,1.0,2.0,3.0,261.03,0,87.00999999999999,0.17
54437,0,9.0,Phone,1,29.0,Debit Card,Female,4.0,2,Fashion,4,Married,9,0,19.0,6.0,2.0,3.0,244.95999999999998,0,81.65333333333332,0.2
54438,0,12.0,Phone,3,14.0,Credit Card,Female,3.0,2,Laptop & Accessory,5,Married,3,1,25.0,5.0,8.0,8.0,181.05,0,20.116666666666667,0.62
54439,0,1.0,Computer,1,7.0,Debit Card,Female,3.0,4,Laptop & Accessory,4,Married,3,0,21.0,2.0,2.0,5.0,188.97,0,62.99,1.0
54440,0,24.0,Phone,1,11.0,Debit Card,Male,4.0,4,Others,4,Married,5,0,15.707921714818266,1.0,2.0,7.0,316.44,0,105.48,0.08
54441,0,27.0,Phone,1,10.0,Credit Card,Male,3.0,4,Grocery,3,Married,5,1,15.707921714818266,2.0,2.0,4.0,300.84,0,100.27999999999999,0.07
54442,0,16.0,Phone,3,7.0,Debit Card,Male,2.0,4,Laptop & Accessory,3,Married,3,0,26.0,7.0,12.0,7.0,174.07,0,13.389999999999999,0.71
54443,0,3.0,Computer,3,9.0,Debit Card,Male,3.0,4,Laptop & Accessory,1,Single,3,0,19.0,1.0,2.0,10.0,170.54,0,56.846666666666664,0.5
54444,0,29.0,Phone,1,27.0,Cash on Delivery,Male,3.0,4,Laptop & Accessory,1,Married,5,1,20.0,1.0,2.0,9.0,179.15,0,59.71666666666667,0.07
54445,0,1.0,Computer,1,18.0,Credit Card,Male,3.0,4,Laptop & Accessory,5,Married,3,1,14.0,2.0,4.0,4.0,172.41,1,34.482,2.0
54446,0,11.0,Phone,1,7.0,Debit Card,Female,3.0,4,Mobile Phone,1,Single,3,0,13.0,2.0,6.0,8.0,146.15,0,20.87857142857143,0.5
54447,1,8.0,Computer,1,31.0,Debit Card,Male,3.0,4,Mobile Phone,3,Married,5,1,23.0,1.0,2.0,1.0,156.61,0,52.20333333333334,0.22
54448,0,12.0,Phone,1,30.0,Debit Card,Male,3.0,4,Laptop & Accessory,1,Married,11,0,15.0,1.0,2.0,3.0,182.45,0,60.81666666666666,0.15
54449,1,1.0,Phone,1,23.0,Credit Card,Male,3.0,4,Mobile Phone,4,Married,4,1,14.0,2.0,2.0,3.0,148.73,1,49.57666666666666,1.0
54450,0,2.0,Phone,1,15.0,Debit Card,Female,4.0,4,Mobile Phone,1,Single,3,0,22.0,2.0,2.0,3.0,158.1,0,52.699999999999996,0.67
54451,0,23.0,Computer,1,17.0,Debit Card,Female,3.0,4,Others,5,Single,11,1,15.707921714818266,1.0,2.0,3.0,311.65,0,103.88333333333333,0.08
54452,0,10.0,Phone,1,10.0,Cash on Delivery,Male,2.0,4,Laptop & Accessory,4,Single,6,0,13.0,3.0,8.0,8.0,169.85,0,18.87222222222222,0.73
54453,0,5.0,Computer,3,12.0,E wallet,Female,3.0,4,Mobile Phone,4,Married,3,0,12.0,1.0,3.0,3.0,152.89,0,38.2225,0.5
54454,1,1.0,Phone,3,11.0,E wallet,Male,3.0,5,Laptop & Accessory,1,Single,3,1,13.0,5.0,8.0,5.0,183.28,1,20.364444444444445,4.0
54455,0,11.0,Computer,1,16.0,Credit Card,Male,3.0,4,Mobile Phone,1,Married,3,1,13.0,1.0,2.0,3.0,148.26,0,49.419999999999995,0.17
54456,0,16.0,Computer,3,33.0,E wallet,Female,4.0,4,Grocery,4,Married,7,0,15.0,4.0,2.0,9.0,260.25,0,86.75,0.12
54457,1,1.0,Phone,1,10.0,Debit Card,Male,3.0,4,Mobile Phone,3,Single,3,0,14.0,2.0,2.0,1.0,139.2,0,46.4,1.0
54458,0,9.0,Phone,3,23.0,E wallet,Male,4.0,4,Fashion,4,Married,2,0,16.0,4.0,7.0,10.0,205.2,0,25.65,0.7
54459,0,10.0,Computer,1,25.0,Debit Card,Male,3.0,2,Mobile Phone,1,Married,6,0,19.0,2.0,2.0,1.0,161.88,0,53.96,0.18
54460,0,25.0,Phone,1,9.0,Credit Card,Male,3.0,6,Laptop & Accessory,4,Married,7,0,19.0,1.0,2.0,3.0,179.82,0,59.94,0.08
54461,0,15.0,Phone,3,9.0,Debit Card,Male,3.0,4,Grocery,4,Single,3,0,20.0,1.0,2.0,5.0,285.15,0,95.05,0.12
54462,0,1.0,Phone,3,17.0,Credit Card,Female,4.0,5,Mobile Phone,3,Single,3,0,13.0,1.0,2.0,1.0,137.0,0,45.666666666666664,1.0
54463,0,2.0,Phone,1,23.0,Credit Card,Male,4.0,2,Laptop & Accessory,5,Single,2,0,20.0,1.0,2.0,8.0,181.61,0,60.53666666666667,0.67
54464,0,5.0,Phone,3,14.0,Cash on Delivery,Male,4.0,2,Laptop & Accessory,1,Married,6,0,12.0,4.0,8.0,8.0,194.29,0,21.587777777777777,1.33
54465,0,13.0,Phone,1,7.0,Credit Card,Male,3.0,2,Fashion,1,Married,2,0,18.0,2.0,4.0,3.0,221.13,0,44.226,0.29
54466,0,10.0,Computer,1,31.0,Debit Card,Female,3.0,4,Laptop & Accessory,4,Married,9,0,16.0,2.0,2.0,9.0,181.74,0,60.580000000000005,0.18
54467,0,6.0,Phone,3,14.0,Debit Card,Male,4.0,5,Laptop & Accessory,3,Married,3,0,15.0,4.0,5.0,9.0,179.84,0,29.973333333333333,0.71
54468,0,12.0,Phone,1,32.0,Debit Card,Female,3.0,5,Fashion,4,Married,5,0,18.0,1.0,2.0,2.0,245.61,0,81.87,0.15
54469,0,31.0,Computer,1,7.0,Debit Card,Male,3.0,6,Laptop & Accessory,3,Married,4,1,14.0,2.0,2.0,3.0,181.6,0,60.53333333333333,0.06
54470,0,5.0,Phone,1,12.0,Cash on Delivery,Male,3.0,4,Mobile Phone,1,Married,2,1,13.0,2.0,2.0,4.0,173.21,0,57.73666666666667,0.33
54471,0,5.0,Phone,2,9.0,UPI,Male,4.0,5,Laptop & Accessory,5,Married,5,0,13.0,1.0,2.0,1.0,189.1,0,63.03333333333333,0.33
54472,0,19.0,Computer,1,14.0,Debit Card,Male,4.0,4,Fashion,5,Married,3,0,19.0,3.0,10.0,12.0,177.1,0,16.099999999999998,0.5
54473,0,5.0,Phone,1,9.0,Debit Card,Male,3.0,4,Mobile Phone,1,Married,2,1,19.0,3.0,3.0,3.0,151.95,0,37.9875,0.5
54474,0,7.0,Computer,1,12.0,Debit Card,Female,4.0,4,Fashion,4,Married,8,0,12.0,8.0,2.0,9.0,243.77999999999997,0,81.25999999999999,0.25
54475,0,1.0,Phone,1,17.0,Credit Card,Male,4.0,4,Grocery,5,Married,3,1,15.707921714818266,2.0,12.0,11.0,295.68,1,22.744615384615386,6.0
54476,0,17.0,Computer,1,17.0,Debit Card,Female,3.0,4,Mobile Phone,1,Single,2,0,20.0,1.0,2.0,8.0,149.55,0,49.85,0.11
54477,0,23.0,Phone,1,7.0,Cash on Delivery,Female,3.0,5,Grocery,3,Single,9,1,13.0,1.0,2.0,8.0,264.64,0,88.21333333333332,0.08
54478,1,16.0,Phone,1,15.0,Credit Card,Male,3.0,5,Laptop & Accessory,4,Married,4,0,16.0,8.0,8.0,8.0,174.41,0,19.378888888888888,0.47
54479,0,1.0,Phone,1,12.0,Debit Card,Female,3.0,4,Mobile Phone,4,Single,3,1,13.0,1.0,2.0,3.0,149.78,1,49.92666666666667,1.0
54480,0,6.0,Phone,3,15.0,Cash on Delivery,Female,4.0,5,Laptop & Accessory,4,Married,3,1,12.0,12.0,12.0,10.0,177.28,0,13.636923076923077,1.71
54481,0,1.0,Phone,3,9.0,Debit Card,Male,4.0,4,Laptop & Accessory,3,Single,3,1,12.0,1.0,2.0,5.0,169.78,1,56.593333333333334,1.0
54482,0,5.0,Phone,3,14.0,E wallet,Male,4.0,4,Laptop & Accessory,1,Married,6,0,13.0,1.0,2.0,8.0,200.47,0,66.82333333333334,0.33
54483,0,6.0,Phone,1,9.0,Credit Card,Female,4.0,2,Laptop & Accessory,1,Single,9,0,17.0,1.0,2.0,8.0,175.55,0,58.51666666666667,0.29
54484,1,1.0,Phone,1,9.0,Credit Card,Male,3.0,6,Mobile Phone,1,Married,7,1,14.0,2.0,3.0,3.0,159.64,1,39.91,1.5
54485,0,4.0,Phone,1,35.0,Credit Card,Female,4.0,4,Laptop & Accessory,1,Married,3,0,14.0,2.0,2.0,10.0,182.75,0,60.916666666666664,0.4
54486,0,5.0,Computer,1,14.0,Debit Card,Female,3.0,5,Fashion,3,Married,3,0,25.0,8.0,9.0,3.0,214.43,0,21.443,1.5
54487,0,13.0,Computer,1,14.0,Credit Card,Male,3.0,5,Others,1,Married,3,0,15.707921714818266,7.0,14.0,4.0,317.72,0,21.181333333333335,1.0
54488,1,3.0,Phone,3,10.0,Credit Card,Female,3.0,4,Laptop & Accessory,3,Married,6,1,19.0,2.0,2.0,1.0,177.38,1,59.126666666666665,0.5
54489,0,7.0,Computer,3,17.0,E wallet,Male,3.0,5,Laptop & Accessory,1,Single,5,0,15.0,2.0,2.0,2.0,171.82,0,57.27333333333333,0.25
54490,0,21.0,Phone,1,12.0,Debit Card,Male,3.0,4,Others,3,Married,6,0,15.707921714818266,2.0,2.0,2.0,308.0,0,102.66666666666667,0.09
54491,0,17.0,Computer,1,17.0,Debit Card,Female,3.0,5,Laptop & Accessory,3,Married,3,0,12.0,2.0,2.0,1.0,177.57,0,59.19,0.11
54492,0,1.0,Computer,3,7.0,E wallet,Male,4.0,4,Laptop & Accessory,4,Married,2,1,14.0,1.0,2.0,5.0,188.49,1,62.830000000000005,1.0
54493,0,28.0,Computer,1,27.0,Debit Card,Female,3.0,4,Laptop & Accessory,3,Single,5,0,13.0,1.0,2.0,4.0,173.69,0,57.89666666666667,0.07
54494,0,17.0,Phone,1,14.0,Debit Card,Female,3.0,4,Fashion,5,Married,10,0,17.0,2.0,2.0,3.0,224.85,0,74.95,0.11
54495,0,19.0,Phone,1,15.0,UPI,Male,4.0,4,Laptop & Accessory,1,Married,11,0,15.0,9.0,10.0,9.0,161.97,0,14.724545454545455,0.5
54496,0,14.0,Phone,3,7.0,Credit Card,Male,3.0,6,Laptop & Accessory,1,Married,4,1,23.0,2.0,2.0,3.0,199.57,0,66.52333333333333,0.13
54497,1,1.0,Phone,1,15.0,UPI,Male,4.0,6,Mobile Phone,5,Married,3,1,12.0,1.0,2.0,8.0,146.19,1,48.73,1.0
54498,0,3.0,Phone,1,16.0,UPI,Male,2.0,5,Mobile Phone,1,Single,2,0,18.0,2.0,3.0,3.0,164.83,0,41.2075,0.75
54499,0,4.0,Phone,3,12.0,E wallet,Female,2.0,5,Laptop & Accessory,3,Married,3,0,14.0,2.0,2.0,3.0,186.18,0,62.06,0.4
54500,0,1.0,Phone,3,15.0,E wallet,Female,3.0,4,Laptop & Accessory,4,Married,3,0,19.0,1.0,2.0,8.0,187.14,0,62.379999999999995,1.0
54501,0,11.0,Phone,1,12.0,Credit Card,Male,4.0,4,Laptop & Accessory,1,Married,9,0,17.0,2.0,2.0,5.0,188.47,0,62.82333333333333,0.17
54502,0,12.0,Phone,1,22.0,Debit Card,Male,4.0,5,Fashion,1,Married,2,1,15.0,3.0,2.0,10.0,240.10000000000002,0,80.03333333333335,0.15
54503,0,5.0,Phone,1,14.0,Credit Card,Female,3.0,4,Fashion,1,Single,3,1,15.0,5.0,5.0,11.0,196.43,0,32.73833333333334,0.83
54504,0,3.0,Phone,3,17.0,E wallet,Female,3.0,5,Laptop & Accessory,4,Married,3,1,15.0,2.0,2.0,8.0,207.68,1,69.22666666666667,0.5
54505,0,9.0,Phone,1,12.0,Cash on Delivery,Male,4.0,4,Fashion,4,Single,2,0,14.0,2.0,2.0,14.0,205.95,0,68.64999999999999,0.2
54506,0,1.0,Phone,1,33.0,Debit Card,Male,3.0,4,Mobile Phone,1,Married,3,0,13.0,1.0,2.0,3.0,154.04,0,51.346666666666664,1.0
54507,0,15.0,Phone,1,13.0,Credit Card,Male,4.0,5,Laptop & Accessory,4,Single,8,1,16.0,2.0,2.0,3.0,185.32,0,61.77333333333333,0.12
54508,0,21.0,Computer,3,11.0,Credit Card,Male,4.0,4,Laptop & Accessory,3,Single,5,0,20.0,1.0,2.0,1.0,154.76,0,51.586666666666666,0.09
54509,0,16.0,Phone,1,30.0,Debit Card,Female,3.0,4,Grocery,1,Single,4,0,15.0,1.0,2.0,1.0,284.92,0,94.97333333333334,0.12
54510,0,3.0,Computer,3,9.0,Debit Card,Male,4.0,4,Laptop & Accessory,3,Married,3,0,15.0,2.0,2.0,3.0,171.49,0,57.163333333333334,0.5
54511,0,16.0,Phone,2,9.0,Cash on Delivery,Male,3.0,4,Mobile Phone,3,Married,2,1,12.0,2.0,2.0,1.0,151.96,0,50.653333333333336,0.12
54512,0,6.0,Phone,1,9.0,Credit Card,Female,4.0,4,Mobile Phone,4,Married,3,0,14.0,1.0,2.0,8.0,148.7,0,49.56666666666666,0.29
54513,0,22.0,Phone,3,36.0,Credit Card,Female,4.0,4,Fashion,3,Married,5,0,22.0,1.0,2.0,1.0,250.04000000000002,0,83.34666666666668,0.09
54514,0,11.0,Phone,1,13.0,Credit Card,Male,3.0,2,Laptop & Accessory,5,Married,6,1,14.0,7.0,7.0,8.0,184.74,0,23.0925,0.58
54515,0,4.0,Computer,3,32.0,Cash on Delivery,Female,3.0,4,Laptop & Accessory,3,Married,9,1,13.0,3.0,3.0,3.0,172.36,0,43.09,0.6
54516,0,1.0,Phone,3,7.0,Debit Card,Male,3.0,4,Laptop & Accessory,3,Married,3,0,18.0,1.0,8.0,8.0,177.96,0,19.773333333333333,4.0
54517,0,16.0,Phone,1,9.0,UPI,Male,4.0,5,Laptop & Accessory,1,Single,5,0,24.0,2.0,2.0,1.0,192.81,0,64.27,0.12
54518,1,1.0,Computer,3,7.0,Cash on Delivery,Female,4.0,5,Mobile Phone,4,Single,3,1,12.0,2.0,2.0,3.0,146.74,1,48.913333333333334,1.0
54519,0,10.0,Computer,3,7.0,Credit Card,Female,3.0,4,Laptop & Accessory,1,Single,6,0,16.0,2.0,2.0,1.0,191.53,0,63.843333333333334,0.18
54520,0,10.0,Computer,3,10.0,Credit Card,Male,3.0,5,Fashion,1,Married,6,0,12.0,1.0,2.0,3.0,221.99,0,73.99666666666667,0.18
54521,0,31.0,Phone,1,7.0,Credit Card,Male,3.0,4,Laptop & Accessory,3,Married,4,0,12.0,1.0,2.0,3.0,192.55,0,64.18333333333334,0.06
54522,0,14.0,Phone,1,17.0,Debit Card,Female,3.0,2,Mobile Phone,3,Married,5,1,14.0,1.0,2.0,8.0,147.13,0,49.04333333333333,0.13
54523,0,1.0,Computer,3,16.0,Credit Card,Male,3.0,4,Mobile Phone,1,Single,3,0,25.0,3.0,3.0,3.0,151.1,0,37.775,1.5
54524,1,1.0,Phone,3,12.0,E wallet,Female,3.0,4,Mobile Phone,3,Single,3,1,14.0,1.0,2.0,1.0,153.51,1,51.169999999999995,1.0
54525,0,11.0,Phone,1,17.0,Credit Card,Female,4.0,4,Mobile Phone,5,Married,8,0,21.0,2.0,2.0,4.0,159.52,0,53.17333333333334,0.17
54526,0,20.0,Computer,1,14.0,Credit Card,Female,2.0,4,Laptop & Accessory,3,Married,4,0,15.0,2.0,2.0,1.0,177.58,0,59.193333333333335,0.1
54527,1,5.0,Computer,3,11.0,E wallet,Male,3.0,4,Laptop & Accessory,4,Single,3,0,19.0,5.0,8.0,3.0,218.55,0,24.283333333333335,1.33
54528,0,24.0,Phone,1,17.0,Cash on Delivery,Male,4.0,5,Fashion,1,Single,8,0,16.0,2.0,2.0,3.0,229.96,0,76.65333333333334,0.08
54529,1,4.0,Phone,3,29.0,E wallet,Male,4.0,5,Laptop & Accessory,3,Married,4,1,13.0,2.0,2.0,1.0,188.8,0,62.93333333333334,0.4
54530,0,5.0,Phone,1,16.0,Debit Card,Male,3.0,5,Mobile Phone,4,Single,2,1,17.0,3.0,3.0,3.0,151.57,0,37.8925,0.5
54531,1,1.0,Phone,3,19.0,Debit Card,Female,3.0,2,Mobile Phone,4,Single,3,0,16.0,1.0,2.0,1.0,152.16,0,50.72,1.0
54532,0,3.0,Phone,1,30.0,Debit Card,Male,3.0,4,Mobile Phone,1,Single,11,0,17.0,1.0,2.0,3.0,147.01,0,49.00333333333333,0.5
54533,0,9.0,Phone,1,16.0,Debit Card,Male,4.0,5,Laptop & Accessory,4,Single,11,0,20.0,1.0,2.0,1.0,190.4,0,63.46666666666667,0.2
54534,0,1.0,Phone,1,7.0,Credit Card,Male,3.0,4,Mobile Phone,4,Married,3,0,12.0,1.0,2.0,5.0,163.16,0,54.38666666666666,1.0
54535,0,2.0,Phone,3,16.0,Debit Card,Male,4.0,4,Laptop & Accessory,1,Single,3,0,17.0,2.0,2.0,8.0,177.53,0,59.17666666666667,0.67
54536,0,23.0,Phone,1,14.0,UPI,Male,3.0,5,Fashion,3,Single,10,0,25.0,2.0,2.0,1.0,234.64999999999998,0,78.21666666666665,0.08
54537,0,25.0,Phone,3,21.0,Debit Card,Female,3.0,4,Laptop & Accessory,1,Married,6,0,12.0,2.0,2.0,8.0,174.36,0,58.120000000000005,0.08
54538,0,10.0,Phone,1,9.0,Debit Card,Female,4.0,4,Mobile Phone,3,Married,6,0,14.0,3.0,3.0,3.0,150.43,0,37.6075,0.27
54539,1,1.0,Computer,3,26.0,E wallet,Male,4.0,2,Laptop & Accessory,1,Single,10,1,14.0,1.0,2.0,5.0,178.04,1,59.346666666666664,1.0
54540,0,29.0,Phone,1,9.0,Debit Card,Female,4.0,4,Grocery,1,Single,4,1,14.0,1.0,2.0,3.0,291.59,0,97.19666666666666,0.07
54541,0,1.0,Phone,3,17.0,E wallet,Female,4.0,4,Laptop & Accessory,3,Married,3,1,13.0,1.0,2.0,4.0,167.6,1,55.86666666666667,1.0
54542,0,4.0,Phone,3,9.0,Cash on Delivery,Male,4.0,4,Mobile Phone,4,Married,3,0,19.0,2.0,2.0,1.0,149.76,0,49.919999999999995,0.4
54543,1,1.0,Computer,1,10.0,Cash on Delivery,Male,4.0,4,Mobile Phone,5,Single,2,0,23.0,1.0,2.0,5.0,156.02,0,52.00666666666667,1.0
54544,0,1.0,Phone,1,18.0,Credit Card,Female,3.0,4,Mobile Phone,4,Married,3,0,14.0,2.0,2.0,3.0,147.44,0,49.14666666666667,1.0
54545,0,10.0,Phone,3,9.0,Credit Card,Male,4.0,5,Fashion,3,Married,3,0,14.0,9.0,10.0,1.0,200.96,0,18.26909090909091,0.91
54546,1,1.0,Computer,1,11.0,Cash on Delivery,Male,3.0,4,Mobile Phone,1,Single,11,1,24.0,2.0,2.0,1.0,147.85,1,49.28333333333333,1.0
54547,0,11.0,Phone,1,21.0,Debit Card,Female,4.0,4,Mobile Phone,5,Married,3,0,13.0,11.0,13.0,18.0,155.34,0,11.095714285714285,1.08
54548,0,14.0,Phone,3,9.0,E wallet,Female,3.0,4,Laptop & Accessory,4,Married,9,0,13.0,1.0,2.0,4.0,182.15,0,60.71666666666667,0.13
54549,0,16.0,Phone,1,7.0,Debit Card,Female,4.0,4,Mobile Phone,5,Married,5,0,17.0,1.0,2.0,3.0,150.76,0,50.25333333333333,0.12
54550,0,11.0,Phone,1,17.0,Debit Card,Male,3.0,4,Laptop & Accessory,4,Single,4,1,13.0,1.0,2.0,2.0,166.97,0,55.656666666666666,0.17
54551,0,17.0,Phone,1,19.0,Debit Card,Male,3.0,5,Grocery,4,Married,3,0,12.0,1.0,4.0,10.0,268.36,0,53.672000000000004,0.22
54552,0,14.0,Phone,1,9.0,Credit Card,Female,4.0,5,Laptop & Accessory,3,Married,8,0,23.0,2.0,2.0,1.0,159.48,0,53.16,0.13
54553,0,28.0,Phone,1,12.0,Credit Card,Male,3.0,4,Others,5,Married,6,0,15.707921714818266,2.0,2.0,3.0,319.06,0,106.35333333333334,0.07
54554,0,8.0,Computer,3,11.0,E wallet,Female,4.0,4,Laptop & Accessory,3,Married,11,0,16.0,1.0,2.0,3.0,190.38,0,63.46,0.22
54555,0,5.0,Phone,1,14.0,Credit Card,Female,3.0,4,Laptop & Accessory,5,Married,3,0,13.0,4.0,4.0,13.0,168.06,0,33.612,0.67
54556,0,17.0,Computer,1,28.0,Credit Card,Male,4.0,4,Mobile Phone,1,Married,9,0,21.0,2.0,2.0,3.0,147.58,0,49.193333333333335,0.11
54557,0,17.0,Phone,1,15.0,UPI,Female,4.0,4,Laptop & Accessory,3,Married,6,1,15.0,2.0,2.0,3.0,170.22,0,56.74,0.11
54558,0,1.0,Phone,3,11.0,Debit Card,Female,4.0,5,Laptop & Accessory,1,Single,3,1,12.0,1.0,2.0,4.0,169.87,1,56.623333333333335,1.0
54559,0,11.0,Computer,1,32.0,Credit Card,Female,4.0,4,Laptop & Accessory,3,Married,5,1,16.0,5.0,11.0,8.0,169.49,0,14.124166666666667,0.92
54560,0,5.0,Phone,1,7.0,Debit Card,Male,4.0,5,Mobile Phone,5,Married,3,0,13.0,4.0,4.0,3.0,147.18,0,29.436,0.67
54561,0,13.0,Computer,1,7.0,Debit Card,Male,3.0,4,Others,3,Married,3,1,15.707921714818266,1.0,2.0,7.0,316.97,0,105.65666666666668,0.14
54562,0,30.0,Computer,3,13.0,Debit Card,Female,3.0,2,Grocery,5,Married,11,0,12.0,7.0,2.0,8.0,257.12,0,85.70666666666666,0.06
54563,0,4.0,Phone,3,19.0,Cash on Delivery,Female,3.0,4,Laptop & Accessory,3,Single,2,0,12.0,4.0,5.0,5.0,190.77,0,31.795,1.0
54564,0,15.0,Phone,3,7.0,E wallet,Male,3.0,2,Fashion,5,Married,3,0,17.0,2.0,2.0,8.0,208.92,0,69.64,0.12
54565,0,2.0,Phone,1,24.0,Credit Card,Male,4.0,4,Laptop & Accessory,5,Married,3,0,13.0,1.0,2.0,9.0,170.58,0,56.86000000000001,0.67
54566,1,1.0,Phone,1,10.0,Credit Card,Male,4.0,4,Mobile Phone,5,Married,7,0,14.0,2.0,2.0,3.0,165.31,0,55.10333333333333,1.0
54567,0,26.0,Phone,1,10.0,Credit Card,Male,3.0,5,Fashion,3,Married,4,1,15.0,2.0,2.0,5.0,204.69,0,68.23,0.07
54568,0,19.0,Phone,1,17.0,Debit Card,Male,4.0,4,Mobile Phone,1,Married,5,0,22.0,1.0,2.0,3.0,151.54,0,50.51333333333333,0.1
54569,0,26.0,Phone,1,11.0,Debit Card,Female,2.0,4,Grocery,1,Married,4,0,14.0,1.0,2.0,5.0,290.55,0,96.85000000000001,0.07
54570,0,16.0,Computer,1,36.0,Debit Card,Female,4.0,4,Laptop & Accessory,3,Married,4,0,12.0,2.0,2.0,3.0,170.56,0,56.85333333333333,0.12
54571,0,4.0,Phone,1,9.0,Debit Card,Female,3.0,6,Laptop & Accessory,1,Single,4,0,21.0,2.0,2.0,3.0,185.91,0,61.97,0.4
54572,0,31.0,Phone,1,14.0,Debit Card,Female,3.0,4,Others,5,Married,7,0,15.707921714818266,2.0,12.0,11.0,320.66,0,24.666153846153847,0.38
54573,0,20.0,Phone,1,25.0,Credit Card,Female,3.0,4,Laptop & Accessory,3,Married,4,0,15.0,2.0,2.0,9.0,173.1,0,57.699999999999996,0.1
54574,0,16.0,Computer,1,35.0,Cash on Delivery,Female,3.0,5,Laptop & Accessory,1,Married,2,0,12.0,1.0,2.0,5.0,170.23,0,56.74333333333333,0.12
54575,1,1.0,Phone,3,7.0,Cash on Delivery,Female,4.0,4,Mobile Phone,4,Single,3,1,17.0,1.0,2.0,5.0,157.02,1,52.34,1.0
54576,1,1.0,Computer,3,13.0,E wallet,Female,3.0,6,Mobile Phone,3,Married,2,0,17.0,1.0,2.0,1.0,148.51,0,49.50333333333333,1.0
54577,0,12.0,Computer,1,9.0,Debit Card,Male,3.0,4,Mobile Phone,1,Married,3,1,24.0,2.0,2.0,1.0,142.02,0,47.34,0.15
54578,0,14.0,Phone,3,9.0,Debit Card,Female,4.0,4,Others,3,Married,2,0,15.707921714818266,2.0,2.0,13.0,305.41,0,101.80333333333334,0.13
54579,0,1.0,Phone,1,30.0,Debit Card,Female,3.0,4,Mobile Phone,1,Married,3,0,23.0,1.0,2.0,3.0,153.86,0,51.28666666666667,1.0
54580,0,4.0,Computer,1,10.0,Debit Card,Male,3.0,4,Mobile Phone,1,Married,6,0,16.0,2.0,2.0,5.0,145.97,0,48.656666666666666,0.4
54581,0,3.0,Phone,1,10.0,Credit Card,Male,4.0,5,Fashion,3,Married,3,0,19.0,1.0,2.0,8.0,244.35000000000002,0,81.45,0.5
54582,1,1.0,Phone,1,32.0,Cash on Delivery,Female,4.0,5,Mobile Phone,4,Married,7,0,17.0,2.0,2.0,2.0,150.46,0,50.153333333333336,1.0
54583,1,1.0,Phone,2,9.0,Cash on Delivery,Male,3.0,5,Mobile Phone,1,Single,3,0,13.0,1.0,2.0,1.0,150.64,0,50.21333333333333,1.0
54584,0,4.0,Computer,3,29.0,UPI,Female,4.0,4,Fashion,5,Married,2,0,12.0,4.0,8.0,9.0,209.12,0,23.235555555555557,1.6
54585,0,31.0,Phone,3,36.0,E wallet,Male,3.0,5,Grocery,1,Married,5,0,13.0,1.0,2.0,1.0,266.18,0,88.72666666666667,0.06
54586,0,24.0,Phone,1,36.0,Debit Card,Male,3.0,5,Grocery,3,Married,2,0,15.707921714818266,16.0,16.0,8.0,295.46,0,17.38,0.64
54587,0,4.0,Computer,1,9.0,Credit Card,Female,3.0,4,Mobile Phone,1,Single,2,0,15.0,2.0,7.0,8.0,150.64,0,18.83,1.4
54588,0,31.0,Computer,3,35.0,E wallet,Female,4.0,5,Fashion,5,Married,6,0,20.0,4.0,14.0,3.0,227.66,0,15.177333333333333,0.44
54589,0,21.0,Phone,1,9.0,Credit Card,Female,4.0,4,Laptop & Accessory,1,Married,7,0,14.0,1.0,2.0,5.0,175.7,0,58.56666666666666,0.09
54590,0,20.0,Phone,1,9.0,Debit Card,Male,3.0,4,Grocery,3,Married,8,0,15.707921714818266,2.0,2.0,2.0,303.61,0,101.20333333333333,0.1
54591,0,9.0,Phone,1,29.0,Debit Card,Male,3.0,6,Mobile Phone,3,Single,2,0,16.0,2.0,5.0,4.0,167.3,0,27.883333333333336,0.5
54592,0,28.0,Phone,1,6.0,Debit Card,Female,3.0,4,Laptop & Accessory,3,Single,9,0,12.0,1.0,2.0,1.0,162.8,0,54.26666666666667,0.07
54593,0,8.0,Phone,1,9.0,Debit Card,Male,4.0,5,Mobile Phone,3,Married,5,0,13.0,4.0,6.0,8.0,152.68,0,21.81142857142857,0.67
54594,0,6.0,Phone,3,17.0,E wallet,Female,4.0,5,Fashion,1,Married,4,1,20.0,1.0,2.0,3.0,215.71,0,71.90333333333334,0.29
54595,0,5.0,Phone,1,16.0,Debit Card,Male,3.0,4,Fashion,4,Married,3,0,26.0,1.0,2.0,9.0,231.48000000000002,0,77.16000000000001,0.33
54596,1,1.0,Phone,1,22.0,Credit Card,Male,3.0,4,Fashion,3,Married,9,1,13.0,1.0,8.0,8.0,261.1,1,29.011111111111113,4.0
54597,1,1.0,Phone,1,17.0,Credit Card,Male,3.0,6,Mobile Phone,1,Married,9,0,14.0,1.0,2.0,4.0,159.08,0,53.02666666666667,1.0
54598,0,4.0,Phone,3,14.0,E wallet,Male,3.0,4,Mobile Phone,4,Single,2,0,15.0,1.0,2.0,3.0,154.83,0,51.61000000000001,0.4
54599,0,9.0,Phone,1,23.0,Debit Card,Male,4.0,4,Fashion,3,Married,6,1,13.0,1.0,2.0,1.0,201.32,0,67.10666666666667,0.2
54600,1,1.0,Computer,1,27.0,Debit Card,Male,4.0,4,Fashion,3,Married,5,0,13.0,2.0,2.0,3.0,223.24,0,74.41333333333334,1.0
54601,1,1.0,Computer,2,30.0,UPI,Female,3.0,4,Fashion,5,Married,11,1,16.0,2.0,2.0,3.0,224.5,1,74.83333333333333,1.0
54602,0,16.0,Computer,1,12.0,UPI,Male,4.0,4,Mobile Phone,3,Married,6,0,18.0,1.0,3.0,1.0,145.93,0,36.4825,0.18
54603,0,10.0,Computer,3,17.0,Credit Card,Male,3.0,4,Fashion,1,Single,3,0,15.0,9.0,10.0,3.0,224.8,0,20.436363636363637,0.91
54604,1,1.0,Computer,1,11.0,Cash on Delivery,Male,4.0,5,Mobile Phone,3,Single,7,0,17.0,1.0,2.0,3.0,163.94,0,54.64666666666667,1.0
54605,0,22.0,Phone,3,9.0,E wallet,Female,3.0,4,Laptop & Accessory,1,Married,4,0,15.0,7.0,7.0,8.0,165.51,0,20.68875,0.3
54606,0,29.0,Phone,3,25.0,Debit Card,Female,3.0,4,Grocery,4,Single,5,0,15.707921714818266,2.0,8.0,9.0,293.35,0,32.59444444444445,0.27
54607,0,15.0,Computer,3,17.0,Debit Card,Male,3.0,4,Laptop & Accessory,1,Single,9,0,15.0,1.0,2.0,11.0,187.3,0,62.43333333333334,0.12
54608,0,9.0,Phone,3,7.0,E wallet,Male,3.0,4,Laptop & Accessory,3,Married,11,0,12.0,1.0,7.0,10.0,172.17,0,21.52125,0.7
54609,0,14.0,Phone,1,13.0,Debit Card,Female,4.0,4,Grocery,3,Single,9,0,16.0,5.0,2.0,14.0,257.37,0,85.79,0.13
54610,0,13.0,Computer,1,15.0,Debit Card,Female,3.0,4,Mobile Phone,3,Married,3,0,12.0,2.0,2.0,8.0,162.55,0,54.18333333333334,0.14
54611,0,5.0,Phone,3,9.0,Debit Card,Male,4.0,4,Laptop & Accessory,1,Single,6,1,14.0,2.0,2.0,6.0,190.82,0,63.60666666666666,0.33
54612,0,16.0,Phone,1,31.0,Credit Card,Male,3.0,4,Fashion,5,Married,3,1,22.0,6.0,6.0,9.0,199.06,0,28.437142857142856,0.35
54613,0,19.0,Phone,3,9.0,UPI,Male,4.0,4,Laptop & Accessory,4,Married,2,0,20.0,4.0,4.0,8.0,173.05,0,34.61,0.2
54614,1,1.0,Computer,2,24.0,Debit Card,Female,3.0,4,Mobile Phone,3,Married,2,1,12.0,1.0,2.0,1.0,152.41,1,50.803333333333335,1.0
54615,0,3.0,Phone,1,26.0,Cash on Delivery,Male,3.0,4,Laptop & Accessory,1,Married,6,0,13.0,2.0,2.0,3.0,167.62,0,55.873333333333335,0.5
54616,0,7.0,Phone,1,7.0,Credit Card,Female,4.0,2,Grocery,3,Married,6,0,20.0,1.0,2.0,6.0,286.84,0,95.61333333333333,0.25
54617,0,5.0,Phone,3,14.0,Debit Card,Male,3.0,5,Fashion,1,Married,11,0,22.0,2.0,2.0,2.0,240.57,0,80.19,0.33
54618,1,1.0,Computer,3,12.0,E wallet,Male,4.0,4,Mobile Phone,4,Single,3,1,15.0,2.0,2.0,1.0,143.78,1,47.92666666666667,1.0
54619,0,14.0,Computer,3,35.0,UPI,Male,3.0,6,Fashion,5,Married,5,0,16.0,1.0,2.0,2.0,234.32,0,78.10666666666667,0.13
54620,0,15.0,Computer,1,9.0,UPI,Female,4.0,5,Laptop & Accessory,3,Single,4,1,18.0,1.0,2.0,8.0,193.11,0,64.37,0.12
54621,0,1.0,Phone,3,36.0,Credit Card,Male,3.0,4,Laptop & Accessory,3,Married,7,0,13.0,1.0,2.0,1.0,168.06,0,56.02,1.0
54622,0,9.0,Phone,3,7.0,Credit Card,Female,4.0,4,Laptop & Accessory,3,Single,3,0,17.0,2.0,2.0,4.0,173.59,0,57.86333333333334,0.2
54623,0,8.0,Phone,3,28.0,Debit Card,Male,4.0,2,Laptop & Accessory,1,Single,3,0,13.0,1.0,6.0,8.0,178.37,0,25.481428571428573,0.67
54624,1,1.0,Phone,1,31.0,Cash on Delivery,Male,4.0,6,Mobile Phone,1,Single,3,1,19.0,1.0,2.0,1.0,148.4,1,49.46666666666667,1.0
54625,0,11.0,Phone,1,7.0,Cash on Delivery,Female,3.0,4,Fashion,1,Single,6,0,18.0,2.0,2.0,3.0,199.91,0,66.63666666666667,0.17
54626,0,20.0,Computer,1,25.0,Credit Card,Female,3.0,4,Fashion,3,Married,7,0,12.0,1.0,2.0,3.0,230.27,0,76.75666666666667,0.1
54627,0,15.0,Phone,3,9.0,Debit Card,Female,4.0,4,Grocery,5,Married,9,0,17.0,1.0,12.0,9.0,290.95,0,22.38076923076923,0.75
54628,0,11.0,Computer,3,16.0,Credit Card,Male,4.0,4,Fashion,4,Married,3,0,14.0,2.0,8.0,3.0,213.34,0,23.704444444444444,0.67
54629,0,26.0,Phone,1,13.0,Cash on Delivery,Male,4.0,4,Laptop & Accessory,5,Married,5,1,13.0,3.0,7.0,10.0,180.77,0,22.59625,0.26
54630,1,1.0,Computer,3,18.0,UPI,Male,3.0,2,Laptop & Accessory,3,Married,10,0,13.0,2.0,2.0,3.0,172.07,0,57.35666666666666,1.0
54631,0,1.0,Computer,3,31.0,Credit Card,Male,3.0,4,Mobile Phone,1,Married,2,0,14.0,2.0,3.0,2.0,149.0,0,37.25,1.5
54632,0,12.0,Phone,1,17.0,Credit Card,Female,4.0,4,Laptop & Accessory,3,Married,5,0,20.0,1.0,2.0,3.0,223.24,0,74.41333333333334,0.15
54633,0,11.0,Phone,1,7.0,Debit Card,Female,4.0,4,Laptop & Accessory,4,Married,8,0,13.0,5.0,5.0,4.0,189.47,0,31.578333333333333,0.42
54634,0,23.0,Phone,1,25.0,Debit Card,Male,3.0,5,Others,3,Married,3,1,15.707921714818266,2.0,2.0,10.0,320.02,0,106.67333333333333,0.08
54635,0,1.0,Phone,1,30.0,Credit Card,Male,3.0,2,Mobile Phone,1,Married,3,1,12.0,1.0,2.0,5.0,152.25,1,50.75,1.0
54636,0,1.0,Phone,3,35.0,E wallet,Male,4.0,4,Laptop & Accessory,4,Married,3,0,21.0,1.0,2.0,5.0,187.72,0,62.57333333333333,1.0
54637,0,1.0,Phone,1,24.0,UPI,Male,4.0,5,Mobile Phone,4,Married,3,0,22.0,2.0,2.0,1.0,146.27,0,48.75666666666667,1.0
54638,0,24.0,Computer,2,10.0,Credit Card,Male,4.0,4,Others,4,Married,3,0,15.707921714818266,2.0,11.0,8.0,307.0,0,25.583333333333332,0.44
54639,0,1.0,Phone,3,20.0,Credit Card,Male,3.0,4,Mobile Phone,3,Married,3,0,12.0,2.0,2.0,7.0,145.96,0,48.653333333333336,1.0
54640,1,1.0,Computer,1,14.0,Debit Card,Female,3.0,4,Mobile Phone,3,Married,3,1,17.0,1.0,2.0,3.0,153.86,1,51.28666666666667,1.0
54641,1,1.0,Computer,3,19.0,Debit Card,Male,4.0,5,Mobile Phone,5,Married,3,0,19.0,2.0,2.0,1.0,145.33,0,48.443333333333335,1.0
54642,0,8.0,Phone,1,7.0,Debit Card,Male,3.0,5,Mobile Phone,1,Married,3,1,14.0,2.0,2.0,4.0,161.22,0,53.74,0.22
54643,1,1.0,Phone,3,20.0,Credit Card,Male,3.0,4,Laptop & Accessory,5,Married,4,0,18.0,1.0,2.0,3.0,167.33,0,55.77666666666667,1.0
54644,0,9.0,Phone,1,32.0,UPI,Male,3.0,5,Laptop & Accessory,1,Single,6,0,15.0,2.0,2.0,3.0,161.81,0,53.93666666666667,0.2
54645,0,5.0,Phone,3,13.0,Credit Card,Male,4.0,2,Laptop & Accessory,1,Married,6,0,23.0,6.0,6.0,8.0,179.6,0,25.657142857142855,1.0
54646,0,1.0,Phone,1,13.0,Credit Card,Female,4.0,5,Mobile Phone,3,Married,2,0,13.0,1.0,2.0,4.0,146.87,0,48.95666666666667,1.0
54647,0,11.0,Phone,3,9.0,E wallet,Male,4.0,4,Laptop & Accessory,3,Married,6,1,12.0,1.0,2.0,3.0,221.02,0,73.67333333333333,0.17
54648,0,1.0,Phone,1,7.0,Debit Card,Female,3.0,5,Mobile Phone,4,Single,3,0,14.0,1.0,2.0,1.0,153.36,0,51.120000000000005,1.0
54649,0,16.0,Phone,1,9.0,Debit Card,Female,3.0,4,Laptop & Accessory,1,Married,3,0,14.0,1.0,3.0,3.0,165.89,0,41.4725,0.18
54650,0,17.0,Phone,1,13.0,UPI,Male,3.0,5,Grocery,1,Married,6,1,15.0,1.0,2.0,1.0,291.27,0,97.08999999999999,0.11
54651,0,12.0,Phone,1,7.0,Debit Card,Female,3.0,4,Mobile Phone,5,Single,5,0,18.0,1.0,2.0,1.0,151.19,0,50.39666666666667,0.15
54652,0,17.0,Computer,1,16.0,Credit Card,Male,4.0,4,Laptop & Accessory,3,Married,5,1,14.0,2.0,5.0,8.0,181.79,0,30.298333333333332,0.28
54653,0,22.0,Phone,1,7.0,Debit Card,Female,3.0,5,Grocery,5,Married,9,0,12.0,1.0,2.0,3.0,279.02,0,93.00666666666666,0.09
54654,0,18.0,Phone,2,7.0,Debit Card,Female,3.0,5,Laptop & Accessory,3,Single,6,0,12.0,2.0,2.0,3.0,184.85,0,61.61666666666667,0.11
54655,0,8.0,Phone,3,21.0,Cash on Delivery,Female,3.0,4,Mobile Phone,3,Married,3,1,19.0,2.0,2.0,7.0,150.79,0,50.26333333333333,0.22
54656,1,1.0,Phone,3,9.0,E wallet,Male,3.0,4,Mobile Phone,5,Married,2,0,12.0,2.0,2.0,3.0,155.41,0,51.803333333333335,1.0
54657,0,1.0,Phone,3,29.0,Cash on Delivery,Male,3.0,4,Mobile Phone,3,Single,3,0,12.0,1.0,2.0,3.0,159.47,0,53.156666666666666,1.0
54658,0,18.0,Phone,1,10.0,UPI,Male,3.0,4,Others,1,Married,6,1,15.707921714818266,1.0,2.0,2.0,320.13,0,106.71,0.11
54659,0,1.0,Phone,1,13.0,Credit Card,Male,4.0,4,Mobile Phone,3,Married,2,0,21.0,2.0,3.0,3.0,152.73,0,38.1825,1.5
54660,0,7.0,Phone,3,15.0,E wallet,Male,3.0,4,Laptop & Accessory,3,Married,2,0,13.0,1.0,2.0,3.0,196.04,0,65.34666666666666,0.25
54661,0,6.0,Phone,1,16.0,Debit Card,Female,4.0,4,Laptop & Accessory,1,Married,3,1,13.0,2.0,2.0,6.0,188.22,0,62.74,0.29
54662,0,4.0,Computer,1,10.0,Credit Card,Female,4.0,4,Mobile Phone,3,Married,3,0,21.0,2.0,2.0,1.0,145.83,0,48.61000000000001,0.4
54663,0,27.0,Phone,3,7.0,Credit Card,Female,3.0,4,Laptop & Accessory,5,Single,9,0,21.0,5.0,9.0,11.0,208.81,0,20.881,0.32
54664,0,8.0,Phone,1,7.0,Debit Card,Male,3.0,4,Mobile Phone,1,Married,3,0,13.0,2.0,9.0,9.0,151.91,0,15.190999999999999,1.0
54665,1,9.0,Computer,3,33.0,Debit Card,Female,4.0,4,Laptop & Accessory,5,Married,4,0,15.0,1.0,2.0,1.0,167.86,0,55.95333333333334,0.2
54666,0,1.0,Phone,1,13.0,Debit Card,Female,4.0,4,Mobile Phone,1,Married,3,1,14.0,1.0,2.0,3.0,81.0,1,27.0,1.0
54667,0,11.0,Phone,1,10.0,UPI,Male,3.0,4,Fashion,3,Married,3,0,16.0,8.0,8.0,3.0,219.34,0,24.371111111111112,0.67
54668,0,3.0,Phone,3,10.0,Credit Card,Female,4.0,4,Laptop & Accessory,3,Married,3,0,15.0,1.0,2.0,3.0,180.61,0,60.20333333333334,0.5
54669,0,9.0,Phone,1,13.0,Debit Card,Male,3.0,6,Laptop & Accessory,1,Single,3,0,14.0,1.0,12.0,9.0,191.46,0,14.727692307692308,1.2
54670,0,7.0,Computer,1,13.0,Debit Card,Male,2.0,4,Laptop & Accessory,1,Married,5,0,24.0,4.0,5.0,8.0,202.25,0,33.708333333333336,0.62
54671,0,28.0,Phone,2,26.0,Credit Card,Male,3.0,4,Fashion,4,Married,4,0,16.0,3.0,2.0,2.0,232.25,0,77.41666666666667,0.07
54672,0,10.0,Phone,1,16.0,Credit Card,Male,3.0,5,Laptop & Accessory,4,Married,4,1,12.0,1.0,2.0,3.0,213.47,0,71.15666666666667,0.18
54673,0,1.0,Phone,1,10.0,Credit Card,Male,3.0,5,Mobile Phone,1,Single,2,0,14.0,2.0,2.0,2.0,145.45,0,48.48333333333333,1.0
54674,1,1.0,Phone,1,17.0,Credit Card,Male,3.0,4,Mobile Phone,3,Single,3,1,12.0,2.0,2.0,2.0,135.09,1,45.03,1.0
54675,1,1.0,Computer,1,10.0,Debit Card,Male,4.0,4,Mobile Phone,5,Single,3,1,12.0,6.0,10.0,8.0,158.48,1,14.407272727272726,5.0
54676,0,9.0,Computer,1,10.0,Debit Card,Male,3.0,5,Mobile Phone,3,Married,3,0,19.0,2.0,2.0,1.0,137.81,0,45.93666666666667,0.2
54677,0,1.0,Phone,1,11.0,Credit Card,Male,3.0,2,Mobile Phone,5,Married,4,0,17.0,1.0,2.0,3.0,153.19,0,51.06333333333333,1.0
54678,0,1.0,Phone,3,15.0,Debit Card,Male,3.0,2,Laptop & Accessory,4,Married,2,0,23.0,2.0,2.0,3.0,173.51,0,57.836666666666666,1.0
54679,0,12.0,Phone,3,14.0,E wallet,Female,3.0,5,Laptop & Accessory,1,Single,2,0,21.0,2.0,2.0,6.0,165.28,0,55.093333333333334,0.15
54680,0,3.0,Computer,1,7.0,Debit Card,Male,4.0,6,Mobile Phone,1,Married,3,0,19.0,1.0,3.0,9.0,152.2,0,38.05,0.75
54681,0,22.0,Phone,3,9.0,E wallet,Male,3.0,2,Laptop & Accessory,4,Married,5,0,13.0,1.0,3.0,3.0,206.2,0,51.55,0.13
54682,0,1.0,Computer,3,10.0,Credit Card,Female,4.0,2,Laptop & Accessory,1,Married,3,1,21.0,2.0,2.0,5.0,171.47,1,57.156666666666666,1.0
54683,0,11.0,Phone,1,17.0,Debit Card,Male,4.0,2,Mobile Phone,1,Single,5,0,18.0,2.0,2.0,1.0,171.8,0,57.26666666666667,0.17
54684,0,24.0,Phone,1,35.0,Credit Card,Male,4.0,2,Mobile Phone,3,Married,3,1,12.0,1.0,4.0,9.0,157.21,0,31.442,0.16
54685,0,8.0,Phone,1,16.0,Credit Card,Female,3.0,5,Fashion,4,Single,3,0,15.0,5.0,8.0,3.0,211.21,0,23.46777777777778,0.89
54686,1,1.0,Phone,3,10.0,Debit Card,Female,4.0,4,Laptop & Accessory,3,Single,11,0,15.0,2.0,3.0,1.0,170.77,0,42.6925,1.5
54687,0,13.0,Phone,1,9.0,Cash on Delivery,Female,4.0,5,Laptop & Accessory,3,Single,3,0,12.0,2.0,12.0,11.0,170.53,0,13.117692307692307,0.86
54688,0,6.0,Phone,3,17.0,E wallet,Male,3.0,4,Laptop & Accessory,1,Single,3,0,13.0,2.0,2.0,9.0,178.96,0,59.653333333333336,0.29
54689,1,14.0,Computer,3,15.0,Cash on Delivery,Male,3.0,4,Laptop & Accessory,3,Married,5,1,15.0,1.0,2.0,4.0,192.96,0,64.32000000000001,0.13
54690,0,12.0,Phone,1,7.0,Debit Card,Female,3.0,2,Laptop & Accessory,1,Single,2,0,14.0,1.0,2.0,9.0,201.25,0,67.08333333333333,0.15
54691,0,1.0,Phone,1,7.0,Debit Card,Female,4.0,4,Fashion,5,Married,3,0,12.0,1.0,2.0,8.0,199.12,0,66.37333333333333,1.0
54692,0,6.0,Phone,1,10.0,Debit Card,Female,3.0,4,Fashion,1,Single,5,0,16.0,7.0,2.0,8.0,236.58999999999997,0,78.86333333333333,0.29
54693,0,21.0,Phone,3,21.0,E wallet,Male,3.0,4,Laptop & Accessory,5,Single,4,0,13.0,2.0,2.0,8.0,174.6,0,58.199999999999996,0.09
54694,0,14.0,Computer,3,12.0,Debit Card,Male,3.0,5,Fashion,5,Married,7,1,22.0,1.0,2.0,3.0,229.75,0,76.58333333333333,0.13
54695,0,27.0,Phone,1,14.0,Debit Card,Male,3.0,2,Grocery,3,Married,5,0,20.0,1.0,2.0,4.0,273.14,0,91.04666666666667,0.07
54696,0,15.0,Phone,2,17.0,UPI,Male,4.0,5,Others,1,Married,5,0,15.707921714818266,4.0,13.0,7.0,316.41,0,22.600714285714286,0.81
54697,0,31.0,Phone,3,23.0,E wallet,Male,3.0,4,Laptop & Accessory,5,Single,10,0,15.0,3.0,3.0,3.0,179.05,0,44.7625,0.09
54698,0,1.0,Computer,1,17.0,Debit Card,Male,3.0,4,Fashion,5,Married,3,0,22.0,1.0,2.0,3.0,212.93,0,70.97666666666667,1.0
54699,0,15.0,Phone,2,7.0,UPI,Male,3.0,5,Others,3,Married,3,0,15.707921714818266,2.0,3.0,11.0,316.89,0,79.2225,0.19
54700,0,24.0,Phone,3,15.0,E wallet,Male,3.0,4,Mobile Phone,4,Married,9,0,16.0,1.0,3.0,3.0,163.75,0,40.9375,0.12
54701,1,1.0,Phone,1,7.0,Debit Card,Female,4.0,6,Mobile Phone,4,Single,9,1,14.0,2.0,4.0,8.0,147.16,1,29.432,2.0
54702,0,10.0,Computer,1,15.0,Debit Card,Female,4.0,2,Fashion,5,Married,11,0,15.0,1.0,2.0,6.0,242.13,0,80.71,0.18
54703,0,12.0,Phone,1,7.0,Debit Card,Female,3.0,4,Fashion,3,Single,6,1,15.0,1.0,2.0,1.0,203.61,0,67.87,0.15
54704,0,18.0,Computer,1,31.0,Credit Card,Male,3.0,6,Mobile Phone,3,Single,4,0,15.0,1.0,2.0,5.0,162.08,0,54.02666666666667,0.11
54705,0,21.0,Computer,3,10.0,Credit Card,Female,3.0,4,Grocery,3,Married,11,1,13.0,1.0,12.0,14.0,262.7,0,20.207692307692305,0.55
54706,0,4.0,Phone,3,34.0,E wallet,Male,4.0,4,Laptop & Accessory,1,Married,9,0,24.0,3.0,8.0,8.0,178.04,0,19.78222222222222,1.6
54707,0,3.0,Phone,3,17.0,Debit Card,Male,4.0,4,Mobile Phone,3,Single,3,0,12.0,2.0,2.0,1.0,151.42,0,50.47333333333333,0.5
54708,1,6.0,Computer,1,26.0,Credit Card,Male,3.0,2,Mobile Phone,3,Married,8,1,13.0,1.0,3.0,3.0,152.59,0,38.1475,0.43
54709,0,17.0,Computer,3,22.0,Debit Card,Male,3.0,5,Laptop & Accessory,1,Married,5,0,19.0,2.0,3.0,3.0,193.04,0,48.26,0.17
54710,0,8.0,Phone,1,15.0,Credit Card,Female,4.0,4,Laptop & Accessory,3,Single,5,0,12.0,1.0,5.0,4.0,186.42,0,31.069999999999997,0.56
54711,0,1.0,Phone,1,16.0,Credit Card,Male,3.0,4,Mobile Phone,5,Married,3,0,15.0,2.0,2.0,3.0,150.0,0,50.0,1.0
54712,0,13.0,Phone,2,10.0,UPI,Female,3.0,2,Laptop & Accessory,4,Married,11,0,16.0,1.0,4.0,7.0,188.89,0,37.778,0.29
54713,0,30.0,Phone,1,16.0,Credit Card,Male,3.0,4,Grocery,1,Married,9,0,12.0,1.0,2.0,2.0,236.02999999999997,0,78.67666666666666,0.06
54714,0,14.0,Phone,1,9.0,Credit Card,Female,3.0,5,Mobile Phone,1,Single,2,1,21.0,1.0,3.0,4.0,148.42,0,37.105,0.2
54715,0,1.0,Phone,1,14.0,Credit Card,Female,3.0,5,Laptop & Accessory,5,Single,10,0,20.0,2.0,2.0,8.0,193.11,0,64.37,1.0
54716,0,3.0,Phone,3,17.0,E wallet,Male,3.0,4,Mobile Phone,4,Married,3,0,15.0,3.0,3.0,3.0,147.97,0,36.9925,0.75
54717,0,27.0,Phone,1,13.0,Debit Card,Male,3.0,4,Laptop & Accessory,1,Single,4,0,18.0,3.0,3.0,3.0,149.5,0,37.375,0.11
54718,0,9.0,Computer,1,9.0,Debit Card,Female,4.0,4,Laptop & Accessory,5,Married,4,0,12.0,2.0,2.0,1.0,175.93,0,58.64333333333334,0.2
54719,0,6.0,Computer,1,31.0,Debit Card,Male,4.0,4,Laptop & Accessory,1,Married,3,0,16.0,2.0,5.0,8.0,178.09,0,29.68166666666667,0.71
54720,0,12.0,Phone,1,9.0,Credit Card,Male,4.0,4,Mobile Phone,3,Married,8,1,14.0,1.0,2.0,2.0,155.57,0,51.85666666666666,0.15
54721,0,8.0,Phone,1,15.0,Debit Card,Female,3.0,4,Laptop & Accessory,5,Married,5,0,15.0,2.0,2.0,1.0,176.21,0,58.73666666666667,0.22
54722,0,26.0,Phone,3,10.0,E wallet,Male,3.0,5,Grocery,5,Married,3,0,15.707921714818266,2.0,2.0,17.0,293.56,0,97.85333333333334,0.07
54723,1,1.0,Phone,1,7.0,UPI,Male,4.0,4,Mobile Phone,1,Single,3,1,14.0,7.0,8.0,9.0,151.86,1,16.873333333333335,4.0
54724,0,1.0,Phone,3,33.0,Credit Card,Female,3.0,4,Laptop & Accessory,1,Single,3,0,24.0,1.0,2.0,5.0,186.8,0,62.26666666666667,1.0
54725,0,19.0,Phone,3,9.0,Cash on Delivery,Male,3.0,6,Laptop & Accessory,3,Single,2,0,14.0,2.0,4.0,2.0,191.32,0,38.263999999999996,0.2
54726,0,1.0,Phone,1,17.0,Credit Card,Male,4.0,2,Mobile Phone,3,Single,3,0,19.0,1.0,2.0,3.0,160.05,0,53.35,1.0
54727,1,11.0,Computer,3,34.0,Debit Card,Female,4.0,2,Laptop & Accessory,3,Single,6,1,13.0,1.0,2.0,4.0,188.97,0,62.99,0.17
54728,0,8.0,Phone,3,9.0,UPI,Male,3.0,4,Laptop & Accessory,1,Single,3,0,23.0,1.0,2.0,5.0,187.74,0,62.580000000000005,0.22
54729,1,19.0,Phone,1,9.0,Credit Card,Male,4.0,4,Others,5,Married,7,1,14.0,2.0,2.0,5.0,323.59,0,107.86333333333333,0.1
54730,0,10.0,Computer,3,15.0,Debit Card,Male,4.0,5,Fashion,5,Single,3,0,16.0,1.0,2.0,10.0,200.87,0,66.95666666666666,0.18
54731,0,26.0,Computer,1,26.0,Credit Card,Male,3.0,4,Mobile Phone,1,Married,2,0,19.0,2.0,2.0,3.0,167.58,0,55.86000000000001,0.07
54732,0,1.0,Computer,1,7.0,Debit Card,Female,4.0,6,Mobile Phone,1,Married,5,0,15.0,3.0,3.0,1.0,168.64,0,42.16,1.5
54733,0,3.0,Phone,1,34.0,Credit Card,Female,4.0,4,Laptop & Accessory,3,Married,6,0,13.0,1.0,2.0,2.0,168.35,0,56.11666666666667,0.5
54734,1,1.0,Phone,3,15.0,Cash on Delivery,Male,3.0,5,Laptop & Accessory,5,Single,8,0,18.0,1.0,2.0,3.0,178.26,0,59.419999999999995,1.0
54735,0,8.0,Phone,1,7.0,Debit Card,Female,4.0,2,Mobile Phone,1,Single,4,0,17.0,2.0,2.0,4.0,157.8,0,52.6,0.22
54736,0,28.0,Phone,1,26.0,Credit Card,Female,4.0,4,Laptop & Accessory,5,Married,11,1,12.0,1.0,2.0,5.0,179.85,0,59.949999999999996,0.07
54737,0,1.0,Computer,3,15.0,E wallet,Male,3.0,4,Laptop & Accessory,1,Married,2,0,20.0,2.0,2.0,2.0,168.42,0,56.13999999999999,1.0
54738,0,11.0,Phone,1,17.0,Debit Card,Female,3.0,4,Mobile Phone,5,Married,2,1,14.0,5.0,5.0,4.0,152.82,0,25.47,0.42
54739,0,12.0,Computer,1,9.0,Debit Card,Female,4.0,2,Laptop & Accessory,5,Single,8,1,13.0,1.0,5.0,13.0,184.8,0,30.8,0.38
54740,0,8.0,Phone,1,9.0,Credit Card,Female,3.0,5,Mobile Phone,5,Single,3,0,12.0,2.0,2.0,4.0,168.81,0,56.27,0.22
54741,0,9.0,Phone,3,15.0,Debit Card,Female,4.0,4,Mobile Phone,1,Married,3,0,17.0,2.0,2.0,3.0,150.72,0,50.24,0.2
54742,0,4.0,Phone,1,7.0,Debit Card,Male,3.0,6,Mobile Phone,3,Married,5,0,22.0,2.0,2.0,3.0,163.33,0,54.443333333333335,0.4
54743,0,14.0,Computer,1,9.0,Credit Card,Female,3.0,2,Laptop & Accessory,4,Married,3,0,25.0,1.0,4.0,8.0,167.44,0,33.488,0.27
54744,0,8.0,Phone,3,15.0,Debit Card,Female,4.0,4,Laptop & Accessory,5,Married,7,0,18.0,2.0,2.0,3.0,190.0,0,63.333333333333336,0.22
54745,0,16.0,Computer,1,15.0,Debit Card,Male,4.0,4,Others,1,Married,3,0,15.707921714818266,6.0,15.0,10.0,309.3,0,19.33125,0.88
54746,1,1.0,Phone,1,13.0,Debit Card,Male,4.0,2,Mobile Phone,5,Married,3,1,22.0,1.0,2.0,1.0,141.01,1,47.00333333333333,1.0
54747,0,1.0,Computer,1,16.0,Debit Card,Male,3.0,5,Mobile Phone,4,Married,3,0,12.0,1.0,2.0,1.0,151.94,0,50.64666666666667,1.0
54748,0,26.0,Phone,1,18.0,Debit Card,Female,3.0,4,Laptop & Accessory,3,Married,10,0,21.0,2.0,2.0,5.0,156.49,0,52.163333333333334,0.07
54749,0,24.0,Phone,1,9.0,Credit Card,Male,4.0,4,Grocery,3,Married,7,0,15.707921714818266,1.0,2.0,4.0,301.39,0,100.46333333333332,0.08
54750,1,1.0,Phone,1,7.0,Debit Card,Female,3.0,5,Mobile Phone,5,Married,3,1,12.0,1.0,2.0,1.0,148.19,1,49.39666666666667,1.0
54751,0,7.0,Phone,1,14.0,Credit Card,Male,3.0,4,Fashion,3,Married,2,0,12.0,2.0,2.0,8.0,241.91000000000003,0,80.63666666666667,0.25
54752,1,1.0,Phone,3,23.0,E wallet,Female,4.0,4,Laptop & Accessory,5,Single,7,0,16.0,2.0,2.0,3.0,178.24,0,59.413333333333334,1.0
54753,0,21.0,Phone,1,9.0,UPI,Female,3.0,4,Grocery,1,Married,3,1,15.707921714818266,4.0,4.0,1.0,292.52,0,58.504,0.18
54754,0,10.0,Phone,1,7.0,UPI,Female,3.0,4,Laptop & Accessory,4,Married,2,0,16.0,2.0,2.0,6.0,177.28,0,59.093333333333334,0.18
54755,0,3.0,Phone,1,30.0,Debit Card,Male,3.0,2,Mobile Phone,3,Married,3,0,25.0,2.0,2.0,8.0,152.0,0,50.666666666666664,0.5
54756,1,21.0,Phone,1,9.0,Debit Card,Male,3.0,4,Others,4,Single,9,1,15.707921714818266,8.0,14.0,9.0,317.46,0,21.163999999999998,0.64
54757,0,9.0,Phone,1,7.0,Debit Card,Female,3.0,2,Mobile Phone,3,Single,5,0,14.0,3.0,3.0,3.0,150.06,0,37.515,0.3
54758,0,16.0,Phone,1,7.0,Debit Card,Female,3.0,5,Laptop & Accessory,1,Married,11,1,14.0,1.0,2.0,3.0,185.62,0,61.873333333333335,0.12
54759,1,1.0,Phone,1,9.0,Credit Card,Male,3.0,4,Mobile Phone,3,Single,8,0,18.0,3.0,3.0,2.0,168.82,0,42.205,1.5
54760,0,10.0,Phone,2,20.0,UPI,Male,3.0,4,Mobile Phone,4,Married,6,0,14.0,2.0,2.0,5.0,146.43,0,48.81,0.18
54761,0,6.0,Phone,1,11.0,Debit Card,Female,4.0,5,Laptop & Accessory,3,Married,3,0,13.0,6.0,7.0,9.0,186.62,0,23.3275,1.0
54762,0,14.0,Computer,1,23.0,Credit Card,Male,3.0,5,Laptop & Accessory,3,Single,8,0,15.0,1.0,2.0,1.0,175.94,0,58.64666666666667,0.13
54763,0,4.0,Phone,1,9.0,Credit Card,Female,3.0,5,Laptop & Accessory,1,Single,7,1,25.0,2.0,2.0,1.0,193.77,0,64.59,0.4
54764,0,19.0,Phone,1,9.0,Debit Card,Female,4.0,5,Mobile Phone,3,Single,3,0,15.0,2.0,2.0,1.0,147.74,0,49.24666666666667,0.1
54765,0,16.0,Phone,1,36.0,Debit Card,Male,4.0,4,Laptop & Accessory,4,Married,3,0,14.0,6.0,8.0,9.0,169.34,0,18.815555555555555,0.47
54766,0,12.0,Computer,1,19.0,Debit Card,Male,1.0,5,Laptop & Accessory,5,Married,4,0,16.0,2.0,2.0,3.0,187.88,0,62.626666666666665,0.15
54767,0,8.0,Computer,1,23.0,Debit Card,Female,4.0,5,Mobile Phone,1,Single,3,0,17.0,2.0,2.0,4.0,150.53,0,50.17666666666667,0.22
54768,1,13.0,Phone,3,18.0,E wallet,Female,3.0,4,Fashion,1,Married,3,0,19.0,1.0,8.0,8.0,201.54,0,22.39333333333333,0.57
54769,1,19.0,Phone,3,9.0,Credit Card,Male,3.0,4,Laptop & Accessory,1,Single,6,0,17.0,2.0,8.0,4.0,176.6,0,19.62222222222222,0.4
54770,0,17.0,Phone,1,21.0,Debit Card,Male,4.0,4,Grocery,5,Married,8,0,15.707921714818266,2.0,2.0,1.0,296.59,0,98.86333333333333,0.11
54771,0,1.0,Phone,1,12.0,Cash on Delivery,Male,3.0,5,Fashion,1,Married,3,1,17.0,2.0,2.0,9.0,253.07999999999998,1,84.36,1.0
54772,0,9.0,Phone,1,14.0,UPI,Male,3.0,4,Fashion,3,Single,5,0,22.0,1.0,2.0,3.0,227.21,0,75.73666666666666,0.2
54773,0,2.0,Phone,3,9.0,E wallet,Female,3.0,4,Laptop & Accessory,4,Married,3,1,21.0,7.0,8.0,6.0,172.79,1,19.198888888888888,2.67
54774,0,8.0,Phone,2,10.0,UPI,Male,3.0,4,Mobile Phone,1,Married,2,0,20.0,2.0,2.0,3.0,162.37,0,54.123333333333335,0.22
54775,1,1.0,Computer,1,12.0,Credit Card,Female,3.0,5,Mobile Phone,3,Married,3,1,15.0,1.0,2.0,8.0,148.66,1,49.553333333333335,1.0
54776,0,1.0,Computer,1,10.0,Credit Card,Male,3.0,4,Mobile Phone,1,Married,3,0,12.0,1.0,2.0,1.0,142.06,0,47.35333333333333,1.0
54777,0,25.0,Phone,3,33.0,E wallet,Female,4.0,4,Grocery,3,Married,4,0,15.0,1.0,5.0,18.0,288.07,0,48.01166666666666,0.19
54778,0,18.0,Phone,1,11.0,Credit Card,Male,3.0,4,Laptop & Accessory,4,Single,11,0,13.0,2.0,3.0,4.0,184.33,0,46.0825,0.16
54779,0,1.0,Phone,1,9.0,Credit Card,Male,4.0,2,Mobile Phone,5,Single,9,0,14.0,1.0,2.0,2.0,159.24,0,53.080000000000005,1.0
54780,0,7.0,Phone,3,7.0,Credit Card,Male,3.0,2,Laptop & Accessory,5,Married,3,0,23.0,1.0,2.0,9.0,165.37,0,55.123333333333335,0.25
54781,0,9.0,Phone,1,34.0,Credit Card,Female,3.0,5,Mobile Phone,5,Single,3,0,12.0,1.0,2.0,2.0,150.59,0,50.196666666666665,0.2
54782,0,10.0,Phone,3,7.0,Debit Card,Male,3.0,4,Laptop & Accessory,1,Married,3,1,15.0,4.0,5.0,12.0,187.01,0,31.168333333333333,0.45
54783,0,6.0,Phone,3,20.0,Debit Card,Male,4.0,4,Laptop & Accessory,1,Married,4,0,12.0,1.0,2.0,4.0,169.03,0,56.343333333333334,0.29
54784,0,4.0,Computer,1,12.0,Debit Card,Male,4.0,5,Mobile Phone,1,Married,11,0,13.0,1.0,2.0,4.0,162.61,0,54.20333333333334,0.4
54785,0,27.0,Phone,3,14.0,E wallet,Female,4.0,5,Fashion,1,Married,9,1,19.0,1.0,2.0,5.0,234.33999999999997,0,78.11333333333333,0.07
54786,0,19.0,Phone,3,16.0,E wallet,Male,4.0,4,Fashion,5,Married,6,1,13.0,1.0,2.0,3.0,232.61,0,77.53666666666668,0.1
54787,0,6.0,Phone,1,15.0,Credit Card,Female,4.0,2,Laptop & Accessory,3,Married,7,0,13.0,2.0,2.0,4.0,176.75,0,58.916666666666664,0.29
54788,0,26.0,Computer,1,32.0,Credit Card,Female,3.0,5,Grocery,1,Married,5,0,23.0,1.0,2.0,1.0,263.26,0,87.75333333333333,0.07
54789,0,11.0,Phone,3,23.0,E wallet,Male,4.0,5,Laptop & Accessory,3,Married,6,0,20.0,2.0,2.0,1.0,188.34,0,62.78,0.17
54790,0,2.0,Phone,2,15.0,Credit Card,Male,4.0,5,Mobile Phone,1,Married,3,0,14.0,2.0,2.0,5.0,174.36,0,58.120000000000005,0.67
54791,0,1.0,Phone,1,7.0,Debit Card,Male,3.0,5,Laptop & Accessory,1,Married,8,0,23.0,3.0,3.0,3.0,172.75,0,43.1875,1.5
54792,0,18.0,Phone,1,15.0,Debit Card,Male,4.0,2,Mobile Phone,1,Married,4,1,25.0,2.0,2.0,3.0,153.18,0,51.06,0.11
54793,0,16.0,Computer,1,9.0,Credit Card,Male,3.0,4,Mobile Phone,1,Single,7,1,15.0,2.0,3.0,3.0,150.15,0,37.5375,0.18
54794,0,10.0,Phone,2,15.0,Debit Card,Male,4.0,5,Mobile Phone,5,Married,2,0,22.0,1.0,2.0,4.0,148.42,0,49.47333333333333,0.18
54795,0,1.0,Phone,3,10.0,UPI,Male,4.0,4,Laptop & Accessory,5,Married,3,1,19.0,1.0,2.0,4.0,166.94,1,55.64666666666667,1.0
54796,0,9.0,Phone,1,16.0,Debit Card,Female,4.0,5,Fashion,3,Married,3,1,21.0,4.0,2.0,16.0,231.85000000000002,0,77.28333333333335,0.2
54797,1,1.0,Computer,1,32.0,Debit Card,Female,4.0,4,Mobile Phone,4,Married,3,1,20.0,7.0,8.0,9.0,145.22,1,16.135555555555555,4.0
54798,0,6.0,Computer,1,7.0,Debit Card,Male,4.0,4,Mobile Phone,1,Married,2,0,13.0,2.0,2.0,3.0,148.14,0,49.379999999999995,0.29
54799,0,1.0,Phone,3,11.0,E wallet,Male,3.0,5,Laptop & Accessory,5,Married,3,0,13.0,2.0,2.0,4.0,167.56,0,55.85333333333333,1.0
54800,0,23.0,Phone,1,7.0,Cash on Delivery,Female,3.0,4,Mobile Phone,5,Married,4,0,17.0,1.0,2.0,3.0,160.8,0,53.6,0.08
54801,0,1.0,Computer,1,11.0,Debit Card,Male,3.0,5,Mobile Phone,1,Married,2,0,18.0,1.0,4.0,5.0,156.62,0,31.324,2.0
54802,0,6.0,Computer,3,12.0,Debit Card,Male,3.0,4,Laptop & Accessory,4,Married,3,0,15.0,3.0,6.0,4.0,190.24,0,27.177142857142858,0.86
54803,0,12.0,Phone,3,16.0,E wallet,Male,4.0,5,Mobile Phone,4,Married,2,0,20.0,1.0,2.0,3.0,153.99,0,51.330000000000005,0.15
54804,0,16.0,Phone,1,10.0,Debit Card,Female,4.0,2,Laptop & Accessory,1,Married,4,1,14.0,2.0,2.0,4.0,177.31,0,59.10333333333333,0.12
54805,0,5.0,Phone,1,18.0,Debit Card,Male,3.0,4,Mobile Phone,1,Married,5,1,20.0,1.0,2.0,3.0,148.56,0,49.52,0.33
54806,1,1.0,Phone,3,7.0,Credit Card,Female,3.0,5,Mobile Phone,3,Married,8,1,20.0,2.0,2.0,3.0,153.0,1,51.0,1.0
54807,0,27.0,Phone,3,15.0,E wallet,Male,4.0,4,Grocery,1,Married,7,0,15.0,3.0,2.0,3.0,243.36,0,81.12,0.07
54808,0,9.0,Phone,1,32.0,Cash on Delivery,Male,4.0,5,Fashion,4,Married,5,0,17.0,3.0,2.0,9.0,234.02999999999997,0,78.00999999999999,0.2
54809,0,11.0,Computer,3,28.0,Credit Card,Female,3.0,4,Mobile Phone,1,Married,7,0,16.0,2.0,2.0,1.0,154.73,0,51.57666666666666,0.17
54810,0,27.0,Phone,1,30.0,Debit Card,Female,4.0,4,Grocery,1,Single,8,0,19.0,1.0,4.0,9.0,267.75,0,53.55,0.14
54811,0,17.0,Computer,1,7.0,Debit Card,Female,3.0,4,Laptop & Accessory,1,Married,6,0,14.0,2.0,3.0,3.0,180.62,0,45.155,0.17
54812,0,21.0,Phone,3,9.0,E wallet,Female,3.0,4,Laptop & Accessory,1,Married,2,1,23.0,4.0,8.0,8.0,170.37,0,18.93,0.36
54813,0,11.0,Computer,3,26.0,Credit Card,Male,3.0,4,Fashion,4,Single,3,1,14.0,1.0,2.0,10.0,201.42,0,67.14,0.17
54814,0,24.0,Computer,1,9.0,Debit Card,Male,4.0,4,Grocery,5,Married,3,0,15.707921714818266,14.0,15.0,8.0,304.24,0,19.015,0.6
54815,0,13.0,Phone,2,9.0,Debit Card,Female,3.0,5,Laptop & Accessory,1,Married,10,0,12.0,2.0,2.0,5.0,177.04,0,59.01333333333333,0.14
54816,0,7.0,Phone,2,10.0,UPI,Male,3.0,4,Mobile Phone,4,Married,5,1,12.0,1.0,2.0,4.0,147.77,0,49.25666666666667,0.25
54817,1,1.0,Phone,1,32.0,Debit Card,Male,3.0,4,Mobile Phone,1,Single,3,1,25.0,1.0,2.0,2.0,152.95,1,50.98333333333333,1.0
54818,0,3.0,Phone,1,14.0,Credit Card,Female,4.0,5,Mobile Phone,1,Married,8,0,15.0,2.0,2.0,4.0,150.32,0,50.10666666666666,0.5
54819,0,18.0,Phone,1,16.0,Debit Card,Male,4.0,4,Mobile Phone,5,Married,3,1,14.0,6.0,8.0,2.0,150.59,0,16.732222222222223,0.42
54820,0,2.0,Phone,3,12.0,Credit Card,Male,4.0,4,Laptop & Accessory,1,Single,3,0,15.0,1.0,2.0,3.0,174.08,0,58.02666666666667,0.67
54821,1,21.0,Computer,1,9.0,Debit Card,Male,3.0,5,Mobile Phone,1,Married,11,1,15.0,2.0,2.0,1.0,148.8,0,49.6,0.09
54822,0,17.0,Phone,1,15.0,Debit Card,Female,3.0,4,Laptop & Accessory,4,Married,6,0,22.0,2.0,2.0,1.0,172.65,0,57.550000000000004,0.11
54823,1,1.0,Phone,3,9.0,Credit Card,Female,3.0,5,Mobile Phone,3,Single,3,0,14.0,2.0,2.0,3.0,145.44,0,48.48,1.0
54824,1,1.0,Phone,1,25.0,UPI,Female,4.0,4,Mobile Phone,1,Single,3,0,20.0,2.0,2.0,1.0,151.93,0,50.64333333333334,1.0
54825,0,10.0,Phone,1,21.0,Debit Card,Male,4.0,4,Laptop & Accessory,1,Married,2,1,18.0,3.0,5.0,12.0,190.86,0,31.810000000000002,0.45
54826,0,21.0,Phone,3,9.0,Debit Card,Female,4.0,5,Mobile Phone,1,Single,3,1,19.0,1.0,2.0,3.0,157.94,0,52.64666666666667,0.09
54827,1,1.0,Phone,1,10.0,Debit Card,Female,3.0,4,Laptop & Accessory,3,Married,2,1,20.0,2.0,2.0,3.0,166.71,1,55.57,1.0
54828,1,5.0,Phone,1,9.0,Debit Card,Female,3.0,6,Mobile Phone,1,Married,6,1,14.0,1.0,2.0,1.0,152.78,0,50.92666666666667,0.33
54829,0,2.0,Phone,1,16.0,Credit Card,Female,4.0,4,Mobile Phone,3,Married,7,0,19.0,1.0,3.0,3.0,148.77,0,37.1925,1.0
54830,1,3.0,Phone,1,13.0,Credit Card,Male,4.0,4,Mobile Phone,5,Married,9,1,22.0,2.0,3.0,3.0,149.04,1,37.26,0.75
54831,0,1.0,Phone,1,11.0,Debit Card,Female,4.0,4,Mobile Phone,3,Single,3,0,20.0,1.0,2.0,1.0,148.18,0,49.39333333333334,1.0
54832,0,8.0,Phone,1,17.0,Debit Card,Male,3.0,4,Mobile Phone,4,Married,3,0,15.0,2.0,2.0,1.0,145.08,0,48.36000000000001,0.22
54833,0,16.0,Phone,3,21.0,Credit Card,Female,4.0,5,Laptop & Accessory,3,Single,9,0,18.0,2.0,2.0,4.0,187.44,0,62.48,0.12
54834,0,7.0,Phone,1,7.0,UPI,Male,4.0,5,Mobile Phone,5,Single,5,1,12.0,2.0,2.0,3.0,152.99,0,50.99666666666667,0.25
54835,0,31.0,Phone,1,12.0,Cash on Delivery,Female,3.0,5,Fashion,4,Married,4,1,14.0,2.0,2.0,3.0,230.52,0,76.84,0.06
54836,0,5.0,Phone,3,14.0,Debit Card,Male,3.0,5,Mobile Phone,3,Married,5,0,16.0,3.0,6.0,3.0,148.29,0,21.184285714285714,1.0
54837,0,9.0,Phone,1,28.0,Debit Card,Female,3.0,4,Laptop & Accessory,1,Married,3,1,26.0,1.0,2.0,8.0,165.14,0,55.04666666666666,0.2
54838,0,23.0,Phone,1,15.0,UPI,Female,3.0,4,Fashion,4,Married,6,0,12.0,1.0,2.0,8.0,199.03,0,66.34333333333333,0.08
54839,0,22.0,Phone,1,27.0,Credit Card,Male,3.0,4,Mobile Phone,3,Married,6,0,18.0,2.0,2.0,1.0,147.59,0,49.196666666666665,0.09
54840,0,5.0,Computer,3,27.0,E wallet,Female,3.0,4,Laptop & Accessory,3,Married,3,0,14.0,2.0,2.0,1.0,194.32,0,64.77333333333333,0.33
54841,0,10.0,Phone,1,14.0,UPI,Male,4.0,4,Mobile Phone,1,Single,4,0,19.0,2.0,2.0,2.0,171.78,0,57.26,0.18
54842,0,12.0,Phone,1,7.0,Cash on Delivery,Female,4.0,4,Fashion,5,Married,3,0,14.0,5.0,6.0,12.0,260.82,0,37.26,0.46
54843,0,6.0,Computer,1,7.0,Debit Card,Female,4.0,5,Mobile Phone,4,Married,8,0,21.0,1.0,2.0,3.0,148.32,0,49.44,0.29
54844,1,1.0,Phone,3,26.0,E wallet,Male,3.0,5,Mobile Phone,4,Married,3,1,19.0,1.0,2.0,1.0,149.13,1,49.71,1.0
54845,0,14.0,Phone,3,17.0,E wallet,Male,4.0,5,Fashion,4,Married,4,0,13.0,1.0,2.0,3.0,222.05,0,74.01666666666667,0.13
54846,0,1.0,Computer,3,7.0,Credit Card,Male,3.0,5,Laptop & Accessory,5,Single,3,0,13.0,1.0,2.0,8.0,167.94,0,55.98,1.0
54847,0,15.0,Phone,1,13.0,Credit Card,Male,3.0,4,Mobile Phone,5,Single,4,1,14.0,2.0,3.0,18.0,172.21,0,43.0525,0.19
54848,0,10.0,Phone,1,9.0,Credit Card,Male,4.0,4,Mobile Phone,3,Single,6,0,22.0,2.0,4.0,10.0,150.19,0,30.038,0.36
54849,1,1.0,Phone,3,28.0,UPI,Male,3.0,5,Mobile Phone,4,Single,3,1,14.0,2.0,2.0,1.0,146.21,1,48.73666666666667,1.0
54850,1,1.0,Phone,1,11.0,Cash on Delivery,Male,3.0,4,Mobile Phone,5,Single,3,0,20.0,2.0,2.0,1.0,154.73,0,51.57666666666666,1.0
54851,0,5.0,Phone,1,19.0,Credit Card,Female,3.0,4,Laptop & Accessory,1,Married,2,1,12.0,7.0,9.0,6.0,183.55,0,18.355,1.5
54852,0,14.0,Computer,1,16.0,Credit Card,Male,3.0,4,Mobile Phone,4,Married,10,1,15.0,1.0,2.0,1.0,161.17,0,53.72333333333333,0.13
54853,0,6.0,Phone,1,10.0,Credit Card,Female,4.0,4,Laptop & Accessory,5,Married,3,0,13.0,2.0,7.0,4.0,192.25,0,24.03125,1.0
54854,1,1.0,Phone,3,10.0,Debit Card,Male,3.0,5,Fashion,1,Married,3,1,12.0,4.0,4.0,3.0,228.25,1,45.65,2.0
54855,0,7.0,Phone,1,7.0,Debit Card,Female,3.0,5,Laptop & Accessory,1,Single,2,0,15.0,2.0,2.0,5.0,194.49,0,64.83,0.25
54856,1,1.0,Phone,3,7.0,Debit Card,Male,3.0,5,Fashion,3,Married,7,0,12.0,6.0,12.0,3.0,231.08999999999997,0,17.776153846153843,6.0
54857,0,19.0,Computer,1,11.0,Debit Card,Male,3.0,4,Laptop & Accessory,4,Married,3,0,13.0,2.0,2.0,9.0,169.47,0,56.49,0.1
54858,0,3.0,Computer,3,27.0,Cash on Delivery,Female,3.0,4,Mobile Phone,1,Married,3,0,16.0,1.0,2.0,3.0,146.57,0,48.85666666666666,0.5
54859,0,9.0,Phone,3,25.0,Credit Card,Female,3.0,4,Laptop & Accessory,3,Married,3,0,17.0,2.0,2.0,1.0,171.01,0,57.00333333333333,0.2
54860,0,26.0,Phone,1,7.0,Debit Card,Male,4.0,4,Grocery,1,Married,4,0,15.707921714818266,4.0,8.0,9.0,295.99,0,32.88777777777778,0.3
54861,1,21.0,Phone,1,9.0,Cash on Delivery,Male,3.0,4,Mobile Phone,3,Single,6,0,25.0,1.0,2.0,1.0,149.79,0,49.93,0.09
54862,0,27.0,Phone,3,9.0,Credit Card,Male,3.0,4,Grocery,3,Married,8,0,14.0,1.0,16.0,3.0,273.52,0,16.089411764705883,0.57
54863,0,4.0,Phone,3,15.0,UPI,Male,4.0,4,Fashion,3,Married,7,0,12.0,3.0,8.0,8.0,197.64,0,21.959999999999997,1.6
54864,0,12.0,Computer,3,17.0,Cash on Delivery,Female,3.0,4,Laptop & Accessory,1,Single,3,1,14.0,2.0,2.0,4.0,181.66,0,60.553333333333335,0.15
54865,0,9.0,Phone,3,10.0,Debit Card,Male,4.0,4,Fashion,1,Married,8,0,14.0,1.0,2.0,9.0,203.23,0,67.74333333333333,0.2
54866,0,13.0,Phone,3,9.0,Debit Card,Male,3.0,2,Fashion,3,Single,2,0,19.0,1.0,2.0,8.0,203.8,0,67.93333333333334,0.14
54867,1,4.0,Computer,3,31.0,Debit Card,Female,4.0,2,Grocery,4,Single,6,1,17.0,2.0,2.0,1.0,256.94,0,85.64666666666666,0.4
54868,0,21.0,Computer,1,23.0,Credit Card,Male,4.0,2,Laptop & Accessory,3,Married,3,1,20.0,2.0,3.0,8.0,175.67,0,43.9175,0.14
54869,0,10.0,Computer,3,15.0,Cash on Delivery,Male,3.0,4,Laptop & Accessory,1,Married,6,0,14.0,2.0,2.0,8.0,175.79,0,58.596666666666664,0.18
54870,1,1.0,Computer,1,16.0,Credit Card,Male,3.0,5,Mobile Phone,5,Single,2,1,23.0,1.0,2.0,3.0,148.21,1,49.403333333333336,1.0
54871,0,7.0,Computer,3,24.0,Debit Card,Male,3.0,4,Grocery,3,Single,3,0,15.707921714818266,6.0,7.0,1.0,299.44,0,37.43,0.88
54872,1,1.0,Phone,1,17.0,Debit Card,Female,4.0,5,Mobile Phone,5,Single,8,1,21.0,2.0,2.0,1.0,149.04,1,49.68,1.0
54873,0,7.0,Phone,1,20.0,Debit Card,Female,3.0,4,Mobile Phone,1,Single,5,0,19.0,2.0,2.0,3.0,159.52,0,53.17333333333334,0.25
54874,0,19.0,Phone,1,7.0,Credit Card,Female,4.0,4,Mobile Phone,1,Married,5,0,15.0,2.0,2.0,3.0,147.7,0,49.23333333333333,0.1
54875,0,24.0,Phone,1,7.0,Credit Card,Male,4.0,4,Grocery,1,Married,11,0,15.707921714818266,1.0,2.0,4.0,298.99,0,99.66333333333334,0.08
54876,0,7.0,Computer,1,7.0,UPI,Female,3.0,2,Laptop & Accessory,4,Married,3,1,14.0,2.0,2.0,3.0,179.88,0,59.96,0.25
54877,0,15.0,Computer,1,16.0,Credit Card,Male,4.0,4,Others,3,Married,4,0,15.707921714818266,1.0,2.0,12.0,319.19,0,106.39666666666666,0.12
54878,0,1.0,Phone,1,23.0,Cash on Delivery,Female,3.0,4,Mobile Phone,4,Married,11,0,15.0,3.0,3.0,3.0,153.11,0,38.2775,1.5
54879,0,19.0,Computer,1,30.0,Debit Card,Male,3.0,4,Laptop & Accessory,5,Married,3,1,16.0,2.0,2.0,9.0,161.33,0,53.77666666666667,0.1
54880,0,21.0,Phone,3,11.0,Debit Card,Female,3.0,4,Laptop & Accessory,1,Single,3,1,18.0,2.0,2.0,8.0,166.63,0,55.54333333333333,0.09
54881,1,1.0,Phone,1,29.0,Debit Card,Female,3.0,4,Mobile Phone,3,Married,6,1,12.0,1.0,2.0,2.0,146.32,1,48.77333333333333,1.0
54882,0,24.0,Phone,1,31.0,Debit Card,Male,4.0,4,Grocery,3,Married,5,1,19.0,1.0,2.0,6.0,264.73,0,88.24333333333334,0.08
54883,0,12.0,Computer,1,17.0,Credit Card,Male,4.0,4,Mobile Phone,3,Married,2,0,18.0,1.0,2.0,3.0,151.84,0,50.61333333333334,0.15
54884,0,20.0,Phone,1,14.0,Credit Card,Male,4.0,4,Fashion,3,Married,8,0,14.0,2.0,2.0,8.0,233.45,0,77.81666666666666,0.1
54885,0,1.0,Phone,1,24.0,Credit Card,Female,3.0,5,Laptop & Accessory,3,Married,3,0,16.0,1.0,4.0,3.0,168.77,0,33.754000000000005,2.0
54886,1,1.0,Phone,1,21.0,UPI,Male,3.0,5,Mobile Phone,4,Married,3,1,25.0,2.0,2.0,3.0,162.43,1,54.14333333333334,1.0
54887,0,5.0,Computer,1,7.0,Debit Card,Female,4.0,4,Laptop & Accessory,5,Married,3,0,13.0,2.0,2.0,4.0,166.48,0,55.49333333333333,0.33
54888,0,1.0,Computer,1,12.0,Debit Card,Male,4.0,4,Mobile Phone,1,Single,3,0,16.0,1.0,2.0,1.0,135.51,0,45.169999999999995,1.0
54889,0,28.0,Phone,1,24.0,Cash on Delivery,Female,3.0,4,Fashion,3,Married,10,0,12.0,1.0,2.0,9.0,232.39,0,77.46333333333332,0.07
54890,0,9.0,Phone,1,32.0,Credit Card,Female,3.0,4,Fashion,3,Married,3,1,12.0,1.0,11.0,3.0,228.88,0,19.073333333333334,1.1
54891,0,4.0,Phone,1,15.0,Debit Card,Female,4.0,2,Fashion,5,Married,2,1,13.0,1.0,2.0,8.0,239.16000000000003,0,79.72000000000001,0.4
54892,1,1.0,Phone,1,18.0,Credit Card,Female,4.0,5,Mobile Phone,5,Single,3,1,16.0,2.0,2.0,1.0,151.0,1,50.333333333333336,1.0
54893,1,1.0,Computer,1,12.0,Credit Card,Female,3.0,4,Mobile Phone,4,Single,2,0,18.0,1.0,2.0,3.0,149.22,0,49.74,1.0
54894,0,1.0,Phone,1,9.0,Credit Card,Male,3.0,2,Laptop & Accessory,1,Married,3,0,13.0,2.0,2.0,4.0,179.72,0,59.906666666666666,1.0
54895,0,1.0,Phone,1,15.0,Debit Card,Male,4.0,6,Mobile Phone,5,Married,3,0,16.0,1.0,2.0,2.0,149.51,0,49.836666666666666,1.0
54896,0,22.0,Phone,1,13.0,Debit Card,Male,4.0,5,Laptop & Accessory,3,Single,4,0,14.0,1.0,3.0,3.0,167.4,0,41.85,0.13
54897,0,22.0,Phone,1,11.0,Debit Card,Male,4.0,5,Fashion,3,Single,9,0,15.0,2.0,2.0,9.0,234.99,0,78.33,0.09
54898,0,15.0,Phone,1,14.0,Credit Card,Female,3.0,4,Laptop & Accessory,3,Single,8,0,15.0,3.0,3.0,2.0,175.03,0,43.7575,0.19
54899,0,13.0,Phone,1,7.0,Debit Card,Female,4.0,5,Grocery,1,Married,3,0,17.0,10.0,2.0,9.0,252.42000000000002,0,84.14,0.14
54900,0,1.0,Phone,1,9.0,Debit Card,Female,3.0,4,Laptop & Accessory,1,Married,2,0,19.0,3.0,3.0,3.0,167.27,0,41.8175,1.5
54901,0,9.0,Phone,1,17.0,UPI,Male,3.0,4,Mobile Phone,1,Married,3,0,21.0,1.0,2.0,3.0,164.17,0,54.72333333333333,0.2
54902,0,1.0,Phone,3,12.0,E wallet,Male,3.0,4,Others,3,Married,8,0,15.707921714818266,1.0,2.0,1.0,308.03,0,102.67666666666666,1.0
54903,0,24.0,Phone,1,16.0,Debit Card,Male,4.0,4,Mobile Phone,1,Married,6,0,19.0,2.0,2.0,1.0,148.8,0,49.6,0.08
54904,0,31.0,Phone,1,9.0,Debit Card,Female,4.0,5,Grocery,1,Single,5,1,14.0,1.0,5.0,4.0,262.26,0,43.71,0.16
54905,1,1.0,Phone,1,18.0,Credit Card,Female,4.0,6,Laptop & Accessory,4,Married,7,0,16.0,2.0,2.0,1.0,172.77,0,57.59,1.0
54906,0,29.0,Computer,1,25.0,Credit Card,Male,4.0,4,Laptop & Accessory,4,Married,5,1,15.0,3.0,7.0,8.0,188.85,0,23.60625,0.23
54907,0,15.0,Computer,1,14.0,Debit Card,Female,3.0,6,Others,3,Married,3,0,23.0,6.0,6.0,11.0,324.73,0,46.39,0.38
54908,0,12.0,Phone,3,10.0,Debit Card,Male,3.0,4,Laptop & Accessory,1,Single,10,1,13.0,2.0,2.0,1.0,193.61,0,64.53666666666668,0.15
54909,1,1.0,Computer,3,36.0,Credit Card,Male,4.0,6,Laptop & Accessory,5,Single,10,0,19.0,2.0,3.0,3.0,174.69,0,43.6725,1.5
54910,1,16.0,Phone,3,9.0,E wallet,Female,3.0,6,Others,1,Married,3,0,16.0,4.0,7.0,10.0,323.45,0,40.43125,0.41
54911,0,18.0,Phone,3,35.0,Credit Card,Female,3.0,2,Grocery,1,Married,5,1,19.0,5.0,2.0,12.0,258.2,0,86.06666666666666,0.11
54912,0,24.0,Computer,3,7.0,Debit Card,Female,4.0,4,Laptop & Accessory,3,Married,2,0,13.0,1.0,2.0,14.0,188.47,0,62.82333333333333,0.08
54913,1,1.0,Phone,1,23.0,Debit Card,Female,3.0,2,Mobile Phone,5,Single,3,0,17.0,4.0,16.0,15.0,152.43,0,8.966470588235294,8.0
54914,0,13.0,Computer,1,29.0,Credit Card,Female,3.0,4,Fashion,5,Single,3,1,14.0,2.0,2.0,9.0,233.8,0,77.93333333333334,0.14
54915,0,7.0,Computer,3,15.0,Debit Card,Female,3.0,5,Mobile Phone,1,Single,2,0,20.0,1.0,3.0,3.0,148.42,0,37.105,0.38
54916,0,19.0,Phone,3,18.0,Debit Card,Female,3.0,4,Grocery,1,Married,5,0,15.707921714818266,1.0,2.0,2.0,301.5,0,100.5,0.1
54917,0,6.0,Computer,1,36.0,Credit Card,Female,4.0,4,Mobile Phone,3,Single,11,0,13.0,7.0,8.0,8.0,165.25,0,18.36111111111111,1.14
54918,0,8.0,Phone,3,7.0,E wallet,Male,4.0,2,Laptop & Accessory,1,Married,2,0,12.0,1.0,2.0,3.0,222.25,0,74.08333333333333,0.22
54919,0,31.0,Phone,3,7.0,Cash on Delivery,Male,4.0,4,Fashion,1,Married,5,1,15.0,2.0,2.0,5.0,244.04000000000002,0,81.34666666666668,0.06
54920,0,19.0,Phone,2,31.0,Credit Card,Male,3.0,4,Mobile Phone,4,Single,3,0,17.0,1.0,2.0,5.0,146.77,0,48.92333333333334,0.1
54921,0,27.0,Computer,3,9.0,E wallet,Female,3.0,5,Fashion,4,Married,4,0,13.0,6.0,7.0,13.0,200.25,0,25.03125,0.25
54922,1,1.0,Phone,1,22.0,UPI,Male,3.0,4,Laptop & Accessory,3,Married,9,0,15.0,1.0,2.0,1.0,173.34,0,57.78,1.0
54923,1,1.0,Computer,1,9.0,Debit Card,Male,3.0,4,Mobile Phone,5,Married,8,1,15.0,1.0,2.0,3.0,145.42,1,48.47333333333333,1.0
54924,0,8.0,Phone,3,17.0,Debit Card,Female,3.0,4,Mobile Phone,3,Married,3,1,20.0,1.0,2.0,1.0,147.2,0,49.06666666666666,0.22
54925,0,2.0,Phone,3,17.0,Credit Card,Male,4.0,4,Mobile Phone,4,Married,3,0,23.0,1.0,2.0,1.0,135.52,0,45.17333333333334,0.67
54926,0,12.0,Computer,1,10.0,UPI,Male,3.0,4,Mobile Phone,3,Married,5,0,17.0,3.0,3.0,3.0,153.21,0,38.3025,0.23
54927,0,24.0,Phone,1,9.0,Credit Card,Male,4.0,4,Others,3,Married,4,1,15.707921714818266,5.0,8.0,8.0,317.37,0,35.263333333333335,0.32
54928,0,11.0,Phone,1,10.0,UPI,Female,3.0,4,Laptop & Accessory,4,Single,5,0,16.0,2.0,2.0,2.0,166.07,0,55.35666666666666,0.17
54929,0,14.0,Phone,3,33.0,E wallet,Male,4.0,4,Laptop & Accessory,5,Married,3,0,15.0,4.0,8.0,6.0,208.96,0,23.21777777777778,0.53
54930,0,1.0,Computer,1,7.0,Credit Card,Female,4.0,5,Mobile Phone,3,Married,3,0,14.0,1.0,2.0,4.0,145.07,0,48.35666666666666,1.0
54931,0,20.0,Phone,1,7.0,Credit Card,Male,3.0,4,Others,1,Married,11,0,15.707921714818266,2.0,3.0,3.0,321.27,0,80.3175,0.14
54932,0,28.0,Phone,3,9.0,Debit Card,Female,3.0,5,Fashion,3,Married,8,0,12.0,7.0,2.0,1.0,231.86,0,77.28666666666668,0.07
54933,0,30.0,Computer,1,16.0,Credit Card,Female,4.0,4,Mobile Phone,3,Married,4,0,20.0,2.0,2.0,4.0,154.42,0,51.47333333333333,0.06
54934,0,10.0,Phone,1,19.0,Credit Card,Female,3.0,5,Fashion,1,Single,2,0,12.0,6.0,8.0,3.0,213.58,0,23.73111111111111,0.73
54935,0,29.0,Computer,1,9.0,Credit Card,Male,3.0,5,Grocery,5,Single,9,0,15.707921714818266,3.0,7.0,3.0,292.56,0,36.57,0.23
54936,0,17.0,Phone,3,32.0,Credit Card,Male,4.0,5,Fashion,1,Married,7,0,14.0,2.0,2.0,1.0,232.98000000000002,0,77.66000000000001,0.11
54937,1,1.0,Computer,3,16.0,E wallet,Female,3.0,4,Mobile Phone,1,Single,3,1,15.0,2.0,2.0,3.0,148.23,1,49.41,1.0
54938,1,1.0,Phone,1,17.0,Debit Card,Female,3.0,5,Mobile Phone,5,Single,3,0,14.0,1.0,2.0,1.0,139.16,0,46.38666666666666,1.0
54939,0,20.0,Phone,1,15.0,Debit Card,Female,4.0,5,Laptop & Accessory,5,Married,10,1,24.0,2.0,2.0,8.0,171.15,0,57.050000000000004,0.1
54940,1,15.0,Phone,1,11.0,Debit Card,Male,3.0,4,Mobile Phone,3,Married,11,1,13.0,1.0,3.0,8.0,149.61,0,37.4025,0.19
54941,1,1.0,Computer,1,31.0,Cash on Delivery,Male,4.0,5,Fashion,5,Single,3,0,13.0,2.0,2.0,3.0,212.22,0,70.74,1.0
54942,0,1.0,Phone,1,7.0,Credit Card,Male,3.0,5,Mobile Phone,5,Married,3,0,17.0,2.0,2.0,4.0,164.55,0,54.85,1.0
54943,0,4.0,Phone,1,27.0,UPI,Male,3.0,4,Laptop & Accessory,5,Married,2,0,16.0,1.0,2.0,3.0,224.57,0,74.85666666666667,0.4
54944,0,15.0,Phone,1,14.0,Cash on Delivery,Female,3.0,2,Mobile Phone,3,Married,3,0,14.0,1.0,2.0,9.0,158.76,0,52.919999999999995,0.12
54945,0,12.0,Phone,1,24.0,Debit Card,Female,4.0,5,Fashion,3,Married,2,0,19.0,2.0,2.0,3.0,213.23,0,71.07666666666667,0.15
54946,0,14.0,Phone,1,27.0,Cash on Delivery,Male,4.0,4,Fashion,1,Married,6,0,21.0,4.0,12.0,3.0,228.22,0,17.555384615384614,0.8
54947,0,1.0,Computer,1,15.0,Debit Card,Male,3.0,6,Mobile Phone,3,Married,3,0,20.0,2.0,2.0,3.0,171.21,0,57.07,1.0
54948,0,29.0,Computer,1,9.0,Debit Card,Male,4.0,4,Fashion,4,Married,5,0,19.0,1.0,2.0,3.0,234.76,0,78.25333333333333,0.07
54949,0,2.0,Phone,1,17.0,UPI,Female,3.0,4,Laptop & Accessory,3,Single,5,0,14.0,1.0,2.0,8.0,161.6,0,53.86666666666667,0.67
54950,1,8.0,Phone,2,7.0,Credit Card,Male,4.0,5,Fashion,5,Married,11,0,15.0,3.0,4.0,3.0,229.82,0,45.964,0.44
54951,0,7.0,Phone,1,12.0,Debit Card,Male,3.0,5,Fashion,1,Married,6,0,16.0,2.0,2.0,3.0,196.19,0,65.39666666666666,0.25
54952,1,1.0,Phone,3,11.0,Cash on Delivery,Male,3.0,4,Fashion,5,Single,2,1,23.0,3.0,5.0,3.0,220.82,1,36.803333333333335,2.5
54953,1,1.0,Computer,1,36.0,Credit Card,Female,3.0,5,Laptop & Accessory,3,Single,3,0,23.0,3.0,4.0,9.0,170.08,0,34.016000000000005,2.0
54954,0,2.0,Phone,1,22.0,Debit Card,Male,3.0,4,Mobile Phone,3,Married,3,0,17.0,1.0,3.0,3.0,147.07,0,36.7675,1.0
54955,0,8.0,Computer,1,10.0,Debit Card,Male,3.0,4,Laptop & Accessory,1,Single,2,0,18.0,2.0,2.0,5.0,202.56,0,67.52,0.22
54956,0,11.0,Phone,3,17.0,Debit Card,Female,3.0,5,Laptop & Accessory,1,Married,4,1,15.0,2.0,2.0,1.0,191.94,0,63.98,0.17
54957,1,1.0,Phone,1,11.0,Cash on Delivery,Male,3.0,4,Mobile Phone,1,Married,3,1,16.0,5.0,6.0,7.0,161.91,1,23.13,3.0
54958,1,1.0,Phone,1,28.0,Credit Card,Male,3.0,4,Mobile Phone,3,Married,3,0,21.0,2.0,2.0,1.0,148.77,0,49.59,1.0
54959,1,1.0,Phone,1,32.0,Credit Card,Male,3.0,5,Mobile Phone,4,Single,6,1,21.0,2.0,3.0,3.0,148.13,1,37.0325,1.5
54960,0,16.0,Phone,1,9.0,Credit Card,Male,3.0,4,Grocery,5,Married,2,0,15.707921714818266,6.0,14.0,8.0,301.65,0,20.11,0.82
54961,1,1.0,Computer,1,7.0,Credit Card,Male,3.0,5,Mobile Phone,4,Married,3,0,16.0,2.0,2.0,1.0,150.96,0,50.32,1.0
54962,1,14.0,Computer,3,7.0,UPI,Male,3.0,4,Laptop & Accessory,3,Single,5,1,15.0,2.0,2.0,1.0,172.28,0,57.42666666666667,0.13
54963,0,7.0,Computer,3,14.0,Debit Card,Female,2.0,4,Laptop & Accessory,4,Married,2,0,18.0,1.0,2.0,3.0,168.02,0,56.00666666666667,0.25
54964,0,8.0,Computer,1,10.0,Debit Card,Male,3.0,5,Mobile Phone,1,Married,5,0,18.0,1.0,2.0,1.0,154.79,0,51.596666666666664,0.22
54965,0,22.0,Computer,1,7.0,Credit Card,Male,3.0,2,Grocery,1,Single,4,0,15.707921714818266,1.0,3.0,2.0,293.85,0,73.4625,0.13
54966,0,19.0,Computer,3,16.0,Debit Card,Female,4.0,5,Laptop & Accessory,3,Married,3,0,14.0,5.0,5.0,13.0,180.93,0,30.155,0.25
54967,0,26.0,Phone,1,6.0,Debit Card,Male,3.0,4,Fashion,4,Single,9,0,20.0,3.0,5.0,3.0,229.45,0,38.24166666666667,0.19
54968,0,12.0,Phone,3,17.0,E wallet,Male,4.0,5,Fashion,3,Married,2,1,15.0,2.0,3.0,3.0,212.4,0,53.1,0.23
54969,0,3.0,Phone,1,35.0,Debit Card,Female,4.0,4,Mobile Phone,1,Married,6,0,23.0,2.0,2.0,8.0,150.14,0,50.04666666666666,0.5
54970,0,2.0,Phone,1,10.0,Credit Card,Female,4.0,4,Fashion,4,Married,2,0,18.0,1.0,2.0,8.0,201.55,0,67.18333333333334,0.67
54971,0,20.0,Phone,3,10.0,E wallet,Male,3.0,4,Grocery,3,Married,5,0,15.707921714818266,5.0,5.0,10.0,299.65,0,49.94166666666666,0.24
54972,0,12.0,Phone,3,9.0,E wallet,Male,3.0,4,Fashion,4,Single,9,0,17.0,2.0,2.0,1.0,198.51,0,66.17,0.15
54973,0,17.0,Computer,1,34.0,Debit Card,Female,3.0,4,Fashion,5,Married,10,0,12.0,2.0,2.0,2.0,233.2,0,77.73333333333333,0.11
54974,1,3.0,Computer,1,9.0,Debit Card,Male,3.0,4,Grocery,1,Married,9,0,12.0,11.0,2.0,6.0,246.69,0,82.23,0.5
54975,0,14.0,Phone,1,21.0,Credit Card,Male,3.0,5,Others,3,Single,3,0,15.707921714818266,4.0,5.0,10.0,321.26,0,53.54333333333333,0.33
54976,0,1.0,Phone,1,7.0,Cash on Delivery,Female,4.0,5,Mobile Phone,4,Single,3,1,12.0,2.0,3.0,3.0,145.7,1,36.425,1.5
54977,0,13.0,Computer,1,16.0,Debit Card,Male,4.0,4,Laptop & Accessory,4,Single,11,0,16.0,2.0,2.0,4.0,192.82,0,64.27333333333333,0.14
54978,0,10.0,Computer,1,25.0,Debit Card,Male,4.0,4,Laptop & Accessory,1,Single,4,0,21.0,1.0,2.0,10.0,202.79,0,67.59666666666666,0.18
54979,0,5.0,Computer,3,27.0,Debit Card,Male,4.0,2,Mobile Phone,1,Married,2,0,13.0,3.0,3.0,3.0,152.91,0,38.2275,0.5
54980,0,2.0,Phone,1,9.0,Debit Card,Male,4.0,5,Mobile Phone,4,Married,2,0,18.0,1.0,2.0,5.0,157.01,0,52.336666666666666,0.67
54981,0,9.0,Computer,3,18.0,E wallet,Male,3.0,4,Laptop & Accessory,1,Married,3,0,12.0,2.0,2.0,3.0,174.68,0,58.22666666666667,0.2
54982,0,23.0,Phone,3,15.0,Cash on Delivery,Male,3.0,5,Grocery,4,Married,8,0,18.0,2.0,2.0,4.0,256.2,0,85.39999999999999,0.08
54983,0,8.0,Computer,1,9.0,Debit Card,Male,4.0,4,Laptop & Accessory,3,Single,4,0,12.0,2.0,2.0,3.0,165.33,0,55.11000000000001,0.22
54984,0,3.0,Computer,1,17.0,Debit Card,Female,4.0,4,Mobile Phone,4,Married,2,0,15.0,1.0,2.0,2.0,157.91,0,52.63666666666666,0.5
54985,0,16.0,Phone,1,36.0,Credit Card,Male,3.0,6,Laptop & Accessory,1,Single,6,0,20.0,2.0,2.0,1.0,167.72,0,55.906666666666666,0.12
54986,0,3.0,Phone,1,15.0,Credit Card,Male,4.0,5,Laptop & Accessory,1,Married,3,1,16.0,2.0,2.0,3.0,175.56,1,58.52,0.5
54987,0,12.0,Phone,2,7.0,UPI,Male,3.0,2,Mobile Phone,3,Married,3,0,14.0,4.0,6.0,1.0,153.44,0,21.919999999999998,0.46
54988,0,2.0,Computer,1,13.0,Debit Card,Male,3.0,5,Mobile Phone,3,Married,3,1,15.0,2.0,2.0,3.0,152.03,1,50.67666666666667,0.67
54989,1,1.0,Computer,1,15.0,Credit Card,Male,4.0,4,Mobile Phone,3,Single,3,0,13.0,2.0,2.0,1.0,144.04,0,48.01333333333333,1.0
54990,1,1.0,Phone,3,16.0,E wallet,Female,4.0,4,Laptop & Accessory,5,Single,5,1,18.0,1.0,2.0,4.0,207.24,1,69.08,1.0
54991,0,15.0,Phone,1,19.0,Debit Card,Male,3.0,4,Mobile Phone,1,Married,5,1,12.0,2.0,2.0,1.0,172.66,0,57.553333333333335,0.12
54992,1,1.0,Computer,1,22.0,Credit Card,Male,4.0,4,Mobile Phone,3,Married,3,0,13.0,2.0,3.0,3.0,151.1,0,37.775,1.5
54993,0,11.0,Phone,1,32.0,Credit Card,Female,3.0,5,Laptop & Accessory,1,Married,9,0,14.0,2.0,2.0,4.0,182.31,0,60.77,0.17
54994,0,1.0,Phone,1,13.0,Debit Card,Male,3.0,5,Mobile Phone,3,Married,3,0,14.0,2.0,3.0,3.0,150.39,0,37.5975,1.5
54995,0,8.0,Phone,3,16.0,Debit Card,Female,4.0,4,Laptop & Accessory,3,Married,3,0,21.0,1.0,2.0,4.0,182.14,0,60.71333333333333,0.22
54996,0,9.0,Phone,2,15.0,Cash on Delivery,Male,4.0,4,Mobile Phone,3,Single,3,0,18.0,1.0,2.0,5.0,168.23,0,56.07666666666666,0.2
54997,1,1.0,Phone,3,30.0,Debit Card,Female,3.0,5,Fashion,5,Married,3,0,14.0,2.0,4.0,11.0,198.36,0,39.672000000000004,2.0
54998,0,14.0,Computer,1,16.0,Credit Card,Female,3.0,4,Fashion,3,Single,11,0,18.0,2.0,2.0,14.0,259.99,0,86.66333333333334,0.13
54999,1,6.0,Computer,3,19.0,Debit Card,Male,3.0,4,Grocery,5,Single,2,1,13.0,1.0,14.0,15.0,262.58,0,17.505333333333333,2.0
55000,0,16.0,Phone,3,11.0,E wallet,Male,3.0,4,Laptop & Accessory,5,Single,9,0,14.0,2.0,2.0,6.0,176.55,0,58.85,0.12
55001,0,9.0,Phone,1,7.0,Credit Card,Male,3.0,5,Mobile Phone,3,Married,8,0,13.0,2.0,2.0,8.0,147.58,0,49.193333333333335,0.2
55002,0,1.0,Phone,1,31.0,Credit Card,Male,3.0,4,Mobile Phone,4,Single,10,0,23.0,1.0,2.0,3.0,160.97,0,53.656666666666666,1.0
55003,1,1.0,Phone,1,19.0,Debit Card,Female,4.0,4,Mobile Phone,1,Married,3,1,12.0,2.0,2.0,1.0,150.15,1,50.050000000000004,1.0
55004,0,1.0,Phone,1,10.0,Credit Card,Male,3.0,2,Mobile Phone,1,Married,3,0,23.0,2.0,2.0,8.0,169.2,0,56.4,1.0
55005,0,4.0,Phone,3,17.0,E wallet,Male,4.0,5,Laptop & Accessory,3,Married,3,0,19.0,1.0,2.0,5.0,190.78,0,63.593333333333334,0.4
55006,0,14.0,Computer,1,33.0,Credit Card,Female,4.0,5,Laptop & Accessory,1,Married,5,1,14.0,1.0,2.0,1.0,169.22,0,56.406666666666666,0.13
55007,0,9.0,Phone,1,9.0,Debit Card,Male,3.0,5,Fashion,4,Married,4,0,19.0,3.0,7.0,3.0,227.74,0,28.4675,0.7
55008,0,8.0,Computer,1,8.0,Credit Card,Male,4.0,5,Laptop & Accessory,5,Single,2,0,21.0,1.0,5.0,10.0,178.43,0,29.738333333333333,0.56
55009,0,9.0,Computer,1,11.0,UPI,Male,3.0,5,Mobile Phone,1,Married,3,0,14.0,2.0,3.0,3.0,148.76,0,37.19,0.3
55010,1,7.0,Phone,3,16.0,E wallet,Female,3.0,6,Laptop & Accessory,3,Single,10,0,14.0,1.0,2.0,4.0,178.46,0,59.48666666666667,0.25
55011,0,6.0,Computer,3,9.0,Debit Card,Female,4.0,4,Mobile Phone,5,Married,3,0,13.0,2.0,2.0,1.0,153.27,0,51.09,0.29
55012,0,30.0,Phone,1,11.0,Cash on Delivery,Female,4.0,4,Others,5,Married,6,0,14.0,5.0,5.0,3.0,324.43,0,54.071666666666665,0.16
55013,0,3.0,Phone,1,13.0,Credit Card,Female,3.0,4,Mobile Phone,1,Married,3,0,14.0,1.0,2.0,9.0,156.31,0,52.10333333333333,0.5
55014,0,1.0,Phone,1,16.0,Debit Card,Male,3.0,4,Mobile Phone,5,Single,3,0,26.0,1.0,2.0,1.0,150.52,0,50.17333333333334,1.0
55015,0,19.0,Phone,1,14.0,Credit Card,Female,3.0,4,Mobile Phone,3,Married,6,1,20.0,1.0,2.0,3.0,169.77,0,56.59,0.1
55016,0,11.0,Phone,1,8.0,Debit Card,Female,3.0,5,Laptop & Accessory,1,Married,3,0,14.0,1.0,4.0,12.0,189.74,0,37.948,0.33
55017,0,1.0,Phone,1,6.0,Debit Card,Male,3.0,5,Mobile Phone,3,Single,3,0,13.0,1.0,2.0,3.0,155.33,0,51.77666666666667,1.0
55018,1,8.0,Phone,1,17.0,Debit Card,Male,4.0,4,Mobile Phone,3,Single,3,1,12.0,2.0,2.0,3.0,154.36,0,51.45333333333334,0.22
55019,0,27.0,Phone,1,14.0,Credit Card,Female,3.0,4,Others,3,Married,5,0,15.707921714818266,4.0,5.0,8.0,311.06,0,51.843333333333334,0.18
55020,0,3.0,Phone,1,22.0,Debit Card,Female,4.0,6,Mobile Phone,1,Married,2,1,19.0,2.0,2.0,4.0,146.68,1,48.89333333333334,0.5
55021,1,1.0,Computer,1,10.0,Debit Card,Male,3.0,5,Mobile Phone,1,Married,2,1,12.0,1.0,2.0,1.0,153.53,1,51.17666666666667,1.0
55022,0,20.0,Phone,3,9.0,E wallet,Female,4.0,4,Grocery,5,Married,10,0,15.707921714818266,7.0,16.0,10.0,295.48,0,17.381176470588237,0.76
55023,0,18.0,Computer,1,24.0,Debit Card,Male,4.0,6,Mobile Phone,3,Single,4,0,14.0,2.0,2.0,1.0,147.9,0,49.300000000000004,0.11
55024,0,7.0,Phone,2,9.0,UPI,Male,4.0,4,Mobile Phone,3,Married,3,0,14.0,2.0,2.0,5.0,161.0,0,53.666666666666664,0.25
55025,1,5.0,Computer,1,12.0,Debit Card,Male,4.0,5,Mobile Phone,5,Married,8,0,18.0,1.0,2.0,1.0,146.07,0,48.69,0.33
55026,0,4.0,Phone,3,36.0,Debit Card,Male,4.0,4,Laptop & Accessory,5,Married,10,0,20.0,2.0,2.0,4.0,166.15,0,55.38333333333333,0.4
55027,0,14.0,Computer,3,9.0,Credit Card,Male,4.0,4,Laptop & Accessory,4,Married,7,0,13.0,2.0,2.0,1.0,168.27,0,56.09,0.13
55028,0,24.0,Computer,1,9.0,Credit Card,Female,2.0,4,Grocery,5,Married,4,0,15.707921714818266,1.0,3.0,3.0,303.56,0,75.89,0.12
55029,0,2.0,Phone,1,26.0,Credit Card,Male,4.0,5,Mobile Phone,5,Married,3,0,13.0,2.0,4.0,4.0,156.96,0,31.392000000000003,1.33
55030,0,20.0,Phone,1,22.0,Debit Card,Male,3.0,4,Others,4,Married,7,0,15.707921714818266,2.0,2.0,4.0,315.81,0,105.27,0.1
55031,0,9.0,Phone,3,24.0,Debit Card,Male,4.0,4,Laptop & Accessory,5,Married,5,1,16.0,1.0,2.0,3.0,214.66,0,71.55333333333333,0.2
55032,1,1.0,Phone,1,24.0,Debit Card,Female,4.0,4,Mobile Phone,4,Married,3,0,14.0,2.0,2.0,1.0,147.1,0,49.03333333333333,1.0
55033,0,7.0,Computer,3,32.0,Credit Card,Female,3.0,4,Laptop & Accessory,3,Married,3,0,13.0,1.0,2.0,2.0,170.39,0,56.79666666666666,0.25
55034,0,10.0,Phone,1,13.0,Debit Card,Male,3.0,6,Mobile Phone,3,Married,3,0,15.0,2.0,2.0,8.0,152.41,0,50.803333333333335,0.18
55035,0,4.0,Phone,1,14.0,Debit Card,Male,3.0,4,Laptop & Accessory,3,Married,3,0,14.0,5.0,9.0,10.0,159.91,0,15.991,1.8
55036,0,18.0,Phone,1,36.0,UPI,Male,3.0,4,Laptop & Accessory,1,Single,3,0,26.0,7.0,14.0,18.0,170.41,0,11.360666666666667,0.74
55037,0,1.0,Phone,3,28.0,E wallet,Male,3.0,2,Mobile Phone,1,Single,3,0,18.0,3.0,3.0,3.0,151.78,0,37.945,1.5
55038,0,20.0,Phone,1,9.0,Cash on Delivery,Male,3.0,4,Laptop & Accessory,1,Married,4,0,12.0,1.0,2.0,5.0,198.79,0,66.26333333333334,0.1
55039,0,16.0,Computer,2,9.0,Credit Card,Male,4.0,2,Laptop & Accessory,5,Married,9,0,17.0,2.0,2.0,4.0,187.72,0,62.57333333333333,0.12
55040,0,31.0,Phone,3,14.0,E wallet,Male,3.0,2,Laptop & Accessory,1,Married,2,1,19.0,1.0,2.0,10.0,177.2,0,59.06666666666666,0.06
55041,0,6.0,Computer,1,20.0,UPI,Female,4.0,5,Mobile Phone,4,Married,3,0,21.0,3.0,3.0,3.0,159.0,0,39.75,0.43
55042,0,6.0,Computer,1,9.0,Debit Card,Female,3.0,4,Laptop & Accessory,3,Single,6,1,15.0,2.0,2.0,8.0,174.98,0,58.32666666666666,0.29
55043,0,10.0,Phone,1,8.0,Cash on Delivery,Female,4.0,6,Fashion,5,Married,4,1,22.0,8.0,8.0,3.0,227.52,0,25.28,0.73
55044,0,7.0,Phone,1,16.0,Credit Card,Male,3.0,4,Mobile Phone,1,Married,2,0,14.0,1.0,5.0,11.0,152.81,0,25.468333333333334,0.62
55045,0,14.0,Phone,3,17.0,Cash on Delivery,Female,3.0,5,Laptop & Accessory,4,Married,9,0,13.0,2.0,2.0,4.0,193.52,0,64.50666666666667,0.13
55046,0,1.0,Phone,3,17.0,Debit Card,Male,3.0,4,Laptop & Accessory,1,Single,2,0,15.0,2.0,2.0,2.0,174.5,0,58.166666666666664,1.0
55047,0,4.0,Phone,1,8.0,Credit Card,Male,4.0,4,Mobile Phone,4,Married,2,1,22.0,4.0,6.0,8.0,160.79,0,22.97,1.2
55048,0,16.0,Computer,1,33.0,Credit Card,Female,3.0,4,Fashion,5,Married,5,1,18.0,1.0,2.0,1.0,256.91,0,85.63666666666667,0.12
55049,0,9.0,Computer,3,15.0,E wallet,Female,4.0,5,Fashion,1,Married,6,1,12.0,4.0,5.0,3.0,228.77,0,38.12833333333334,0.5
55050,0,1.0,Phone,1,21.0,Debit Card,Male,3.0,4,Mobile Phone,5,Married,3,1,15.0,6.0,7.0,9.0,147.35,1,18.41875,3.5
55051,0,28.0,Computer,1,8.0,Debit Card,Female,3.0,4,Fashion,3,Married,9,0,18.0,1.0,2.0,3.0,230.02,0,76.67333333333333,0.07
55052,0,18.0,Phone,1,9.0,Debit Card,Female,4.0,2,Mobile Phone,1,Married,3,0,14.0,2.0,8.0,8.0,145.11,0,16.123333333333335,0.42
55053,1,1.0,Computer,1,17.0,Credit Card,Female,4.0,5,Mobile Phone,4,Single,3,1,26.0,1.0,2.0,1.0,143.59,1,47.86333333333334,1.0
55054,0,3.0,Phone,1,8.0,Debit Card,Female,4.0,4,Mobile Phone,1,Married,3,0,16.0,2.0,2.0,3.0,162.6,0,54.199999999999996,0.5
55055,0,28.0,Phone,1,10.0,Debit Card,Male,3.0,4,Grocery,1,Married,5,0,15.707921714818266,1.0,2.0,10.0,302.79,0,100.93,0.07
55056,0,5.0,Phone,1,18.0,Credit Card,Male,4.0,4,Laptop & Accessory,5,Married,3,1,13.0,2.0,2.0,2.0,193.33,0,64.44333333333334,0.33
55057,0,5.0,Phone,1,31.0,Credit Card,Female,4.0,5,Laptop & Accessory,5,Single,3,0,20.0,2.0,2.0,9.0,193.12,0,64.37333333333333,0.33
55058,0,31.0,Phone,3,10.0,Debit Card,Female,3.0,5,Laptop & Accessory,1,Single,7,0,18.0,1.0,2.0,6.0,176.71,0,58.903333333333336,0.06
55059,0,17.0,Phone,1,10.0,Debit Card,Male,4.0,6,Others,1,Married,5,0,15.707921714818266,2.0,2.0,8.0,322.4,0,107.46666666666665,0.11
55060,0,23.0,Phone,1,11.0,Credit Card,Male,3.0,5,Others,3,Married,4,0,15.707921714818266,1.0,2.0,1.0,312.11,0,104.03666666666668,0.08
55061,0,10.0,Computer,1,10.0,Cash on Delivery,Male,3.0,4,Mobile Phone,4,Married,3,0,13.0,1.0,2.0,8.0,161.92,0,53.97333333333333,0.18
55062,0,22.0,Phone,1,9.0,Cash on Delivery,Male,4.0,2,Mobile Phone,4,Single,7,0,12.0,1.0,2.0,1.0,150.59,0,50.196666666666665,0.09
55063,0,1.0,Phone,1,11.0,Debit Card,Male,4.0,4,Mobile Phone,3,Married,3,0,12.0,2.0,2.0,4.0,150.17,0,50.056666666666665,1.0
55064,0,3.0,Phone,1,14.0,Debit Card,Male,3.0,4,Laptop & Accessory,1,Married,3,1,12.0,2.0,2.0,1.0,191.23,1,63.74333333333333,0.5
55065,0,22.0,Phone,1,8.0,Debit Card,Male,4.0,5,Others,1,Single,8,0,15.707921714818266,2.0,2.0,1.0,307.65,0,102.55,0.09
55066,0,3.0,Phone,1,8.0,Debit Card,Female,3.0,5,Grocery,1,Married,5,0,15.0,1.0,2.0,8.0,286.24,0,95.41333333333334,0.5
55067,0,8.0,Phone,1,27.0,Cash on Delivery,Female,3.0,2,Mobile Phone,3,Married,2,0,18.0,2.0,2.0,1.0,150.85,0,50.28333333333333,0.22
55068,0,18.0,Phone,3,12.0,E wallet,Male,3.0,4,Others,4,Married,9,0,15.707921714818266,2.0,4.0,11.0,307.13,0,61.426,0.21
55069,0,7.0,Phone,3,17.0,E wallet,Male,3.0,2,Fashion,3,Married,2,1,15.0,1.0,2.0,9.0,208.8,0,69.60000000000001,0.25
55070,0,1.0,Phone,1,32.0,Debit Card,Female,3.0,2,Mobile Phone,1,Single,3,1,13.0,1.0,2.0,2.0,154.94,1,51.64666666666667,1.0
55071,0,1.0,Phone,1,8.0,Debit Card,Male,3.0,4,Mobile Phone,3,Married,3,0,23.0,2.0,2.0,2.0,137.23,0,45.74333333333333,1.0
55072,1,1.0,Computer,3,31.0,Debit Card,Male,4.0,6,Mobile Phone,1,Single,3,1,15.0,2.0,2.0,1.0,136.18,1,45.39333333333334,1.0
55073,0,1.0,Phone,1,11.0,Debit Card,Male,3.0,4,Mobile Phone,1,Single,3,1,21.0,3.0,3.0,3.0,153.75,1,38.4375,1.5
55074,1,9.0,Phone,3,9.0,E wallet,Female,4.0,6,Others,4,Single,4,1,15.707921714818266,2.0,2.0,12.0,313.24,0,104.41333333333334,0.2
55075,0,29.0,Computer,1,15.0,Credit Card,Male,3.0,5,Grocery,4,Married,3,1,16.0,3.0,16.0,1.0,260.77,0,15.339411764705881,0.53
55076,1,1.0,Computer,1,17.0,Debit Card,Female,3.0,5,Mobile Phone,3,Single,3,0,21.0,2.0,3.0,3.0,151.25,0,37.8125,1.5
55077,0,20.0,Phone,3,11.0,E wallet,Female,3.0,5,Others,4,Married,4,0,15.707921714818266,2.0,2.0,9.0,312.89,0,104.29666666666667,0.1
55078,0,8.0,Phone,3,9.0,E wallet,Female,3.0,4,Laptop & Accessory,5,Single,2,1,13.0,2.0,2.0,3.0,170.38,0,56.79333333333333,0.22
55079,0,25.0,Computer,3,16.0,Debit Card,Male,3.0,4,Others,4,Married,6,1,25.0,7.0,12.0,11.0,323.47,0,24.882307692307695,0.46
55080,0,31.0,Phone,1,25.0,Credit Card,Male,4.0,4,Fashion,1,Single,8,0,13.0,4.0,6.0,3.0,230.12,0,32.87428571428571,0.19
55081,0,8.0,Computer,1,26.0,Credit Card,Female,3.0,4,Laptop & Accessory,4,Married,6,0,14.0,1.0,6.0,11.0,169.44,0,24.205714285714286,0.67
55082,0,2.0,Computer,1,8.0,Credit Card,Male,3.0,4,Mobile Phone,3,Single,2,1,12.0,2.0,2.0,3.0,146.54,1,48.846666666666664,0.67
55083,0,18.0,Phone,1,11.0,Debit Card,Male,4.0,2,Others,5,Married,3,0,15.707921714818266,3.0,15.0,14.0,316.9,0,19.80625,0.79
55084,0,8.0,Computer,2,18.0,Debit Card,Male,3.0,5,Laptop & Accessory,4,Married,6,0,12.0,1.0,2.0,9.0,169.9,0,56.63333333333333,0.22
55085,0,9.0,Phone,1,13.0,Debit Card,Male,4.0,4,Mobile Phone,3,Married,2,1,15.0,2.0,3.0,3.0,160.06,0,40.015,0.3
55086,0,16.0,Phone,1,14.0,Credit Card,Female,4.0,2,Laptop & Accessory,4,Married,8,1,17.0,1.0,2.0,1.0,148.72,0,49.57333333333333,0.12
55087,0,17.0,Phone,3,11.0,E wallet,Female,3.0,5,Fashion,1,Single,5,0,15.0,11.0,16.0,3.0,227.31,0,13.371176470588235,0.89
55088,0,10.0,Phone,1,9.0,Debit Card,Female,3.0,4,Laptop & Accessory,4,Single,11,1,12.0,5.0,6.0,13.0,179.1,0,25.585714285714285,0.55
55089,1,8.0,Phone,1,22.0,Credit Card,Female,4.0,4,Fashion,1,Married,3,0,12.0,1.0,2.0,6.0,204.78,0,68.26,0.22
55090,0,2.0,Computer,1,9.0,Debit Card,Male,3.0,5,Mobile Phone,1,Married,3,1,13.0,1.0,3.0,3.0,163.67,1,40.9175,1.0
55091,0,25.0,Computer,1,13.0,Credit Card,Female,3.0,5,Mobile Phone,3,Single,2,0,15.0,4.0,8.0,8.0,153.38,0,17.04222222222222,0.31
55092,0,4.0,Computer,1,16.0,Credit Card,Female,4.0,4,Laptop & Accessory,3,Single,9,1,19.0,1.0,2.0,8.0,171.95,0,57.31666666666666,0.4
55093,1,1.0,Phone,1,14.0,Cash on Delivery,Female,3.0,4,Mobile Phone,3,Married,5,1,14.0,5.0,8.0,8.0,158.39,1,17.598888888888887,4.0
55094,0,2.0,Phone,1,8.0,Cash on Delivery,Male,3.0,4,Mobile Phone,5,Single,4,0,12.0,2.0,2.0,3.0,145.8,0,48.6,0.67
55095,0,1.0,Phone,1,8.0,Credit Card,Female,3.0,4,Mobile Phone,4,Single,3,0,19.0,2.0,3.0,2.0,145.96,0,36.49,1.5
55096,0,6.0,Phone,3,15.0,Credit Card,Male,3.0,2,Laptop & Accessory,1,Married,3,0,16.0,1.0,2.0,9.0,187.09,0,62.36333333333334,0.29
55097,0,19.0,Computer,1,32.0,Credit Card,Female,3.0,4,Others,4,Single,5,0,15.707921714818266,1.0,2.0,1.0,305.61,0,101.87,0.1
55098,0,13.0,Phone,1,20.0,Credit Card,Female,4.0,5,Grocery,4,Married,8,1,15.707921714818266,11.0,16.0,3.0,296.23,0,17.42529411764706,1.14
55099,0,31.0,Phone,1,30.0,Debit Card,Male,3.0,4,Mobile Phone,3,Married,3,0,13.0,2.0,3.0,3.0,148.72,0,37.18,0.09
55100,1,1.0,Phone,1,14.0,Debit Card,Male,4.0,4,Laptop & Accessory,3,Married,3,0,19.0,1.0,2.0,2.0,173.83,0,57.943333333333335,1.0
55101,1,3.0,Phone,1,30.0,Credit Card,Male,4.0,4,Mobile Phone,5,Single,2,0,14.0,1.0,2.0,4.0,164.04,0,54.68,0.5
55102,0,4.0,Phone,1,13.0,Cash on Delivery,Female,3.0,5,Laptop & Accessory,1,Married,2,0,13.0,6.0,7.0,8.0,171.27,0,21.40875,1.4
55103,0,10.0,Phone,1,17.0,Cash on Delivery,Female,4.0,4,Fashion,3,Married,5,0,13.0,2.0,2.0,8.0,195.94,0,65.31333333333333,0.18
55104,0,20.0,Phone,2,8.0,Debit Card,Female,3.0,4,Mobile Phone,5,Single,8,0,13.0,3.0,6.0,8.0,159.23,0,22.747142857142855,0.29
55105,0,2.0,Computer,1,8.0,Debit Card,Female,3.0,6,Laptop & Accessory,1,Married,2,0,12.0,8.0,8.0,6.0,191.74,0,21.304444444444446,2.67
55106,0,24.0,Phone,1,35.0,Debit Card,Female,3.0,4,Grocery,5,Married,6,1,15.707921714818266,1.0,2.0,3.0,293.8,0,97.93333333333334,0.08
55107,1,4.0,Phone,3,32.0,E wallet,Male,3.0,5,Fashion,4,Single,4,1,13.0,2.0,2.0,3.0,215.94,0,71.98,0.4
55108,1,16.0,Phone,3,12.0,Debit Card,Male,4.0,4,Fashion,4,Single,11,1,20.0,8.0,8.0,3.0,209.46,0,23.273333333333333,0.47
55109,0,4.0,Phone,1,24.0,Credit Card,Female,4.0,4,Fashion,5,Married,3,1,24.0,2.0,2.0,9.0,244.16000000000003,0,81.38666666666667,0.4
55110,0,13.0,Phone,1,25.0,Debit Card,Male,3.0,4,Laptop & Accessory,3,Single,2,0,12.0,2.0,2.0,8.0,170.34,0,56.78,0.14
55111,0,5.0,Computer,3,9.0,Debit Card,Female,3.0,4,Fashion,3,Married,3,1,20.0,9.0,10.0,3.0,223.52,0,20.32,1.67
55112,0,15.0,Computer,3,17.0,Credit Card,Male,3.0,6,Laptop & Accessory,4,Single,3,0,14.0,4.0,12.0,10.0,186.51,0,14.346923076923076,0.75
55113,1,1.0,Computer,3,8.0,Debit Card,Female,3.0,4,Mobile Phone,4,Single,3,1,12.0,3.0,3.0,3.0,148.02,1,37.005,1.5
55114,1,8.0,Phone,1,10.0,Debit Card,Male,3.0,4,Mobile Phone,5,Married,6,0,13.0,2.0,2.0,3.0,148.62,0,49.54,0.22
55115,0,16.0,Computer,1,9.0,Debit Card,Male,3.0,4,Grocery,3,Married,2,1,15.707921714818266,1.0,3.0,11.0,303.61,0,75.9025,0.18
55116,0,29.0,Phone,1,9.0,Credit Card,Female,3.0,6,Others,3,Married,6,0,15.707921714818266,5.0,10.0,12.0,316.87,0,28.80636363636364,0.33
55117,0,30.0,Phone,2,15.0,Debit Card,Male,4.0,4,Others,4,Single,8,0,15.707921714818266,3.0,8.0,8.0,322.17,0,35.79666666666667,0.26
55118,0,14.0,Computer,1,23.0,Debit Card,Male,4.0,4,Mobile Phone,3,Married,11,0,17.0,2.0,2.0,1.0,160.44,0,53.48,0.13
55119,0,8.0,Phone,1,16.0,Debit Card,Male,3.0,4,Fashion,1,Married,2,0,12.0,1.0,2.0,3.0,210.0,0,70.0,0.22
55120,0,14.0,Phone,1,9.0,Debit Card,Male,4.0,4,Laptop & Accessory,1,Single,3,0,14.0,4.0,9.0,9.0,171.61,0,17.161,0.6
55121,0,15.0,Computer,3,8.0,E wallet,Female,4.0,4,Laptop & Accessory,5,Married,2,0,18.0,1.0,2.0,8.0,166.03,0,55.343333333333334,0.12
55122,0,9.0,Computer,1,11.0,Debit Card,Male,3.0,4,Laptop & Accessory,3,Single,3,1,12.0,2.0,2.0,2.0,167.49,0,55.830000000000005,0.2
55123,0,25.0,Phone,2,12.0,Debit Card,Male,3.0,4,Grocery,4,Married,3,1,12.0,1.0,2.0,11.0,265.26,0,88.42,0.08
55124,0,12.0,Phone,3,9.0,Debit Card,Female,3.0,4,Laptop & Accessory,5,Married,5,0,16.0,1.0,2.0,8.0,193.93,0,64.64333333333333,0.15
55125,0,8.0,Phone,3,22.0,Credit Card,Female,4.0,4,Laptop & Accessory,5,Single,3,0,13.0,5.0,10.0,7.0,186.25,0,16.931818181818183,1.11
55126,0,1.0,Phone,1,26.0,Credit Card,Male,4.0,4,Mobile Phone,1,Married,5,0,12.0,1.0,2.0,3.0,161.69,0,53.89666666666667,1.0
55127,1,21.0,Phone,1,14.0,Credit Card,Female,3.0,5,Fashion,5,Married,9,1,15.0,2.0,6.0,3.0,225.08,0,32.15428571428571,0.27
55128,0,14.0,Phone,1,8.0,Debit Card,Male,3.0,4,Mobile Phone,4,Married,5,0,23.0,2.0,2.0,4.0,148.87,0,49.623333333333335,0.13
55129,0,10.0,Computer,3,14.0,E wallet,Female,3.0,2,Laptop & Accessory,5,Married,4,0,17.0,6.0,7.0,14.0,171.39,0,21.42375,0.64
55130,0,22.0,Phone,1,11.0,Debit Card,Male,3.0,4,Fashion,1,Single,3,0,12.0,2.0,2.0,9.0,203.98,0,67.99333333333333,0.09
55131,0,1.0,Phone,3,18.0,Credit Card,Female,4.0,2,Mobile Phone,1,Married,10,0,15.0,1.0,2.0,1.0,150.34,0,50.11333333333334,1.0
55132,0,25.0,Phone,1,18.0,Cash on Delivery,Female,3.0,5,Grocery,4,Single,5,0,17.0,1.0,2.0,4.0,256.42,0,85.47333333333334,0.08
55133,0,1.0,Computer,1,8.0,Debit Card,Female,4.0,4,Mobile Phone,1,Single,3,0,16.0,2.0,2.0,1.0,141.11,0,47.03666666666667,1.0
55134,0,9.0,Phone,1,8.0,Credit Card,Female,3.0,5,Laptop & Accessory,1,Married,2,0,13.0,1.0,2.0,1.0,178.63,0,59.54333333333333,0.2
55135,0,1.0,Computer,3,9.0,Debit Card,Male,3.0,6,Laptop & Accessory,1,Single,5,0,21.0,1.0,2.0,1.0,175.71,0,58.57,1.0
55136,1,19.0,Phone,3,20.0,E wallet,Male,3.0,2,Grocery,3,Single,8,1,18.0,1.0,4.0,9.0,261.95,0,52.39,0.2
55137,0,30.0,Phone,1,30.0,Debit Card,Male,4.0,4,Grocery,4,Married,6,1,13.0,14.0,2.0,10.0,259.02,0,86.33999999999999,0.06
55138,0,8.0,Computer,1,33.0,Cash on Delivery,Female,4.0,5,Mobile Phone,3,Married,3,0,21.0,2.0,2.0,1.0,145.29,0,48.43,0.22
55139,0,14.0,Phone,1,9.0,Credit Card,Female,3.0,2,Laptop & Accessory,3,Married,7,0,21.0,7.0,12.0,9.0,188.77,0,14.52076923076923,0.8
55140,0,8.0,Phone,1,36.0,Credit Card,Male,3.0,4,Laptop & Accessory,3,Married,6,0,14.0,6.0,8.0,8.0,179.29,0,19.92111111111111,0.89
55141,1,1.0,Computer,3,9.0,Debit Card,Female,3.0,5,Mobile Phone,1,Single,9,0,15.0,1.0,2.0,1.0,152.85,0,50.949999999999996,1.0
55142,1,1.0,Computer,3,25.0,E wallet,Female,4.0,4,Laptop & Accessory,3,Married,2,1,19.0,1.0,4.0,3.0,171.14,1,34.227999999999994,2.0
55143,0,12.0,Computer,1,14.0,Debit Card,Male,3.0,2,Mobile Phone,3,Married,3,0,12.0,1.0,2.0,4.0,151.1,0,50.36666666666667,0.15
55144,0,8.0,Phone,1,9.0,Cash on Delivery,Female,4.0,4,Laptop & Accessory,1,Single,3,0,12.0,5.0,5.0,12.0,191.87,0,31.978333333333335,0.56
55145,0,2.0,Phone,3,33.0,Debit Card,Male,3.0,5,Laptop & Accessory,5,Married,3,0,12.0,2.0,2.0,5.0,172.24,0,57.413333333333334,0.67
55146,1,1.0,Phone,1,29.0,Credit Card,Male,4.0,4,Laptop & Accessory,3,Married,3,1,16.0,6.0,7.0,8.0,186.79,1,23.34875,3.5
55147,0,13.0,Phone,3,28.0,Debit Card,Male,3.0,5,Laptop & Accessory,1,Married,5,1,13.0,1.0,2.0,5.0,186.2,0,62.06666666666666,0.14
55148,0,25.0,Computer,3,9.0,E wallet,Male,3.0,4,Fashion,4,Married,4,0,12.0,4.0,4.0,3.0,230.96,0,46.192,0.15
55149,0,15.0,Computer,1,29.0,Debit Card,Female,4.0,4,Laptop & Accessory,1,Married,5,1,15.0,3.0,4.0,4.0,179.67,0,35.934,0.25
55150,0,11.0,Phone,1,11.0,Debit Card,Male,3.0,4,Mobile Phone,3,Married,9,1,16.0,2.0,2.0,4.0,154.96,0,51.653333333333336,0.17
55151,0,7.0,Computer,3,12.0,Debit Card,Male,4.0,4,Laptop & Accessory,1,Married,8,0,14.0,2.0,2.0,3.0,224.98,0,74.99333333333333,0.25
55152,0,6.0,Phone,3,9.0,E wallet,Male,3.0,4,Laptop & Accessory,4,Married,2,1,14.0,2.0,2.0,3.0,165.78,0,55.26,0.29
55153,0,13.0,Computer,1,32.0,Debit Card,Male,4.0,4,Fashion,3,Married,5,0,22.0,1.0,2.0,6.0,234.2,0,78.06666666666666,0.14
55154,0,1.0,Phone,3,25.0,Debit Card,Male,4.0,2,Laptop & Accessory,3,Married,4,0,12.0,2.0,2.0,3.0,187.32,0,62.44,1.0
55155,0,26.0,Computer,1,35.0,Credit Card,Female,3.0,2,Grocery,3,Married,4,1,12.0,2.0,2.0,3.0,257.47,0,85.82333333333334,0.07
55156,0,17.0,Phone,1,13.0,Credit Card,Female,4.0,5,Laptop & Accessory,3,Single,3,1,15.0,1.0,2.0,9.0,165.81,0,55.27,0.11
55157,0,1.0,Phone,3,17.0,E wallet,Female,4.0,5,Laptop & Accessory,1,Married,3,1,12.0,2.0,5.0,5.0,182.69,1,30.448333333333334,2.5
55158,1,1.0,Phone,1,24.0,Debit Card,Female,3.0,4,Mobile Phone,3,Single,3,1,14.0,5.0,8.0,8.0,148.94,1,16.54888888888889,4.0
55159,0,1.0,Phone,1,9.0,Credit Card,Male,3.0,5,Mobile Phone,1,Single,2,0,13.0,2.0,2.0,2.0,164.04,0,54.68,1.0
55160,0,16.0,Phone,2,17.0,UPI,Female,3.0,4,Grocery,5,Married,2,0,15.707921714818266,1.0,2.0,10.0,292.99,0,97.66333333333334,0.12
55161,0,26.0,Phone,1,15.0,UPI,Female,3.0,4,Mobile Phone,5,Married,11,0,14.0,2.0,2.0,5.0,154.5,0,51.5,0.07
55162,0,11.0,Phone,1,18.0,Credit Card,Female,4.0,4,Mobile Phone,3,Single,6,0,19.0,2.0,2.0,3.0,161.29,0,53.76333333333333,0.17
55163,0,9.0,Computer,1,25.0,Debit Card,Male,3.0,4,Fashion,1,Single,4,0,12.0,3.0,3.0,3.0,218.62,0,54.655,0.3
55164,0,1.0,Phone,1,8.0,Cash on Delivery,Male,3.0,4,Mobile Phone,1,Married,6,0,12.0,1.0,2.0,3.0,157.29,0,52.43,1.0
55165,0,1.0,Phone,1,14.0,UPI,Male,4.0,2,Mobile Phone,5,Single,2,0,13.0,1.0,2.0,8.0,160.78,0,53.593333333333334,1.0
55166,0,3.0,Phone,2,24.0,UPI,Male,3.0,5,Fashion,5,Single,3,0,14.0,1.0,2.0,10.0,204.88,0,68.29333333333334,0.5
55167,1,13.0,Computer,1,35.0,Debit Card,Male,4.0,5,Laptop & Accessory,5,Single,5,0,21.0,1.0,2.0,4.0,167.84,0,55.946666666666665,0.14
55168,1,1.0,Computer,1,21.0,UPI,Female,3.0,4,Fashion,1,Single,2,1,13.0,5.0,8.0,8.0,200.53,1,22.281111111111112,4.0
55169,0,28.0,Phone,1,8.0,Credit Card,Female,3.0,4,Grocery,1,Single,8,0,15.707921714818266,7.0,13.0,8.0,298.28,0,21.305714285714284,0.45
55170,0,31.0,Phone,1,8.0,Credit Card,Female,4.0,4,Others,5,Married,5,1,15.707921714818266,2.0,2.0,6.0,322.01,0,107.33666666666666,0.06
55171,0,29.0,Phone,1,8.0,Credit Card,Male,3.0,2,Grocery,1,Married,4,0,14.0,1.0,2.0,1.0,272.32,0,90.77333333333333,0.07
55172,0,10.0,Phone,3,10.0,E wallet,Female,4.0,4,Laptop & Accessory,4,Single,5,1,17.0,1.0,2.0,3.0,217.78,0,72.59333333333333,0.18
55173,1,1.0,Computer,3,8.0,Debit Card,Female,3.0,6,Mobile Phone,3,Single,3,0,13.0,1.0,2.0,1.0,138.59,0,46.196666666666665,1.0
55174,0,4.0,Phone,3,14.0,E wallet,Female,4.0,4,Laptop & Accessory,5,Married,9,0,15.0,2.0,2.0,3.0,172.79,0,57.596666666666664,0.4
55175,0,5.0,Phone,1,15.0,Debit Card,Female,4.0,4,Grocery,4,Single,5,0,12.0,1.0,2.0,1.0,289.22,0,96.40666666666668,0.33
55176,0,8.0,Computer,1,8.0,UPI,Male,4.0,4,Mobile Phone,5,Married,7,0,15.0,2.0,2.0,4.0,154.96,0,51.653333333333336,0.22
55177,1,1.0,Phone,1,15.0,Debit Card,Female,3.0,5,Mobile Phone,4,Single,3,0,13.0,1.0,2.0,1.0,137.61,0,45.870000000000005,1.0
55178,0,1.0,Phone,1,18.0,Debit Card,Male,4.0,4,Mobile Phone,5,Married,2,0,15.0,2.0,2.0,5.0,145.99,0,48.663333333333334,1.0
55179,0,10.0,Phone,1,11.0,Debit Card,Male,3.0,5,Laptop & Accessory,1,Single,3,0,17.0,1.0,2.0,9.0,183.1,0,61.03333333333333,0.18
55180,0,10.0,Phone,3,23.0,E wallet,Female,4.0,5,Laptop & Accessory,5,Married,6,0,14.0,2.0,2.0,3.0,181.47,0,60.49,0.18
55181,0,21.0,Phone,1,8.0,Cash on Delivery,Male,4.0,4,Mobile Phone,1,Married,9,0,13.0,2.0,2.0,3.0,159.2,0,53.06666666666666,0.09
55182,1,1.0,Phone,3,16.0,Debit Card,Male,4.0,5,Mobile Phone,5,Married,5,0,13.0,3.0,3.0,3.0,169.0,0,42.25,1.5
55183,0,11.0,Computer,1,12.0,Cash on Delivery,Male,3.0,2,Mobile Phone,3,Single,2,0,15.0,1.0,2.0,4.0,160.0,0,53.333333333333336,0.17
55184,0,30.0,Phone,1,8.0,Debit Card,Female,3.0,4,Mobile Phone,5,Married,4,0,23.0,1.0,2.0,1.0,145.66,0,48.553333333333335,0.06
55185,0,21.0,Phone,1,9.0,Credit Card,Female,3.0,4,Grocery,3,Married,5,0,15.707921714818266,3.0,6.0,7.0,296.69,0,42.38428571428572,0.27
55186,0,1.0,Phone,3,11.0,Credit Card,Female,3.0,4,Laptop & Accessory,3,Married,3,1,13.0,2.0,2.0,4.0,166.62,1,55.54,1.0
55187,0,6.0,Phone,3,14.0,E wallet,Male,4.0,4,Laptop & Accessory,1,Married,6,0,13.0,1.0,2.0,3.0,217.04,0,72.34666666666666,0.29
55188,0,8.0,Phone,1,8.0,Debit Card,Female,3.0,5,Mobile Phone,4,Married,7,0,18.0,2.0,2.0,3.0,157.94,0,52.64666666666667,0.22
55189,0,15.0,Phone,1,12.0,Credit Card,Male,3.0,2,Mobile Phone,3,Married,4,1,13.0,1.0,2.0,4.0,146.27,0,48.75666666666667,0.12
55190,0,14.0,Computer,1,16.0,UPI,Male,3.0,4,Laptop & Accessory,3,Married,5,0,12.0,1.0,2.0,8.0,164.75,0,54.916666666666664,0.13
55191,0,5.0,Phone,3,15.0,Debit Card,Male,3.0,4,Fashion,1,Married,3,0,19.0,3.0,2.0,10.0,232.93,0,77.64333333333333,0.33
55192,1,10.0,Phone,3,16.0,E wallet,Male,3.0,4,Fashion,1,Married,6,0,12.0,5.0,5.0,3.0,225.96,0,37.660000000000004,0.45
55193,1,3.0,Computer,1,9.0,Debit Card,Female,3.0,5,Mobile Phone,5,Single,4,1,24.0,1.0,2.0,1.0,161.46,1,53.82,0.5
55194,1,1.0,Computer,1,8.0,Debit Card,Female,4.0,2,Fashion,4,Single,3,0,12.0,2.0,5.0,8.0,199.46,0,33.24333333333333,2.5
55195,0,19.0,Phone,1,27.0,Credit Card,Male,4.0,6,Fashion,5,Married,4,1,19.0,2.0,2.0,8.0,233.51,0,77.83666666666666,0.1
55196,0,5.0,Phone,2,15.0,Credit Card,Female,4.0,2,Mobile Phone,4,Single,11,0,19.0,2.0,2.0,3.0,146.09,0,48.696666666666665,0.33
55197,1,1.0,Computer,1,9.0,Debit Card,Male,4.0,4,Mobile Phone,1,Married,8,1,14.0,1.0,3.0,3.0,162.22,1,40.555,1.5
55198,0,19.0,Phone,1,36.0,Cash on Delivery,Male,3.0,4,Fashion,1,Married,6,1,19.0,2.0,2.0,3.0,218.8,0,72.93333333333334,0.1
55199,0,22.0,Phone,3,14.0,E wallet,Male,4.0,4,Laptop & Accessory,5,Married,6,0,12.0,1.0,3.0,3.0,179.86,0,44.965,0.13
55200,1,1.0,Phone,2,16.0,Cash on Delivery,Female,3.0,4,Mobile Phone,3,Married,3,0,16.0,3.0,3.0,3.0,152.42,0,38.105,1.5
55201,0,14.0,Computer,1,15.0,Credit Card,Male,3.0,5,Fashion,4,Married,4,0,12.0,1.0,5.0,9.0,262.57,0,43.76166666666666,0.33
55202,0,2.0,Phone,3,12.0,Credit Card,Male,3.0,4,Laptop & Accessory,5,Single,2,0,19.0,1.0,2.0,3.0,209.63,0,69.87666666666667,0.67
55203,0,18.0,Computer,1,12.0,Debit Card,Male,3.0,5,Mobile Phone,3,Single,5,0,15.0,1.0,2.0,4.0,156.62,0,52.20666666666667,0.11
55204,0,27.0,Phone,1,9.0,Credit Card,Male,3.0,2,Grocery,4,Single,6,0,13.0,1.0,9.0,9.0,290.98,0,29.098000000000003,0.32
55205,0,23.0,Phone,1,12.0,Cash on Delivery,Male,4.0,4,Laptop & Accessory,3,Married,4,0,15.0,1.0,2.0,3.0,191.51,0,63.836666666666666,0.08
55206,0,14.0,Phone,1,9.0,Credit Card,Male,4.0,4,Mobile Phone,3,Married,4,0,15.0,2.0,2.0,3.0,148.45,0,49.48333333333333,0.13
55207,0,18.0,Phone,1,27.0,Debit Card,Male,3.0,4,Mobile Phone,4,Single,3,0,14.0,2.0,2.0,4.0,159.2,0,53.06666666666666,0.11
55208,0,7.0,Computer,3,14.0,Credit Card,Male,3.0,4,Laptop & Accessory,5,Married,2,0,15.0,2.0,2.0,4.0,168.73,0,56.24333333333333,0.25
55209,0,8.0,Phone,3,10.0,UPI,Male,3.0,6,Laptop & Accessory,5,Single,5,0,19.0,3.0,4.0,13.0,172.59,0,34.518,0.44
55210,0,4.0,Phone,3,23.0,Debit Card,Male,4.0,4,Laptop & Accessory,3,Married,10,0,16.0,2.0,3.0,3.0,178.01,0,44.5025,0.6
55211,0,16.0,Computer,1,16.0,Credit Card,Female,4.0,4,Mobile Phone,1,Single,3,0,14.0,1.0,6.0,9.0,161.73,0,23.104285714285712,0.35
55212,0,18.0,Computer,3,8.0,E wallet,Female,4.0,4,Laptop & Accessory,3,Married,9,0,13.0,1.0,2.0,1.0,172.68,0,57.56,0.11
55213,0,4.0,Computer,1,14.0,Cash on Delivery,Male,4.0,4,Mobile Phone,3,Married,3,0,14.0,1.0,2.0,1.0,137.74,0,45.913333333333334,0.4
55214,0,31.0,Phone,1,8.0,Debit Card,Male,4.0,2,Laptop & Accessory,3,Married,2,0,25.0,2.0,3.0,9.0,174.0,0,43.5,0.09
55215,0,23.0,Phone,1,14.0,Debit Card,Male,3.0,4,Fashion,4,Married,5,0,15.0,1.0,2.0,3.0,229.66,0,76.55333333333333,0.08
55216,0,8.0,Computer,1,22.0,Credit Card,Male,4.0,4,Grocery,5,Married,9,0,15.707921714818266,3.0,7.0,10.0,295.07,0,36.88375,0.78
55217,1,1.0,Computer,3,8.0,Cash on Delivery,Male,4.0,4,Mobile Phone,3,Married,5,0,16.0,2.0,2.0,3.0,154.09,0,51.36333333333334,1.0
55218,1,1.0,Computer,3,20.0,Cash on Delivery,Female,3.0,4,Laptop & Accessory,4,Single,7,0,12.0,2.0,2.0,1.0,182.65,0,60.88333333333333,1.0
55219,1,1.0,Phone,3,31.0,Credit Card,Female,3.0,5,Laptop & Accessory,4,Single,2,1,24.0,5.0,11.0,11.0,170.99,1,14.249166666666667,5.5
55220,0,9.0,Phone,3,14.0,Debit Card,Male,4.0,4,Mobile Phone,3,Married,3,0,14.0,1.0,2.0,1.0,149.04,0,49.68,0.2
55221,1,1.0,Computer,1,16.0,Credit Card,Male,3.0,4,Mobile Phone,5,Single,4,1,12.0,1.0,2.0,1.0,156.72,1,52.24,1.0
55222,0,1.0,Computer,3,20.0,Debit Card,Female,4.0,4,Mobile Phone,4,Married,3,0,14.0,1.0,2.0,1.0,145.33,0,48.443333333333335,1.0
55223,0,18.0,Computer,1,9.0,Credit Card,Male,3.0,4,Fashion,3,Single,7,1,19.0,3.0,3.0,3.0,227.09,0,56.7725,0.16
55224,0,3.0,Phone,3,26.0,Debit Card,Male,4.0,5,Laptop & Accessory,3,Married,3,0,15.0,2.0,2.0,3.0,211.2,0,70.39999999999999,0.5
55225,0,4.0,Phone,2,8.0,Debit Card,Male,3.0,4,Mobile Phone,3,Married,2,0,22.0,1.0,2.0,4.0,145.64,0,48.54666666666666,0.4
55226,0,29.0,Phone,1,11.0,Debit Card,Male,2.0,4,Laptop & Accessory,3,Married,2,1,17.0,2.0,2.0,3.0,165.35,0,55.11666666666667,0.07
55227,0,7.0,Phone,1,11.0,Credit Card,Female,3.0,5,Mobile Phone,4,Married,10,0,12.0,2.0,2.0,3.0,163.38,0,54.46,0.25
55228,0,21.0,Phone,3,21.0,Credit Card,Female,4.0,4,Laptop & Accessory,3,Married,5,1,18.0,2.0,2.0,3.0,170.91,0,56.97,0.09
55229,1,1.0,Computer,1,9.0,Credit Card,Male,3.0,5,Mobile Phone,5,Single,9,0,12.0,2.0,2.0,1.0,150.61,0,50.20333333333334,1.0
55230,0,2.0,Phone,1,8.0,Debit Card,Male,4.0,5,Mobile Phone,3,Married,3,0,15.0,1.0,2.0,1.0,140.63,0,46.876666666666665,0.67
55231,0,2.0,Computer,3,14.0,Debit Card,Male,3.0,4,Laptop & Accessory,5,Single,2,0,15.0,2.0,2.0,4.0,173.98,0,57.99333333333333,0.67
55232,0,23.0,Phone,1,10.0,Credit Card,Female,3.0,5,Laptop & Accessory,5,Married,6,0,26.0,1.0,2.0,3.0,172.89,0,57.629999999999995,0.08
55233,0,3.0,Computer,1,9.0,Debit Card,Female,4.0,4,Mobile Phone,4,Married,2,0,14.0,2.0,2.0,3.0,156.8,0,52.26666666666667,0.5
55234,0,2.0,Phone,1,36.0,Debit Card,Male,4.0,6,Laptop & Accessory,4,Married,3,0,15.0,1.0,2.0,8.0,190.49,0,63.49666666666667,0.67
55235,0,7.0,Phone,1,15.0,Debit Card,Male,4.0,4,Laptop & Accessory,3,Single,4,1,18.0,2.0,2.0,1.0,188.88,0,62.96,0.25
55236,0,6.0,Phone,1,17.0,Credit Card,Male,4.0,4,Fashion,1,Single,4,0,26.0,1.0,2.0,1.0,237.44,0,79.14666666666666,0.29
55237,0,28.0,Computer,1,18.0,Credit Card,Female,3.0,4,Grocery,1,Married,5,0,21.0,1.0,2.0,13.0,285.32,0,95.10666666666667,0.07
55238,1,1.0,Phone,1,8.0,Cash on Delivery,Male,4.0,5,Mobile Phone,5,Single,8,0,14.0,2.0,2.0,8.0,148.62,0,49.54,1.0
55239,0,18.0,Phone,1,35.0,Debit Card,Male,3.0,4,Grocery,5,Married,5,0,14.0,1.0,15.0,18.0,288.28,0,18.0175,0.79
55240,0,13.0,Phone,1,13.0,Debit Card,Female,3.0,4,Fashion,4,Single,6,0,19.0,3.0,3.0,3.0,208.76,0,52.19,0.21
55241,0,20.0,Phone,3,10.0,Debit Card,Female,3.0,4,Grocery,4,Married,10,0,13.0,1.0,6.0,2.0,291.06,0,41.58,0.29
55242,0,9.0,Phone,1,23.0,Debit Card,Female,4.0,5,Fashion,4,Single,3,0,20.0,4.0,4.0,3.0,211.06,0,42.212,0.4
55243,0,1.0,Phone,1,27.0,Debit Card,Male,4.0,4,Laptop & Accessory,3,Single,2,0,15.0,2.0,2.0,3.0,147.72,0,49.24,1.0
55244,1,4.0,Phone,1,16.0,Debit Card,Male,3.0,4,Mobile Phone,5,Single,5,0,15.0,2.0,2.0,1.0,145.18,0,48.39333333333334,0.4
55245,0,8.0,Phone,3,8.0,Cash on Delivery,Male,4.0,5,Fashion,3,Married,3,1,15.0,8.0,9.0,7.0,195.83,0,19.583000000000002,1.0
55246,1,1.0,Computer,1,10.0,Debit Card,Female,3.0,4,Mobile Phone,3,Single,3,0,13.0,3.0,8.0,8.0,165.84,0,18.426666666666666,4.0
55247,0,24.0,Computer,1,29.0,Credit Card,Male,3.0,6,Grocery,1,Single,3,1,14.0,1.0,14.0,10.0,269.11,0,17.94066666666667,0.56
55248,0,8.0,Phone,3,14.0,Cash on Delivery,Male,3.0,4,Mobile Phone,3,Married,2,1,26.0,4.0,6.0,8.0,148.08,0,21.154285714285717,0.67
55249,0,16.0,Phone,1,9.0,Credit Card,Male,4.0,5,Mobile Phone,4,Married,6,0,15.0,1.0,2.0,1.0,173.41,0,57.803333333333335,0.12
55250,0,11.0,Phone,1,20.0,Credit Card,Male,3.0,4,Laptop & Accessory,1,Married,3,0,18.0,3.0,4.0,8.0,167.85,0,33.57,0.33
55251,0,3.0,Phone,1,15.0,UPI,Female,3.0,6,Laptop & Accessory,5,Married,5,0,14.0,2.0,2.0,3.0,222.15,0,74.05,0.5
55252,0,7.0,Phone,1,32.0,Debit Card,Male,3.0,5,Laptop & Accessory,4,Single,3,0,14.0,2.0,2.0,3.0,168.2,0,56.06666666666666,0.25
55253,0,19.0,Phone,1,35.0,Cash on Delivery,Male,4.0,4,Mobile Phone,1,Married,6,0,21.0,2.0,2.0,4.0,146.32,0,48.77333333333333,0.1
55254,0,16.0,Computer,1,9.0,Debit Card,Male,3.0,4,Fashion,1,Married,4,1,15.0,5.0,14.0,3.0,226.24,0,15.082666666666666,0.82
55255,0,14.0,Phone,3,16.0,Credit Card,Male,3.0,4,Laptop & Accessory,5,Married,2,0,13.0,8.0,8.0,2.0,179.73,0,19.97,0.53
55256,0,7.0,Phone,1,35.0,Debit Card,Male,4.0,4,Laptop & Accessory,3,Married,3,1,13.0,5.0,6.0,8.0,177.07,0,25.295714285714286,0.75
55257,0,14.0,Phone,2,13.0,Credit Card,Male,3.0,4,Grocery,1,Single,3,1,22.0,1.0,8.0,8.0,289.37,0,32.15222222222222,0.53
55258,0,1.0,Phone,1,28.0,Cash on Delivery,Male,3.0,5,Mobile Phone,5,Married,2,0,15.0,1.0,2.0,1.0,147.96,0,49.32,1.0
55259,0,14.0,Computer,1,15.0,Debit Card,Male,4.0,4,Laptop & Accessory,1,Married,5,1,19.0,2.0,3.0,3.0,165.69,0,41.4225,0.2
55260,0,19.0,Phone,1,8.0,Cash on Delivery,Male,4.0,4,Fashion,4,Married,3,0,13.0,4.0,8.0,8.0,199.41,0,22.156666666666666,0.4
55261,0,9.0,Phone,3,35.0,Debit Card,Female,4.0,5,Mobile Phone,3,Married,2,0,24.0,3.0,5.0,3.0,149.3,0,24.883333333333336,0.5
55262,0,6.0,Phone,1,12.0,Debit Card,Female,4.0,5,Laptop & Accessory,4,Married,5,0,13.0,2.0,3.0,6.0,183.78,0,45.945,0.43
55263,0,10.0,Phone,3,9.0,Debit Card,Male,4.0,4,Mobile Phone,1,Single,5,1,22.0,2.0,2.0,3.0,151.44,0,50.48,0.18
55264,0,22.0,Phone,3,23.0,Debit Card,Female,4.0,4,Laptop & Accessory,3,Married,10,0,15.0,8.0,8.0,8.0,189.39,0,21.043333333333333,0.35
55265,0,3.0,Phone,1,16.0,Debit Card,Male,4.0,2,Mobile Phone,3,Married,8,0,19.0,1.0,2.0,1.0,149.51,0,49.836666666666666,0.5
55266,0,7.0,Phone,3,15.0,Debit Card,Male,3.0,4,Laptop & Accessory,5,Married,4,0,14.0,3.0,3.0,3.0,188.92,0,47.23,0.38
55267,1,1.0,Phone,3,8.0,Debit Card,Male,4.0,5,Laptop & Accessory,5,Married,3,0,12.0,2.0,7.0,3.0,222.14,0,27.7675,3.5
55268,0,12.0,Computer,2,17.0,UPI,Male,4.0,4,Laptop & Accessory,3,Married,5,0,12.0,1.0,2.0,3.0,185.77,0,61.92333333333334,0.15
55269,0,9.0,Phone,1,8.0,Credit Card,Male,4.0,5,Mobile Phone,5,Single,3,0,20.0,2.0,2.0,3.0,149.5,0,49.833333333333336,0.2
55270,0,8.0,Phone,3,36.0,Cash on Delivery,Male,3.0,4,Fashion,4,Married,5,0,13.0,2.0,2.0,3.0,217.5,0,72.5,0.22
55271,1,1.0,Phone,1,9.0,Debit Card,Female,4.0,4,Mobile Phone,5,Married,3,1,13.0,2.0,2.0,1.0,145.74,1,48.580000000000005,1.0
55272,1,17.0,Phone,1,9.0,Cash on Delivery,Female,4.0,5,Fashion,1,Married,2,0,17.0,1.0,2.0,3.0,226.69,0,75.56333333333333,0.11
55273,1,2.0,Phone,1,9.0,Credit Card,Male,3.0,4,Laptop & Accessory,4,Married,6,0,12.0,2.0,2.0,5.0,173.55,0,57.85,0.67
55274,0,6.0,Computer,1,8.0,Cash on Delivery,Male,4.0,4,Laptop & Accessory,5,Married,6,0,15.0,1.0,2.0,3.0,165.87,0,55.29,0.29
55275,0,22.0,Phone,1,22.0,UPI,Female,4.0,4,Mobile Phone,5,Married,10,0,13.0,7.0,8.0,7.0,148.67,0,16.51888888888889,0.35
55276,0,8.0,Phone,1,14.0,Credit Card,Male,3.0,4,Mobile Phone,1,Single,3,0,14.0,1.0,2.0,1.0,154.72,0,51.57333333333333,0.22
55277,0,29.0,Phone,3,33.0,E wallet,Male,3.0,5,Others,1,Married,3,0,15.707921714818266,1.0,3.0,14.0,320.86,0,80.215,0.1
55278,0,8.0,Phone,1,8.0,Debit Card,Male,3.0,4,Laptop & Accessory,1,Married,11,0,18.0,1.0,3.0,2.0,179.84,0,44.96,0.33
55279,0,1.0,Phone,1,10.0,Debit Card,Female,3.0,4,Mobile Phone,1,Married,3,0,22.0,2.0,2.0,1.0,145.61,0,48.53666666666667,1.0
55280,0,12.0,Phone,3,21.0,Debit Card,Male,4.0,4,Laptop & Accessory,4,Married,2,0,12.0,4.0,8.0,3.0,224.24,0,24.915555555555557,0.62
55281,0,12.0,Phone,3,23.0,Debit Card,Female,3.0,4,Laptop & Accessory,4,Single,4,0,13.0,2.0,2.0,3.0,166.98,0,55.66,0.15
55282,0,10.0,Phone,3,8.0,Debit Card,Female,4.0,4,Laptop & Accessory,3,Single,8,0,14.0,2.0,2.0,1.0,193.15,0,64.38333333333334,0.18
55283,0,3.0,Phone,1,10.0,Credit Card,Male,3.0,4,Mobile Phone,5,Single,3,1,19.0,1.0,2.0,6.0,172.23,1,57.41,0.5
55284,0,9.0,Phone,1,17.0,Credit Card,Female,3.0,4,Laptop & Accessory,3,Single,5,1,17.0,1.0,2.0,5.0,186.42,0,62.13999999999999,0.2
55285,0,13.0,Phone,3,13.0,Credit Card,Male,3.0,2,Fashion,3,Married,4,0,12.0,4.0,8.0,7.0,207.37,0,23.04111111111111,0.57
55286,0,3.0,Computer,1,9.0,Debit Card,Male,3.0,4,Laptop & Accessory,1,Married,3,0,20.0,2.0,2.0,3.0,213.53,0,71.17666666666666,0.5
55287,0,24.0,Phone,3,16.0,E wallet,Male,3.0,4,Others,3,Married,6,1,15.707921714818266,1.0,2.0,1.0,318.31,0,106.10333333333334,0.08
55288,0,1.0,Phone,1,17.0,Cash on Delivery,Male,3.0,2,Mobile Phone,3,Married,4,0,17.0,1.0,3.0,3.0,145.73,0,36.4325,1.5
55289,0,10.0,Computer,1,13.0,Debit Card,Male,4.0,2,Laptop & Accessory,5,Married,5,1,14.0,1.0,2.0,3.0,180.62,0,60.20666666666667,0.18
55290,0,16.0,Phone,1,16.0,UPI,Male,4.0,5,Others,1,Single,10,0,15.707921714818266,2.0,2.0,2.0,321.13,0,107.04333333333334,0.12
55291,0,9.0,Phone,1,35.0,Debit Card,Male,3.0,2,Laptop & Accessory,3,Married,3,0,18.0,7.0,7.0,9.0,159.07,0,19.88375,0.7
55292,0,8.0,Computer,1,17.0,Cash on Delivery,Male,4.0,5,Laptop & Accessory,3,Married,3,0,15.0,2.0,8.0,8.0,175.63,0,19.514444444444443,0.89
55293,0,14.0,Phone,3,21.0,Debit Card,Female,3.0,4,Laptop & Accessory,5,Married,3,0,16.0,1.0,2.0,3.0,171.39,0,57.129999999999995,0.13
55294,0,17.0,Phone,1,34.0,Cash on Delivery,Male,3.0,2,Mobile Phone,4,Married,7,0,13.0,2.0,2.0,3.0,173.76,0,57.919999999999995,0.11
55295,0,9.0,Phone,1,14.0,Debit Card,Male,4.0,5,Mobile Phone,1,Married,3,0,19.0,2.0,2.0,2.0,151.9,0,50.63333333333333,0.2
55296,0,20.0,Phone,3,8.0,Debit Card,Male,3.0,2,Grocery,5,Single,3,0,15.707921714818266,1.0,2.0,13.0,300.67,0,100.22333333333334,0.1
55297,1,1.0,Phone,1,31.0,Credit Card,Male,3.0,4,Mobile Phone,4,Married,3,1,18.0,1.0,2.0,1.0,149.08,1,49.693333333333335,1.0
55298,0,1.0,Computer,1,33.0,UPI,Female,3.0,5,Mobile Phone,3,Married,3,1,15.0,2.0,2.0,4.0,153.14,1,51.04666666666666,1.0
55299,0,24.0,Computer,1,27.0,Credit Card,Male,3.0,4,Grocery,3,Married,4,1,16.0,1.0,2.0,14.0,237.45,0,79.14999999999999,0.08
55300,0,6.0,Phone,1,12.0,UPI,Female,3.0,2,Mobile Phone,1,Married,5,0,18.0,2.0,2.0,3.0,158.12,0,52.70666666666667,0.29
55301,0,18.0,Phone,1,14.0,Credit Card,Female,3.0,4,Others,1,Married,2,1,15.707921714818266,1.0,2.0,11.0,315.49,0,105.16333333333334,0.11
55302,0,4.0,Phone,1,14.0,Credit Card,Male,3.0,5,Mobile Phone,4,Married,3,0,13.0,2.0,2.0,2.0,146.41,0,48.803333333333335,0.4
55303,0,19.0,Phone,1,12.0,Credit Card,Female,3.0,6,Laptop & Accessory,5,Single,3,1,15.0,1.0,2.0,5.0,182.69,0,60.89666666666667,0.1
55304,0,19.0,Computer,3,33.0,E wallet,Male,3.0,5,Laptop & Accessory,5,Married,3,0,16.0,4.0,5.0,6.0,168.85,0,28.141666666666666,0.25
55305,0,5.0,Computer,3,9.0,UPI,Male,3.0,4,Laptop & Accessory,5,Single,9,0,14.0,2.0,2.0,4.0,178.32,0,59.44,0.33
55306,0,10.0,Phone,1,19.0,Debit Card,Female,4.0,4,Laptop & Accessory,3,Married,11,1,13.0,1.0,2.0,2.0,171.63,0,57.21,0.18
55307,0,8.0,Computer,1,17.0,Debit Card,Male,3.0,2,Laptop & Accessory,1,Married,3,0,14.0,4.0,8.0,3.0,172.24,0,19.137777777777778,0.89
55308,0,23.0,Phone,1,32.0,Debit Card,Female,3.0,4,Mobile Phone,5,Married,3,0,15.0,2.0,2.0,5.0,157.11,0,52.370000000000005,0.08
55309,0,13.0,Phone,1,17.0,Credit Card,Male,4.0,4,Laptop & Accessory,5,Married,4,0,14.0,4.0,8.0,8.0,178.77,0,19.863333333333333,0.57
55310,0,1.0,Phone,1,26.0,UPI,Male,4.0,5,Mobile Phone,5,Married,3,0,12.0,1.0,2.0,8.0,165.66,0,55.22,1.0
55311,0,9.0,Phone,1,25.0,Debit Card,Male,3.0,2,Laptop & Accessory,5,Married,3,0,12.0,2.0,2.0,11.0,177.08,0,59.02666666666667,0.2
55312,0,2.0,Phone,1,34.0,Credit Card,Female,3.0,6,Laptop & Accessory,5,Married,2,0,22.0,2.0,2.0,1.0,173.77,0,57.92333333333334,0.67
55313,0,1.0,Phone,1,12.0,Credit Card,Male,4.0,4,Mobile Phone,1,Single,3,0,19.0,1.0,3.0,3.0,156.17,0,39.0425,1.5
55314,1,1.0,Computer,3,10.0,Credit Card,Female,4.0,4,Mobile Phone,1,Single,3,1,13.0,2.0,2.0,1.0,140.69,1,46.89666666666667,1.0
55315,0,21.0,Phone,2,33.0,Debit Card,Female,4.0,4,Others,3,Married,5,0,15.707921714818266,2.0,2.0,1.0,321.58,0,107.19333333333333,0.09
55316,0,13.0,Phone,1,10.0,Credit Card,Male,4.0,5,Laptop & Accessory,3,Married,2,0,16.0,1.0,2.0,8.0,155.69,0,51.89666666666667,0.14
55317,0,14.0,Phone,1,22.0,Debit Card,Female,4.0,5,Fashion,3,Married,3,0,14.0,7.0,15.0,3.0,229.35,0,14.334375,1.0
55318,0,9.0,Computer,1,15.0,Debit Card,Female,3.0,4,Laptop & Accessory,3,Married,3,0,13.0,1.0,3.0,10.0,166.48,0,41.62,0.3
55319,0,11.0,Phone,1,26.0,Debit Card,Male,3.0,4,Laptop & Accessory,3,Married,5,0,18.0,1.0,2.0,3.0,182.68,0,60.89333333333334,0.17
55320,0,13.0,Computer,1,11.0,Credit Card,Female,3.0,4,Laptop & Accessory,3,Single,2,0,14.0,4.0,4.0,9.0,175.42,0,35.083999999999996,0.29
55321,0,19.0,Phone,1,9.0,UPI,Female,3.0,5,Laptop & Accessory,1,Married,3,0,20.0,4.0,4.0,10.0,182.7,0,36.54,0.2
55322,0,12.0,Phone,1,9.0,Credit Card,Female,3.0,5,Fashion,3,Married,5,1,20.0,1.0,2.0,3.0,202.56,0,67.52,0.15
55323,1,1.0,Phone,3,17.0,Credit Card,Male,3.0,5,Fashion,5,Married,11,0,18.0,1.0,7.0,3.0,228.06,0,28.5075,3.5
55324,0,11.0,Phone,1,17.0,Credit Card,Female,4.0,4,Mobile Phone,4,Married,3,0,12.0,5.0,8.0,8.0,164.36,0,18.262222222222224,0.67
55325,0,14.0,Phone,1,23.0,Debit Card,Female,3.0,4,Fashion,1,Single,8,1,16.0,4.0,4.0,4.0,204.45,0,40.89,0.27
55326,0,18.0,Computer,2,8.0,UPI,Male,3.0,4,Laptop & Accessory,1,Married,6,1,12.0,2.0,2.0,3.0,182.43,0,60.81,0.11
55327,0,22.0,Computer,1,11.0,Credit Card,Male,3.0,5,Grocery,1,Married,4,0,26.0,1.0,3.0,3.0,277.02,0,69.255,0.13
55328,1,1.0,Phone,3,22.0,Credit Card,Male,3.0,6,Laptop & Accessory,1,Married,8,1,15.0,1.0,3.0,3.0,179.4,1,44.85,1.5
55329,0,1.0,Computer,1,9.0,Cash on Delivery,Female,3.0,4,Mobile Phone,1,Single,3,1,14.0,1.0,2.0,4.0,162.6,1,54.199999999999996,1.0
55330,0,1.0,Phone,1,15.0,Credit Card,Female,3.0,2,Mobile Phone,3,Married,9,0,18.0,1.0,2.0,3.0,160.17,0,53.38999999999999,1.0
55331,0,1.0,Computer,1,9.0,Credit Card,Male,3.0,4,Mobile Phone,1,Single,4,0,14.0,1.0,2.0,3.0,150.8,0,50.26666666666667,1.0
55332,1,4.0,Phone,1,14.0,Debit Card,Male,4.0,4,Mobile Phone,5,Single,5,1,15.0,1.0,2.0,4.0,146.66,0,48.88666666666666,0.4
55333,0,3.0,Phone,3,17.0,Credit Card,Male,3.0,5,Laptop & Accessory,3,Single,11,0,12.0,2.0,2.0,5.0,183.69,0,61.23,0.5
55334,0,10.0,Phone,1,12.0,Debit Card,Female,3.0,4,Fashion,5,Married,6,0,13.0,2.0,2.0,3.0,205.08,0,68.36,0.18
55335,0,1.0,Computer,1,9.0,Debit Card,Male,4.0,2,Laptop & Accessory,3,Married,3,0,18.0,2.0,2.0,8.0,177.06,0,59.02,1.0
55336,0,13.0,Phone,1,19.0,Credit Card,Male,4.0,4,Laptop & Accessory,4,Married,6,0,22.0,2.0,2.0,1.0,177.95,0,59.31666666666666,0.14
55337,0,23.0,Phone,1,29.0,UPI,Female,4.0,4,Grocery,4,Married,5,0,17.0,1.0,2.0,3.0,289.13,0,96.37666666666667,0.08
55338,0,24.0,Phone,1,24.0,Debit Card,Female,3.0,5,Fashion,5,Married,7,0,16.0,1.0,2.0,12.0,257.69,0,85.89666666666666,0.08
55339,0,1.0,Phone,3,9.0,Credit Card,Female,3.0,4,Mobile Phone,3,Single,3,0,20.0,1.0,3.0,3.0,152.83,0,38.2075,1.5
55340,0,8.0,Phone,1,10.0,Debit Card,Female,4.0,4,Laptop & Accessory,4,Married,3,0,13.0,2.0,8.0,10.0,179.33,0,19.925555555555558,0.89
55341,0,10.0,Phone,1,14.0,Debit Card,Male,4.0,4,Mobile Phone,4,Single,4,0,12.0,1.0,2.0,4.0,145.13,0,48.376666666666665,0.18
55342,0,23.0,Phone,1,13.0,Debit Card,Female,3.0,5,Grocery,3,Married,4,1,20.0,1.0,3.0,13.0,264.66,0,66.165,0.12
55343,0,10.0,Computer,1,8.0,Credit Card,Female,3.0,5,Laptop & Accessory,3,Married,2,0,16.0,1.0,2.0,3.0,168.74,0,56.24666666666667,0.18
55344,0,10.0,Phone,1,10.0,Debit Card,Male,4.0,2,Laptop & Accessory,5,Married,8,0,21.0,1.0,2.0,5.0,193.42,0,64.47333333333333,0.18
55345,0,28.0,Phone,1,29.0,Credit Card,Female,4.0,4,Grocery,3,Married,5,0,15.707921714818266,4.0,5.0,8.0,299.26,0,49.876666666666665,0.17
55346,0,17.0,Phone,1,22.0,Debit Card,Male,4.0,5,Grocery,3,Married,3,0,15.707921714818266,3.0,7.0,12.0,301.03,0,37.62875,0.39
55347,1,1.0,Computer,3,19.0,UPI,Male,3.0,4,Laptop & Accessory,1,Single,5,1,25.0,6.0,7.0,8.0,170.81,1,21.35125,3.5
55348,0,12.0,Computer,1,8.0,Debit Card,Male,3.0,4,Laptop & Accessory,1,Married,9,0,16.0,2.0,3.0,10.0,172.35,0,43.0875,0.23
55349,0,3.0,Phone,3,12.0,Credit Card,Male,3.0,5,Laptop & Accessory,4,Married,3,1,14.0,1.0,2.0,10.0,166.87,1,55.623333333333335,0.5
55350,0,7.0,Phone,3,9.0,Credit Card,Male,4.0,4,Laptop & Accessory,1,Married,3,0,15.0,2.0,2.0,5.0,180.05,0,60.01666666666667,0.25
55351,0,6.0,Phone,1,9.0,Credit Card,Male,3.0,4,Laptop & Accessory,4,Married,2,0,14.0,2.0,2.0,7.0,179.7,0,59.9,0.29
55352,0,5.0,Phone,3,12.0,Debit Card,Female,4.0,4,Laptop & Accessory,1,Married,3,0,12.0,1.0,2.0,3.0,179.76,0,59.919999999999995,0.33
55353,0,23.0,Phone,1,23.0,Credit Card,Female,4.0,4,Mobile Phone,5,Married,6,1,17.0,1.0,3.0,3.0,150.87,0,37.7175,0.12
55354,0,12.0,Computer,1,9.0,Credit Card,Female,3.0,5,Mobile Phone,4,Single,3,0,23.0,1.0,4.0,4.0,149.4,0,29.880000000000003,0.31
55355,0,21.0,Phone,3,9.0,Debit Card,Female,3.0,2,Grocery,4,Married,8,0,15.0,1.0,2.0,3.0,284.72,0,94.90666666666668,0.09
55356,0,23.0,Phone,1,8.0,Debit Card,Male,3.0,4,Grocery,3,Single,6,0,15.0,1.0,2.0,1.0,278.79,0,92.93,0.08
55357,0,15.0,Phone,3,30.0,Debit Card,Male,4.0,4,Fashion,3,Single,5,1,17.0,1.0,2.0,3.0,195.82,0,65.27333333333333,0.12
55358,0,1.0,Phone,3,16.0,Debit Card,Male,3.0,4,Mobile Phone,5,Single,3,0,12.0,1.0,2.0,3.0,152.28,0,50.76,1.0
55359,0,7.0,Computer,3,23.0,Debit Card,Female,3.0,4,Laptop & Accessory,1,Married,3,1,26.0,1.0,2.0,3.0,178.68,0,59.56,0.25
55360,0,10.0,Phone,1,33.0,Debit Card,Male,4.0,4,Laptop & Accessory,3,Married,8,0,15.0,2.0,2.0,3.0,178.47,0,59.49,0.18
55361,0,18.0,Phone,2,8.0,Debit Card,Female,3.0,4,Mobile Phone,1,Married,6,1,19.0,3.0,3.0,3.0,156.95,0,39.2375,0.16
55362,1,1.0,Phone,1,15.0,Credit Card,Male,4.0,5,Mobile Phone,3,Single,3,1,12.0,2.0,2.0,3.0,164.89,1,54.96333333333333,1.0
55363,0,12.0,Phone,1,11.0,Credit Card,Female,3.0,4,Mobile Phone,3,Married,9,0,20.0,1.0,2.0,1.0,158.06,0,52.68666666666667,0.15
55364,0,27.0,Phone,1,31.0,Credit Card,Male,3.0,2,Fashion,1,Married,5,0,16.0,1.0,2.0,3.0,195.05,0,65.01666666666667,0.07
55365,1,12.0,Computer,3,14.0,Credit Card,Female,4.0,4,Mobile Phone,3,Married,4,1,12.0,2.0,8.0,8.0,151.55,0,16.83888888888889,0.62
55366,1,1.0,Phone,1,9.0,Debit Card,Male,4.0,4,Mobile Phone,4,Single,3,0,13.0,1.0,2.0,1.0,138.93,0,46.31,1.0
55367,0,1.0,Computer,1,14.0,Credit Card,Male,4.0,4,Mobile Phone,1,Single,3,0,21.0,1.0,6.0,8.0,150.7,0,21.52857142857143,3.0
55368,0,29.0,Phone,1,29.0,Cash on Delivery,Male,4.0,5,Mobile Phone,4,Married,7,0,13.0,2.0,2.0,3.0,160.37,0,53.45666666666667,0.07
55369,0,8.0,Phone,1,12.0,Credit Card,Male,3.0,5,Laptop & Accessory,1,Married,3,0,15.0,1.0,5.0,14.0,164.86,0,27.47666666666667,0.56
55370,0,31.0,Phone,1,8.0,Credit Card,Male,4.0,6,Fashion,1,Married,5,0,21.0,2.0,2.0,1.0,233.82999999999998,0,77.94333333333333,0.06
55371,0,7.0,Phone,1,28.0,Credit Card,Male,4.0,2,Mobile Phone,4,Married,3,0,19.0,1.0,3.0,14.0,145.28,0,36.32,0.38
55372,0,11.0,Computer,3,8.0,Credit Card,Male,3.0,6,Laptop & Accessory,1,Married,3,0,15.0,2.0,2.0,3.0,220.25,0,73.41666666666667,0.17
55373,0,8.0,Phone,1,26.0,Debit Card,Female,3.0,5,Mobile Phone,1,Married,3,0,13.0,2.0,9.0,8.0,154.29,0,15.428999999999998,1.0
55374,1,1.0,Phone,3,14.0,Debit Card,Male,4.0,4,Mobile Phone,1,Married,3,1,22.0,2.0,2.0,3.0,147.75,1,49.25,1.0
55375,0,18.0,Phone,1,9.0,Debit Card,Female,4.0,2,Fashion,1,Married,3,1,20.0,2.0,7.0,8.0,203.79,0,25.47375,0.37
55376,0,9.0,Computer,1,9.0,Credit Card,Male,4.0,5,Mobile Phone,1,Single,2,1,15.0,2.0,2.0,5.0,174.3,0,58.1,0.2
55377,0,17.0,Phone,3,9.0,Credit Card,Male,4.0,4,Laptop & Accessory,1,Married,3,1,18.0,4.0,9.0,9.0,203.47,0,20.347,0.5
55378,0,1.0,Phone,1,16.0,Credit Card,Male,4.0,2,Mobile Phone,3,Married,3,0,17.0,1.0,2.0,5.0,169.01,0,56.336666666666666,1.0
55379,0,15.0,Phone,3,13.0,E wallet,Male,3.0,4,Fashion,3,Single,3,0,13.0,4.0,9.0,3.0,217.41,0,21.741,0.56
55380,0,3.0,Phone,1,16.0,Credit Card,Female,3.0,4,Mobile Phone,3,Married,11,0,18.0,1.0,2.0,3.0,154.74,0,51.580000000000005,0.5
55381,0,10.0,Phone,3,9.0,Debit Card,Female,3.0,4,Laptop & Accessory,1,Single,5,0,16.0,7.0,7.0,8.0,170.02,0,21.2525,0.64
55382,0,19.0,Computer,1,8.0,Debit Card,Male,4.0,5,Fashion,3,Married,5,0,24.0,5.0,2.0,5.0,232.48000000000002,0,77.49333333333334,0.1
55383,1,1.0,Phone,2,29.0,UPI,Male,3.0,6,Mobile Phone,3,Married,3,0,12.0,1.0,2.0,1.0,140.55,0,46.85,1.0
55384,1,11.0,Computer,3,16.0,Debit Card,Male,3.0,6,Grocery,3,Married,9,0,12.0,7.0,2.0,11.0,254.36,0,84.78666666666668,0.17
55385,0,1.0,Phone,1,24.0,Credit Card,Male,4.0,6,Mobile Phone,3,Married,3,0,16.0,2.0,2.0,3.0,148.05,0,49.35,1.0
55386,0,19.0,Phone,1,35.0,Cash on Delivery,Female,3.0,5,Grocery,4,Single,3,0,15.707921714818266,7.0,9.0,7.0,292.04,0,29.204,0.45
55387,0,6.0,Computer,1,17.0,Debit Card,Male,3.0,4,Mobile Phone,3,Married,8,0,14.0,1.0,2.0,4.0,159.33,0,53.11000000000001,0.29
55388,0,5.0,Phone,1,9.0,Debit Card,Male,4.0,4,Mobile Phone,3,Married,3,0,15.0,2.0,2.0,4.0,159.77,0,53.25666666666667,0.33
55389,0,15.0,Computer,2,11.0,UPI,Male,3.0,6,Laptop & Accessory,4,Married,8,0,20.0,1.0,2.0,3.0,189.3,0,63.1,0.12
55390,0,14.0,Phone,1,15.0,Debit Card,Female,4.0,4,Laptop & Accessory,5,Married,4,1,17.0,2.0,2.0,1.0,190.16,0,63.38666666666666,0.13
55391,0,1.0,Phone,1,36.0,Credit Card,Male,4.0,4,Mobile Phone,5,Married,3,0,14.0,2.0,2.0,3.0,164.07,0,54.69,1.0
55392,0,20.0,Phone,1,20.0,Debit Card,Male,3.0,4,Laptop & Accessory,4,Single,8,0,15.0,2.0,2.0,10.0,180.62,0,60.20666666666667,0.1
55393,0,9.0,Phone,1,34.0,Debit Card,Male,3.0,4,Laptop & Accessory,3,Married,4,0,17.0,2.0,2.0,8.0,193.83,0,64.61,0.2
55394,0,4.0,Phone,1,23.0,Debit Card,Male,3.0,4,Mobile Phone,1,Married,3,0,13.0,1.0,2.0,9.0,153.62,0,51.20666666666667,0.4
55395,0,21.0,Computer,3,9.0,E wallet,Male,3.0,4,Laptop & Accessory,4,Married,9,0,12.0,1.0,2.0,1.0,174.78,0,58.26,0.09
55396,0,20.0,Phone,3,9.0,Debit Card,Male,4.0,4,Fashion,1,Married,6,1,13.0,1.0,2.0,3.0,228.68,0,76.22666666666667,0.1
55397,1,1.0,Phone,3,20.0,E wallet,Male,4.0,5,Laptop & Accessory,5,Married,7,1,14.0,2.0,3.0,3.0,186.34,1,46.585,1.5
55398,1,1.0,Phone,3,8.0,Debit Card,Male,3.0,6,Laptop & Accessory,4,Single,8,0,16.0,1.0,2.0,1.0,192.35,0,64.11666666666666,1.0
55399,0,1.0,Phone,1,11.0,Credit Card,Female,3.0,4,Mobile Phone,4,Single,3,0,14.0,1.0,2.0,3.0,157.95,0,52.65,1.0
55400,0,5.0,Computer,1,31.0,Cash on Delivery,Female,2.0,4,Laptop & Accessory,1,Single,4,0,21.0,1.0,2.0,5.0,177.38,0,59.126666666666665,0.33
55401,0,13.0,Computer,1,8.0,Debit Card,Male,4.0,4,Laptop & Accessory,1,Married,3,1,16.0,1.0,6.0,9.0,189.72,0,27.102857142857143,0.43
55402,0,6.0,Phone,3,26.0,Debit Card,Male,4.0,6,Fashion,3,Married,5,0,14.0,1.0,2.0,3.0,221.1,0,73.7,0.29
55403,0,14.0,Phone,3,14.0,Credit Card,Male,3.0,4,Others,4,Single,3,0,15.0,13.0,13.0,9.0,323.33,0,23.095,0.87
55404,0,19.0,Phone,2,11.0,Debit Card,Female,3.0,6,Fashion,3,Married,6,0,22.0,2.0,2.0,3.0,222.56,0,74.18666666666667,0.1
55405,0,4.0,Computer,1,9.0,Cash on Delivery,Female,4.0,5,Mobile Phone,5,Single,2,0,17.0,1.0,2.0,8.0,174.68,0,58.22666666666667,0.4
55406,0,1.0,Computer,2,17.0,Credit Card,Male,3.0,4,Mobile Phone,1,Married,2,0,15.0,1.0,3.0,2.0,146.45,0,36.6125,1.5
55407,1,1.0,Computer,2,15.0,UPI,Female,4.0,5,Mobile Phone,1,Married,8,0,12.0,2.0,2.0,3.0,146.8,0,48.93333333333334,1.0
55408,0,5.0,Phone,3,12.0,Cash on Delivery,Male,3.0,4,Laptop & Accessory,3,Married,3,0,20.0,2.0,2.0,3.0,208.46,0,69.48666666666666,0.33
55409,0,1.0,Phone,1,15.0,Credit Card,Female,4.0,4,Mobile Phone,1,Single,3,0,12.0,1.0,2.0,5.0,159.45,0,53.15,1.0
55410,1,1.0,Phone,3,16.0,E wallet,Female,3.0,6,Mobile Phone,4,Single,3,0,14.0,3.0,3.0,3.0,152.6,0,38.15,1.5
55411,0,3.0,Computer,1,8.0,Debit Card,Male,4.0,2,Laptop & Accessory,3,Single,10,1,13.0,2.0,2.0,3.0,187.94,1,62.64666666666667,0.5
55412,0,4.0,Phone,3,22.0,E wallet,Male,4.0,5,Fashion,5,Married,4,0,12.0,2.0,2.0,8.0,196.4,0,65.46666666666667,0.4
55413,0,8.0,Phone,1,9.0,Credit Card,Male,4.0,2,Mobile Phone,1,Married,2,1,15.0,2.0,2.0,3.0,154.32,0,51.44,0.22
55414,0,7.0,Computer,3,9.0,E wallet,Female,4.0,4,Laptop & Accessory,4,Single,10,0,16.0,2.0,2.0,8.0,176.47,0,58.82333333333333,0.25
55415,0,23.0,Phone,3,18.0,E wallet,Female,4.0,4,Laptop & Accessory,1,Single,5,0,13.0,1.0,2.0,5.0,170.07,0,56.69,0.08
55416,1,1.0,Phone,3,23.0,Debit Card,Female,4.0,4,Fashion,5,Single,4,1,21.0,2.0,2.0,3.0,210.64,1,70.21333333333332,1.0
55417,0,12.0,Computer,1,9.0,Credit Card,Female,4.0,5,Mobile Phone,4,Married,6,0,15.0,1.0,2.0,6.0,149.68,0,49.89333333333334,0.15
55418,1,1.0,Phone,3,23.0,E wallet,Male,4.0,4,Fashion,3,Married,4,0,14.0,1.0,2.0,1.0,206.61,0,68.87,1.0
55419,0,3.0,Phone,1,11.0,Cash on Delivery,Female,4.0,5,Mobile Phone,5,Married,3,0,14.0,1.0,2.0,1.0,146.09,0,48.696666666666665,0.5
55420,0,4.0,Phone,1,23.0,Debit Card,Male,3.0,2,Laptop & Accessory,3,Married,5,0,17.0,2.0,2.0,8.0,177.94,0,59.31333333333333,0.4
55421,0,6.0,Computer,1,12.0,Cash on Delivery,Male,4.0,4,Mobile Phone,4,Single,4,0,15.0,2.0,2.0,8.0,152.18,0,50.72666666666667,0.29
55422,0,12.0,Phone,1,25.0,Credit Card,Male,3.0,6,Laptop & Accessory,1,Married,5,1,17.0,1.0,2.0,1.0,183.11,0,61.03666666666667,0.15
55423,1,7.0,Computer,1,24.0,Cash on Delivery,Male,3.0,5,Mobile Phone,3,Married,11,1,17.0,2.0,2.0,1.0,149.37,0,49.79,0.25
55424,0,16.0,Phone,1,19.0,Credit Card,Male,3.0,4,Mobile Phone,4,Married,10,0,23.0,2.0,2.0,5.0,152.66,0,50.88666666666666,0.12
55425,0,29.0,Phone,1,9.0,Credit Card,Male,3.0,5,Others,5,Married,10,0,15.707921714818266,2.0,2.0,1.0,315.38,0,105.12666666666667,0.07
55426,0,7.0,Computer,1,11.0,Cash on Delivery,Male,3.0,4,Laptop & Accessory,4,Married,7,0,16.0,1.0,2.0,8.0,155.55,0,51.85,0.25
55427,0,15.0,Phone,1,16.0,Debit Card,Male,4.0,4,Mobile Phone,5,Married,3,0,21.0,1.0,2.0,5.0,147.89,0,49.29666666666666,0.12
55428,0,8.0,Computer,3,17.0,Debit Card,Male,3.0,4,Laptop & Accessory,3,Married,3,1,15.0,2.0,2.0,8.0,165.01,0,55.00333333333333,0.22
55429,0,27.0,Computer,1,8.0,Credit Card,Female,3.0,5,Grocery,3,Married,6,1,21.0,2.0,2.0,3.0,254.64999999999998,0,84.88333333333333,0.07
55430,0,17.0,Phone,2,9.0,Debit Card,Male,4.0,4,Mobile Phone,1,Single,2,0,14.0,2.0,2.0,9.0,160.39,0,53.46333333333333,0.11
55431,0,8.0,Phone,3,10.0,Debit Card,Female,3.0,6,Laptop & Accessory,1,Single,7,0,13.0,3.0,3.0,3.0,185.29,0,46.3225,0.33
55432,1,1.0,Phone,3,14.0,E wallet,Male,3.0,4,Mobile Phone,4,Single,3,0,14.0,1.0,2.0,1.0,151.79,0,50.596666666666664,1.0
55433,0,12.0,Phone,1,13.0,UPI,Female,3.0,5,Mobile Phone,3,Married,3,0,12.0,2.0,2.0,5.0,162.02,0,54.00666666666667,0.15
55434,1,1.0,Phone,1,15.0,Credit Card,Female,4.0,4,Mobile Phone,5,Married,3,1,18.0,1.0,2.0,1.0,148.98,1,49.66,1.0
55435,0,5.0,Phone,3,36.0,E wallet,Female,4.0,5,Laptop & Accessory,1,Married,3,0,15.0,1.0,6.0,8.0,179.68,0,25.66857142857143,1.0
55436,0,25.0,Phone,1,10.0,Cash on Delivery,Female,3.0,4,Fashion,3,Married,4,0,12.0,3.0,2.0,3.0,256.16,0,85.38666666666667,0.08
55437,0,11.0,Phone,3,16.0,E wallet,Male,3.0,5,Laptop & Accessory,4,Married,3,0,15.0,2.0,2.0,4.0,166.89,0,55.629999999999995,0.17
55438,0,20.0,Phone,1,9.0,Credit Card,Male,3.0,4,Others,1,Married,9,1,15.707921714818266,3.0,3.0,3.0,318.28,0,79.57,0.14
55439,0,10.0,Phone,1,17.0,Debit Card,Male,3.0,4,Fashion,5,Married,9,1,14.0,3.0,6.0,8.0,208.21,0,29.744285714285716,0.55
55440,1,8.0,Computer,1,8.0,Credit Card,Male,4.0,4,Mobile Phone,4,Married,3,1,13.0,3.0,3.0,4.0,148.42,0,37.105,0.33
55441,0,11.0,Phone,2,15.0,UPI,Male,3.0,4,Laptop & Accessory,4,Married,4,0,14.0,4.0,5.0,8.0,165.71,0,27.618333333333336,0.42
55442,1,1.0,Phone,3,34.0,Debit Card,Male,3.0,4,Laptop & Accessory,1,Single,3,1,19.0,4.0,8.0,8.0,183.13,1,20.34777777777778,4.0
55443,0,7.0,Phone,1,15.0,Debit Card,Male,3.0,2,Mobile Phone,5,Married,8,0,20.0,4.0,8.0,7.0,156.43,0,17.38111111111111,1.0
55444,0,2.0,Phone,1,8.0,Debit Card,Male,3.0,4,Mobile Phone,1,Married,3,0,12.0,1.0,2.0,4.0,145.44,0,48.48,0.67
55445,0,13.0,Phone,1,17.0,Credit Card,Male,4.0,4,Fashion,3,Single,9,0,22.0,3.0,2.0,3.0,259.64,0,86.54666666666667,0.14
55446,0,20.0,Computer,3,33.0,Debit Card,Male,4.0,5,Laptop & Accessory,4,Single,10,0,16.0,2.0,3.0,3.0,204.91,0,51.2275,0.14
55447,0,14.0,Phone,1,9.0,Debit Card,Female,4.0,4,Mobile Phone,5,Married,6,0,18.0,2.0,2.0,3.0,158.77,0,52.92333333333334,0.13
55448,0,16.0,Phone,1,20.0,Credit Card,Male,4.0,2,Laptop & Accessory,5,Married,7,0,19.0,2.0,2.0,1.0,180.38,0,60.126666666666665,0.12
55449,0,9.0,Computer,1,9.0,Credit Card,Male,3.0,4,Laptop & Accessory,1,Married,4,0,15.0,2.0,2.0,8.0,182.62,0,60.873333333333335,0.2
55450,0,12.0,Computer,2,9.0,UPI,Male,4.0,4,Mobile Phone,4,Married,7,0,14.0,3.0,4.0,9.0,150.92,0,30.183999999999997,0.31
55451,1,1.0,Computer,1,16.0,Debit Card,Male,4.0,4,Laptop & Accessory,5,Married,6,0,18.0,1.0,2.0,8.0,178.46,0,59.48666666666667,1.0
55452,1,1.0,Phone,1,17.0,Credit Card,Male,3.0,4,Laptop & Accessory,5,Single,3,0,16.0,1.0,2.0,9.0,167.13,0,55.71,1.0
55453,0,13.0,Computer,3,27.0,Debit Card,Male,3.0,4,Laptop & Accessory,1,Married,4,0,19.0,2.0,3.0,3.0,166.27,0,41.5675,0.21
55454,0,17.0,Computer,1,16.0,Debit Card,Male,3.0,4,Mobile Phone,3,Single,6,0,14.0,2.0,2.0,3.0,149.38,0,49.79333333333333,0.11
55455,0,15.0,Phone,1,12.0,Debit Card,Male,3.0,2,Laptop & Accessory,4,Single,5,0,13.0,1.0,2.0,3.0,193.7,0,64.56666666666666,0.12
55456,0,15.0,Phone,3,11.0,E wallet,Female,3.0,4,Fashion,3,Married,2,1,14.0,6.0,14.0,3.0,229.47,0,15.298,0.88
55457,0,4.0,Phone,1,17.0,Credit Card,Female,4.0,4,Fashion,3,Single,11,0,15.0,1.0,2.0,3.0,221.67,0,73.89,0.4
55458,1,1.0,Phone,2,27.0,Credit Card,Female,4.0,4,Mobile Phone,4,Married,2,1,12.0,1.0,2.0,5.0,146.48,1,48.82666666666666,1.0
55459,1,10.0,Phone,1,28.0,Credit Card,Female,4.0,4,Laptop & Accessory,4,Married,6,0,23.0,4.0,4.0,3.0,214.26,0,42.852,0.36
55460,0,14.0,Phone,1,8.0,Debit Card,Female,3.0,4,Laptop & Accessory,1,Married,6,0,18.0,1.0,2.0,4.0,190.13,0,63.376666666666665,0.13
55461,0,8.0,Phone,3,15.0,Cash on Delivery,Male,4.0,2,Laptop & Accessory,3,Married,3,0,22.0,3.0,5.0,9.0,192.99,0,32.165,0.56
55462,0,31.0,Computer,3,9.0,Credit Card,Male,3.0,4,Grocery,4,Married,6,0,23.0,1.0,15.0,15.0,287.91,0,17.994375,0.47
55463,0,9.0,Phone,1,30.0,Credit Card,Male,4.0,6,Mobile Phone,3,Married,2,0,17.0,1.0,2.0,4.0,152.05,0,50.68333333333334,0.2
55464,0,21.0,Phone,1,11.0,Debit Card,Female,4.0,5,Fashion,4,Married,10,1,13.0,6.0,15.0,3.0,228.33,0,14.270625,0.68
55465,0,14.0,Phone,1,19.0,Debit Card,Female,3.0,4,Laptop & Accessory,5,Married,4,0,13.0,2.0,8.0,8.0,169.48,0,18.83111111111111,0.53
55466,0,28.0,Phone,1,14.0,Credit Card,Female,4.0,4,Laptop & Accessory,1,Married,6,0,16.0,2.0,2.0,8.0,193.54,0,64.51333333333334,0.07
55467,0,5.0,Computer,3,14.0,E wallet,Female,4.0,4,Fashion,5,Married,4,0,15.0,3.0,3.0,3.0,221.37,0,55.3425,0.5
55468,0,2.0,Phone,1,8.0,Credit Card,Female,4.0,4,Mobile Phone,5,Married,3,0,26.0,2.0,2.0,3.0,160.91,0,53.63666666666666,0.67
55469,0,12.0,Phone,3,9.0,E wallet,Female,4.0,6,Laptop & Accessory,1,Married,4,1,21.0,1.0,2.0,4.0,179.05,0,59.68333333333334,0.15
55470,0,1.0,Phone,3,17.0,Credit Card,Male,3.0,4,Laptop & Accessory,1,Single,3,0,14.0,2.0,2.0,3.0,171.84,0,57.28,1.0
55471,0,31.0,Computer,1,22.0,Debit Card,Male,3.0,4,Grocery,3,Married,4,1,15.0,1.0,3.0,3.0,282.87,0,70.7175,0.09
55472,0,1.0,Computer,1,21.0,Credit Card,Female,3.0,4,Mobile Phone,3,Single,3,0,17.0,2.0,2.0,1.0,140.14,0,46.71333333333333,1.0
55473,1,1.0,Phone,2,25.0,UPI,Male,3.0,2,Mobile Phone,5,Married,2,0,18.0,2.0,2.0,1.0,154.56,0,51.52,1.0
55474,1,1.0,Phone,2,20.0,UPI,Male,3.0,5,Mobile Phone,5,Married,6,1,16.0,3.0,3.0,1.0,148.35,1,37.0875,1.5
55475,0,19.0,Computer,3,9.0,Debit Card,Female,4.0,4,Laptop & Accessory,3,Married,6,0,23.0,4.0,6.0,8.0,176.54,0,25.22,0.3
55476,0,10.0,Phone,1,9.0,UPI,Female,4.0,4,Laptop & Accessory,4,Married,6,1,23.0,2.0,2.0,1.0,194.62,0,64.87333333333333,0.18
55477,0,17.0,Computer,3,9.0,Debit Card,Male,4.0,4,Laptop & Accessory,1,Married,3,0,21.0,8.0,8.0,8.0,181.75,0,20.194444444444443,0.44
55478,0,1.0,Computer,1,12.0,Debit Card,Female,3.0,4,Mobile Phone,1,Single,2,1,15.0,2.0,2.0,3.0,148.79,1,49.596666666666664,1.0
55479,0,3.0,Computer,1,27.0,Credit Card,Male,3.0,4,Mobile Phone,1,Married,3,0,14.0,2.0,4.0,11.0,163.12,0,32.624,1.0
55480,0,6.0,Computer,3,17.0,E wallet,Male,4.0,4,Laptop & Accessory,1,Single,10,0,14.0,1.0,2.0,1.0,171.48,0,57.16,0.29
55481,0,16.0,Computer,1,17.0,Cash on Delivery,Male,3.0,4,Mobile Phone,3,Married,5,0,23.0,4.0,4.0,4.0,154.36,0,30.872000000000003,0.24
55482,0,21.0,Phone,1,16.0,Debit Card,Female,4.0,4,Mobile Phone,3,Single,6,0,13.0,1.0,3.0,1.0,146.05,0,36.5125,0.14
55483,0,20.0,Phone,1,9.0,Debit Card,Male,3.0,4,Fashion,1,Married,5,0,15.0,1.0,5.0,3.0,210.78,0,35.13,0.24
55484,0,2.0,Computer,2,8.0,Debit Card,Male,3.0,4,Mobile Phone,1,Married,3,0,16.0,2.0,3.0,3.0,152.06,0,38.015,1.0
55485,0,3.0,Phone,1,36.0,Debit Card,Male,4.0,6,Laptop & Accessory,3,Married,10,0,18.0,1.0,2.0,7.0,188.84,0,62.946666666666665,0.5
55486,0,16.0,Phone,1,15.0,Debit Card,Male,3.0,4,Mobile Phone,3,Single,6,0,14.0,2.0,2.0,1.0,164.68,0,54.89333333333334,0.12
55487,1,1.0,Phone,3,9.0,E wallet,Male,3.0,5,Laptop & Accessory,4,Single,9,1,13.0,2.0,3.0,3.0,224.07,1,56.0175,1.5
55488,0,20.0,Phone,3,10.0,Cash on Delivery,Female,3.0,2,Grocery,5,Married,4,0,13.0,3.0,2.0,9.0,257.25,0,85.75,0.1
55489,0,1.0,Phone,3,30.0,Credit Card,Female,3.0,5,Laptop & Accessory,3,Married,3,0,22.0,4.0,6.0,9.0,160.4,0,22.914285714285715,3.0
55490,0,3.0,Phone,2,13.0,Credit Card,Male,3.0,5,Mobile Phone,4,Married,3,0,12.0,2.0,2.0,1.0,153.04,0,51.01333333333333,0.5
55491,0,17.0,Phone,1,13.0,Credit Card,Female,3.0,5,Others,3,Married,9,0,15.707921714818266,7.0,7.0,15.0,318.92,0,39.865,0.39
55492,0,22.0,Phone,1,17.0,Debit Card,Male,4.0,5,Others,4,Married,6,0,15.707921714818266,4.0,13.0,10.0,321.65,0,22.974999999999998,0.57
55493,1,1.0,Computer,1,31.0,Debit Card,Male,4.0,5,Mobile Phone,1,Single,3,1,25.0,2.0,2.0,1.0,149.39,1,49.79666666666666,1.0
55494,1,10.0,Phone,3,17.0,Debit Card,Female,4.0,4,Fashion,4,Married,7,0,22.0,2.0,2.0,8.0,198.14,0,66.04666666666667,0.18
55495,0,1.0,Computer,1,22.0,Debit Card,Female,4.0,5,Mobile Phone,5,Married,2,0,20.0,1.0,8.0,4.0,172.74,0,19.193333333333335,4.0
55496,0,13.0,Phone,1,26.0,UPI,Male,3.0,4,Laptop & Accessory,1,Married,10,0,15.0,1.0,3.0,3.0,164.02,0,41.005,0.21
55497,0,29.0,Phone,1,9.0,Cash on Delivery,Male,4.0,5,Mobile Phone,1,Married,10,0,21.0,2.0,2.0,5.0,151.62,0,50.54,0.07
55498,0,2.0,Phone,3,10.0,Credit Card,Female,4.0,4,Mobile Phone,4,Married,3,0,20.0,2.0,2.0,1.0,153.56,0,51.18666666666667,0.67
55499,1,1.0,Phone,3,16.0,Credit Card,Male,3.0,4,Mobile Phone,1,Single,3,0,14.0,1.0,2.0,1.0,135.81,0,45.27,1.0
55500,1,1.0,Phone,1,14.0,Debit Card,Male,4.0,4,Mobile Phone,4,Single,3,1,24.0,2.0,2.0,1.0,149.72,1,49.906666666666666,1.0
55501,0,10.0,Phone,3,17.0,Cash on Delivery,Female,4.0,5,Laptop & Accessory,3,Married,3,1,14.0,1.0,2.0,8.0,181.73,0,60.57666666666666,0.18
55502,0,5.0,Phone,1,27.0,Debit Card,Male,3.0,4,Laptop & Accessory,3,Married,3,0,12.0,1.0,2.0,3.0,166.97,0,55.656666666666666,0.33
55503,0,8.0,Phone,3,11.0,Debit Card,Male,4.0,4,Fashion,1,Married,4,1,14.0,1.0,2.0,3.0,222.13,0,74.04333333333334,0.22
55504,0,3.0,Phone,1,14.0,Debit Card,Male,3.0,4,Mobile Phone,5,Single,5,0,15.0,1.0,2.0,3.0,145.62,0,48.54,0.5
55505,0,11.0,Phone,1,14.0,Credit Card,Male,4.0,4,Laptop & Accessory,5,Married,7,1,23.0,1.0,2.0,5.0,167.84,0,55.946666666666665,0.17
55506,0,9.0,Phone,1,23.0,UPI,Female,3.0,5,Laptop & Accessory,4,Married,2,1,12.0,1.0,2.0,3.0,172.88,0,57.626666666666665,0.2
55507,0,19.0,Phone,1,32.0,Debit Card,Female,4.0,5,Laptop & Accessory,1,Married,2,0,14.0,1.0,4.0,9.0,184.06,0,36.812,0.2
55508,0,10.0,Computer,2,9.0,UPI,Male,4.0,5,Laptop & Accessory,1,Single,3,0,22.0,2.0,2.0,9.0,163.86,0,54.620000000000005,0.18
55509,0,14.0,Phone,1,8.0,Debit Card,Male,4.0,4,Grocery,5,Married,4,0,15.707921714818266,3.0,12.0,17.0,293.23,0,22.556153846153848,0.8
55510,0,1.0,Phone,1,8.0,Debit Card,Female,3.0,5,Mobile Phone,3,Married,3,1,14.0,1.0,2.0,1.0,154.33,1,51.443333333333335,1.0
55511,0,1.0,Phone,3,9.0,Credit Card,Female,3.0,2,Laptop & Accessory,3,Single,2,0,15.0,1.0,2.0,8.0,190.0,0,63.333333333333336,1.0
55512,0,22.0,Computer,1,29.0,Credit Card,Female,3.0,4,Grocery,1,Married,5,0,15.707921714818266,2.0,5.0,8.0,296.74,0,49.45666666666667,0.22
55513,0,18.0,Phone,1,8.0,Debit Card,Male,4.0,2,Laptop & Accessory,5,Married,4,0,16.0,2.0,3.0,3.0,175.33,0,43.8325,0.16
55514,1,1.0,Computer,1,23.0,Cash on Delivery,Male,3.0,6,Mobile Phone,5,Married,3,1,24.0,1.0,4.0,1.0,148.07,1,29.613999999999997,2.0
55515,1,20.0,Phone,1,31.0,Debit Card,Male,4.0,4,Mobile Phone,1,Single,3,0,17.0,1.0,2.0,1.0,150.87,0,50.29,0.1
55516,0,10.0,Phone,3,24.0,E wallet,Male,3.0,5,Laptop & Accessory,4,Married,4,0,17.0,2.0,2.0,4.0,180.07,0,60.02333333333333,0.18
55517,0,15.0,Phone,3,15.0,E wallet,Female,3.0,4,Laptop & Accessory,4,Married,7,0,22.0,1.0,2.0,5.0,168.93,0,56.31,0.12
55518,0,16.0,Phone,1,13.0,Credit Card,Male,3.0,4,Fashion,5,Married,11,0,14.0,6.0,2.0,8.0,258.48,0,86.16000000000001,0.12
55519,0,5.0,Phone,3,17.0,Credit Card,Female,3.0,4,Laptop & Accessory,1,Married,4,1,12.0,2.0,2.0,5.0,190.83,0,63.61000000000001,0.33
55520,0,8.0,Phone,3,10.0,Credit Card,Female,4.0,5,Laptop & Accessory,1,Married,5,1,13.0,1.0,2.0,2.0,206.03,0,68.67666666666666,0.22
55521,0,5.0,Phone,1,11.0,Credit Card,Female,4.0,2,Mobile Phone,3,Married,10,0,13.0,2.0,3.0,3.0,164.78,0,41.195,0.5
55522,0,1.0,Computer,1,13.0,UPI,Male,4.0,2,Mobile Phone,1,Married,2,0,19.0,3.0,8.0,8.0,150.44,0,16.715555555555554,4.0
55523,0,19.0,Computer,1,8.0,Credit Card,Male,3.0,4,Laptop & Accessory,3,Single,6,0,13.0,1.0,2.0,4.0,178.99,0,59.663333333333334,0.1
55524,0,7.0,Phone,3,17.0,E wallet,Male,3.0,4,Laptop & Accessory,3,Single,3,0,15.0,1.0,2.0,10.0,179.87,0,59.95666666666667,0.25
55525,0,2.0,Computer,3,8.0,Debit Card,Male,3.0,5,Laptop & Accessory,1,Married,3,1,13.0,2.0,2.0,8.0,193.34,1,64.44666666666667,0.67
55526,1,1.0,Computer,3,31.0,Cash on Delivery,Male,3.0,2,Mobile Phone,5,Single,3,0,18.0,1.0,2.0,1.0,135.91,0,45.303333333333335,1.0
55527,0,13.0,Computer,3,28.0,Debit Card,Female,3.0,6,Laptop & Accessory,3,Married,8,0,20.0,1.0,2.0,3.0,182.36,0,60.78666666666667,0.14
55528,0,1.0,Phone,1,9.0,Cash on Delivery,Male,3.0,4,Mobile Phone,4,Married,3,0,12.0,1.0,2.0,3.0,147.26,0,49.086666666666666,1.0
55529,0,8.0,Computer,1,29.0,UPI,Male,3.0,5,Laptop & Accessory,1,Married,3,1,16.0,4.0,7.0,12.0,182.47,0,22.80875,0.78
55530,1,1.0,Phone,3,20.0,E wallet,Female,3.0,4,Laptop & Accessory,3,Single,5,1,12.0,1.0,3.0,3.0,223.54,1,55.885,1.5
55531,0,21.0,Computer,1,21.0,Cash on Delivery,Male,4.0,4,Laptop & Accessory,4,Married,10,0,19.0,1.0,2.0,8.0,179.67,0,59.88999999999999,0.09
55532,0,30.0,Phone,3,18.0,E wallet,Female,3.0,5,Laptop & Accessory,5,Married,6,0,17.0,1.0,2.0,1.0,178.8,0,59.6,0.06
55533,0,13.0,Phone,1,16.0,Credit Card,Male,3.0,4,Laptop & Accessory,5,Married,3,0,26.0,1.0,8.0,10.0,176.51,0,19.612222222222222,0.57
55534,0,12.0,Computer,1,15.0,Credit Card,Female,3.0,5,Laptop & Accessory,4,Married,3,1,17.0,2.0,2.0,8.0,146.33,0,48.77666666666667,0.15
55535,0,61.0,Phone,3,28.0,Debit Card,Female,4.0,4,Grocery,1,Married,6,1,15.707921714818266,1.0,2.0,1.0,303.75,0,101.25,0.03
55536,1,1.0,Computer,1,12.0,Debit Card,Female,3.0,2,Mobile Phone,3,Single,5,1,15.0,1.0,2.0,4.0,149.32,1,49.77333333333333,1.0
55537,0,12.0,Phone,1,16.0,Debit Card,Male,4.0,4,Mobile Phone,1,Married,4,0,20.0,1.0,2.0,4.0,172.71,0,57.57,0.15
55538,0,23.0,Computer,1,9.0,Debit Card,Male,3.0,4,Others,1,Married,5,0,15.707921714818266,5.0,5.0,4.0,316.61,0,52.76833333333334,0.21
55539,0,16.0,Phone,3,19.0,E wallet,Male,4.0,4,Laptop & Accessory,1,Married,5,1,13.0,2.0,2.0,1.0,175.87,0,58.623333333333335,0.12
55540,1,1.0,Computer,2,29.0,UPI,Female,3.0,5,Mobile Phone,4,Married,3,0,13.0,2.0,2.0,1.0,153.63,0,51.21,1.0
55541,0,9.0,Phone,3,25.0,Credit Card,Male,4.0,4,Laptop & Accessory,5,Married,2,0,17.0,2.0,2.0,5.0,180.61,0,60.20333333333334,0.2
55542,0,2.0,Computer,1,23.0,Credit Card,Male,3.0,4,Mobile Phone,3,Single,3,0,15.0,1.0,2.0,5.0,146.44,0,48.81333333333333,0.67
55543,0,5.0,Computer,1,10.0,Credit Card,Male,3.0,4,Mobile Phone,5,Married,3,1,14.0,3.0,3.0,4.0,155.65,0,38.9125,0.5
55544,0,10.0,Computer,1,16.0,Debit Card,Male,4.0,2,Mobile Phone,4,Married,3,0,23.0,2.0,2.0,3.0,153.1,0,51.03333333333333,0.18
55545,0,8.0,Phone,3,8.0,E wallet,Male,3.0,4,Fashion,1,Single,3,0,22.0,3.0,3.0,3.0,223.88,0,55.97,0.33
55546,0,8.0,Phone,3,20.0,Credit Card,Male,3.0,4,Fashion,3,Married,3,0,19.0,1.0,2.0,3.0,211.28,0,70.42666666666666,0.22
55547,0,1.0,Phone,1,8.0,Credit Card,Male,4.0,4,Mobile Phone,5,Single,2,0,14.0,8.0,8.0,7.0,153.67,0,17.074444444444442,4.0
55548,0,3.0,Phone,1,8.0,Debit Card,Male,3.0,4,Laptop & Accessory,5,Married,2,0,13.0,1.0,2.0,3.0,178.73,0,59.57666666666666,0.5
55549,0,6.0,Computer,1,22.0,Credit Card,Female,3.0,4,Laptop & Accessory,1,Married,7,0,19.0,1.0,2.0,3.0,191.67,0,63.88999999999999,0.29
55550,0,5.0,Computer,1,8.0,Debit Card,Male,3.0,6,Laptop & Accessory,5,Married,3,0,22.0,7.0,9.0,8.0,175.03,0,17.503,1.5
55551,1,1.0,Phone,1,24.0,Cash on Delivery,Male,3.0,5,Mobile Phone,1,Married,7,0,13.0,2.0,2.0,4.0,148.67,0,49.556666666666665,1.0
55552,0,12.0,Phone,3,8.0,Debit Card,Male,3.0,5,Mobile Phone,5,Single,6,0,15.0,2.0,2.0,1.0,153.58,0,51.193333333333335,0.15
55553,0,9.0,Phone,3,14.0,Debit Card,Female,3.0,4,Laptop & Accessory,1,Married,3,1,12.0,2.0,2.0,10.0,177.04,0,59.01333333333333,0.2
55554,0,1.0,Phone,3,16.0,E wallet,Male,3.0,4,Laptop & Accessory,1,Single,3,0,15.0,2.0,2.0,8.0,166.05,0,55.35,1.0
55555,0,6.0,Phone,1,12.0,Debit Card,Male,3.0,5,Laptop & Accessory,1,Single,10,0,25.0,2.0,2.0,3.0,221.79,0,73.92999999999999,0.29
55556,1,1.0,Computer,3,33.0,E wallet,Male,4.0,4,Laptop & Accessory,1,Married,3,1,12.0,1.0,2.0,9.0,181.17,1,60.38999999999999,1.0
55557,1,17.0,Phone,3,31.0,Debit Card,Male,4.0,4,Fashion,5,Single,8,1,14.0,1.0,3.0,3.0,229.48,0,57.37,0.17
55558,0,28.0,Phone,1,16.0,Debit Card,Female,4.0,4,Laptop & Accessory,3,Married,5,0,12.0,2.0,3.0,4.0,153.97,0,38.4925,0.1
55559,0,7.0,Computer,1,14.0,Debit Card,Male,3.0,4,Laptop & Accessory,3,Married,3,0,21.0,1.0,3.0,9.0,184.68,0,46.17,0.38
55560,0,17.0,Phone,1,18.0,Debit Card,Male,2.0,4,Fashion,3,Married,3,0,18.0,2.0,2.0,10.0,200.1,0,66.7,0.11
55561,0,12.0,Computer,2,8.0,UPI,Male,3.0,4,Mobile Phone,4,Married,2,1,12.0,1.0,2.0,3.0,154.91,0,51.63666666666666,0.15
55562,0,29.0,Phone,2,33.0,UPI,Male,4.0,2,Others,4,Married,6,1,15.707921714818266,2.0,2.0,5.0,321.36,0,107.12,0.07
55563,0,5.0,Phone,1,9.0,Credit Card,Female,3.0,6,Mobile Phone,1,Married,3,1,12.0,1.0,2.0,1.0,136.29,0,45.43,0.33
55564,0,13.0,Phone,3,22.0,E wallet,Male,4.0,4,Grocery,5,Single,2,0,13.0,5.0,2.0,11.0,258.41,0,86.13666666666667,0.14
55565,0,16.0,Computer,1,30.0,Debit Card,Male,3.0,5,Laptop & Accessory,3,Single,3,0,13.0,4.0,4.0,8.0,168.32,0,33.664,0.24
55566,0,5.0,Computer,1,17.0,Credit Card,Female,3.0,4,Fashion,3,Married,6,0,21.0,4.0,2.0,9.0,235.31,0,78.43666666666667,0.33
55567,0,28.0,Phone,1,17.0,Credit Card,Female,4.0,4,Laptop & Accessory,5,Single,8,1,20.0,1.0,2.0,5.0,169.4,0,56.46666666666667,0.07
55568,0,1.0,Phone,1,8.0,Debit Card,Male,3.0,5,Laptop & Accessory,3,Single,3,0,13.0,2.0,2.0,3.0,171.17,0,57.056666666666665,1.0
55569,0,1.0,Phone,1,19.0,UPI,Male,4.0,4,Mobile Phone,1,Single,3,0,14.0,2.0,2.0,5.0,151.47,0,50.49,1.0
55570,0,14.0,Computer,1,18.0,Cash on Delivery,Female,4.0,4,Laptop & Accessory,3,Married,3,0,12.0,8.0,10.0,5.0,188.23,0,17.11181818181818,0.67
55571,0,14.0,Phone,3,9.0,E wallet,Female,4.0,4,Laptop & Accessory,4,Married,5,0,15.0,2.0,6.0,11.0,181.77,0,25.967142857142857,0.4
55572,0,1.0,Phone,2,9.0,UPI,Female,3.0,4,Mobile Phone,4,Married,6,0,15.0,1.0,2.0,3.0,146.87,0,48.95666666666667,1.0
55573,0,4.0,Phone,1,8.0,Credit Card,Male,4.0,4,Mobile Phone,4,Married,3,0,14.0,2.0,2.0,8.0,162.48,0,54.16,0.4
55574,0,1.0,Phone,1,9.0,UPI,Male,3.0,4,Mobile Phone,3,Married,8,1,20.0,1.0,2.0,3.0,164.77,1,54.92333333333334,1.0
55575,0,21.0,Phone,1,32.0,Credit Card,Male,3.0,4,Fashion,3,Single,4,0,24.0,10.0,13.0,3.0,211.33,0,15.095,0.59
55576,0,7.0,Computer,1,8.0,Credit Card,Male,3.0,5,Mobile Phone,3,Married,3,0,13.0,1.0,2.0,1.0,145.08,0,48.36000000000001,0.25
55577,0,12.0,Phone,3,8.0,Debit Card,Male,3.0,4,Laptop & Accessory,4,Married,2,0,16.0,2.0,6.0,9.0,169.4,0,24.2,0.46
55578,0,5.0,Phone,3,9.0,Debit Card,Male,3.0,4,Mobile Phone,3,Married,2,0,20.0,1.0,2.0,3.0,155.67,0,51.88999999999999,0.33
55579,0,12.0,Computer,1,13.0,Debit Card,Male,4.0,5,Laptop & Accessory,3,Married,4,0,12.0,3.0,8.0,8.0,178.21,0,19.801111111111112,0.62
55580,0,16.0,Phone,1,25.0,Debit Card,Male,3.0,4,Laptop & Accessory,5,Married,8,1,18.0,2.0,2.0,3.0,179.1,0,59.699999999999996,0.12
55581,0,15.0,Phone,1,8.0,Debit Card,Male,4.0,4,Mobile Phone,1,Married,5,0,23.0,1.0,2.0,1.0,152.82,0,50.94,0.12
55582,0,21.0,Computer,1,8.0,Credit Card,Female,4.0,4,Fashion,4,Married,2,0,19.0,1.0,2.0,13.0,244.57,0,81.52333333333333,0.09
55583,0,9.0,Phone,1,18.0,Credit Card,Male,3.0,4,Mobile Phone,3,Married,9,1,12.0,3.0,3.0,3.0,151.6,0,37.9,0.3
55584,0,1.0,Phone,1,8.0,Debit Card,Male,4.0,4,Mobile Phone,3,Single,2,0,13.0,2.0,2.0,3.0,158.75,0,52.916666666666664,1.0
55585,0,9.0,Phone,1,16.0,Credit Card,Male,3.0,4,Laptop & Accessory,3,Single,3,0,20.0,1.0,2.0,9.0,175.98,0,58.66,0.2
55586,0,7.0,Phone,1,22.0,Credit Card,Female,4.0,4,Laptop & Accessory,1,Married,2,1,14.0,7.0,9.0,2.0,173.78,0,17.378,1.12
55587,0,6.0,Phone,1,36.0,Debit Card,Female,3.0,5,Mobile Phone,4,Single,3,0,14.0,1.0,5.0,2.0,153.37,0,25.561666666666667,0.71
55588,0,14.0,Phone,1,8.0,Debit Card,Male,3.0,4,Mobile Phone,1,Married,10,0,20.0,2.0,2.0,1.0,149.06,0,49.68666666666667,0.13
55589,0,6.0,Phone,3,8.0,Credit Card,Male,4.0,5,Mobile Phone,4,Married,2,0,15.0,3.0,3.0,3.0,147.69,0,36.9225,0.43
55590,0,13.0,Phone,1,31.0,Debit Card,Male,3.0,4,Laptop & Accessory,1,Single,9,0,14.0,1.0,2.0,8.0,166.08,0,55.36000000000001,0.14
55591,0,12.0,Phone,1,17.0,Credit Card,Female,4.0,6,Fashion,3,Married,5,0,13.0,1.0,2.0,12.0,257.06,0,85.68666666666667,0.15
55592,0,6.0,Phone,3,8.0,E wallet,Female,3.0,4,Fashion,1,Married,3,0,20.0,1.0,6.0,3.0,229.22,0,32.745714285714286,0.86
55593,0,11.0,Phone,1,17.0,Debit Card,Female,3.0,2,Fashion,1,Married,3,1,26.0,1.0,7.0,9.0,262.44,0,32.805,0.58
55594,0,1.0,Phone,3,15.0,UPI,Female,3.0,4,Laptop & Accessory,3,Married,2,1,23.0,1.0,2.0,5.0,174.07,1,58.02333333333333,1.0
55595,0,26.0,Computer,3,36.0,Debit Card,Male,3.0,4,Mobile Phone,1,Married,4,0,16.0,2.0,2.0,1.0,159.82,0,53.27333333333333,0.07
55596,0,18.0,Phone,1,8.0,Credit Card,Male,3.0,4,Mobile Phone,1,Single,8,1,13.0,2.0,2.0,3.0,149.36,0,49.78666666666667,0.11
55597,0,1.0,Phone,3,12.0,Credit Card,Male,3.0,4,Mobile Phone,5,Single,3,1,12.0,2.0,2.0,3.0,148.8,1,49.6,1.0
55598,0,13.0,Computer,1,16.0,Debit Card,Male,3.0,4,Others,1,Single,4,0,15.707921714818266,2.0,2.0,4.0,319.31,0,106.43666666666667,0.14
55599,1,1.0,Computer,3,16.0,E wallet,Male,3.0,4,Mobile Phone,5,Married,3,0,20.0,2.0,2.0,1.0,142.9,0,47.63333333333333,1.0
55600,0,10.0,Phone,3,10.0,Credit Card,Female,4.0,5,Fashion,1,Married,2,0,20.0,1.0,4.0,5.0,201.44,0,40.288,0.36
55601,0,10.0,Computer,1,11.0,Debit Card,Female,4.0,4,Laptop & Accessory,4,Married,9,0,14.0,1.0,2.0,3.0,176.31,0,58.77,0.18
55602,0,30.0,Computer,1,8.0,Debit Card,Male,3.0,4,Laptop & Accessory,3,Married,3,0,22.0,1.0,2.0,10.0,188.06,0,62.68666666666667,0.06
55603,1,1.0,Phone,1,8.0,Credit Card,Male,3.0,4,Mobile Phone,1,Married,11,1,15.0,3.0,3.0,3.0,172.87,1,43.2175,1.5
55604,0,16.0,Phone,1,9.0,Debit Card,Male,3.0,4,Others,3,Married,7,0,15.707921714818266,1.0,5.0,15.0,313.8,0,52.300000000000004,0.29
55605,1,20.0,Phone,1,14.0,Cash on Delivery,Male,4.0,4,Mobile Phone,3,Married,10,0,12.0,7.0,10.0,9.0,148.39,0,13.489999999999998,0.48
55606,0,15.0,Phone,1,35.0,Debit Card,Female,3.0,5,Grocery,4,Married,2,0,24.0,2.0,2.0,11.0,260.7,0,86.89999999999999,0.12
55607,0,8.0,Phone,3,35.0,E wallet,Female,4.0,5,Laptop & Accessory,3,Married,3,0,22.0,2.0,2.0,8.0,192.12,0,64.04,0.22
55608,0,10.0,Computer,3,22.0,E wallet,Male,3.0,6,Laptop & Accessory,1,Married,3,0,25.0,6.0,12.0,12.0,179.06,0,13.773846153846154,1.09
55609,0,15.0,Phone,3,10.0,Debit Card,Male,3.0,5,Laptop & Accessory,4,Married,4,0,12.0,2.0,2.0,3.0,214.38,0,71.46,0.12
55610,0,6.0,Phone,1,9.0,Cash on Delivery,Male,4.0,4,Mobile Phone,5,Single,3,0,15.0,1.0,2.0,3.0,149.39,0,49.79666666666666,0.29
55611,0,9.0,Phone,2,33.0,Debit Card,Female,3.0,4,Fashion,1,Single,3,1,17.0,2.0,2.0,3.0,213.37,0,71.12333333333333,0.2
55612,0,12.0,Phone,3,17.0,Debit Card,Female,4.0,4,Laptop & Accessory,1,Married,3,0,12.0,1.0,2.0,10.0,178.43,0,59.47666666666667,0.15
55613,1,14.0,Computer,3,8.0,Debit Card,Male,4.0,4,Laptop & Accessory,3,Married,9,0,13.0,2.0,2.0,2.0,192.28,0,64.09333333333333,0.13
55614,0,10.0,Phone,3,18.0,E wallet,Female,4.0,5,Laptop & Accessory,1,Married,6,0,14.0,2.0,2.0,1.0,191.52,0,63.84,0.18
55615,0,19.0,Phone,3,27.0,Debit Card,Female,3.0,4,Laptop & Accessory,3,Single,10,0,16.0,1.0,2.0,2.0,173.5,0,57.833333333333336,0.1
55616,0,14.0,Phone,1,9.0,Debit Card,Male,1.0,5,Mobile Phone,3,Single,4,0,15.0,1.0,3.0,3.0,153.09,0,38.2725,0.2
55617,0,9.0,Computer,1,25.0,Debit Card,Male,4.0,4,Laptop & Accessory,3,Married,3,1,15.0,1.0,2.0,3.0,181.89,0,60.629999999999995,0.2
55618,0,14.0,Phone,1,9.0,Credit Card,Female,4.0,4,Mobile Phone,3,Married,4,0,15.0,1.0,2.0,3.0,145.01,0,48.336666666666666,0.13
55619,0,9.0,Phone,1,8.0,Debit Card,Female,4.0,6,Mobile Phone,1,Married,3,0,13.0,2.0,2.0,2.0,154.77,0,51.59,0.2
55620,0,3.0,Phone,1,20.0,UPI,Male,3.0,5,Laptop & Accessory,4,Married,6,1,14.0,1.0,2.0,4.0,165.25,1,55.083333333333336,0.5
55621,0,3.0,Phone,1,35.0,Credit Card,Female,4.0,5,Mobile Phone,5,Single,3,0,15.0,1.0,2.0,5.0,162.85,0,54.28333333333333,0.5
55622,1,14.0,Phone,3,35.0,E wallet,Male,3.0,5,Fashion,5,Married,6,1,14.0,3.0,2.0,1.0,233.54000000000002,0,77.84666666666668,0.13
55623,0,13.0,Phone,3,31.0,E wallet,Female,3.0,5,Grocery,1,Married,2,0,12.0,4.0,2.0,7.0,245.31,0,81.77,0.14
55624,0,5.0,Computer,1,12.0,Credit Card,Male,4.0,4,Laptop & Accessory,5,Single,2,0,20.0,2.0,2.0,3.0,224.36,0,74.78666666666668,0.33
55625,0,1.0,Phone,3,12.0,UPI,Female,2.0,5,Mobile Phone,3,Single,2,0,19.0,2.0,2.0,1.0,154.66,0,51.553333333333335,1.0
55626,0,10.0,Computer,1,30.0,Credit Card,Male,3.0,2,Laptop & Accessory,1,Married,6,0,18.0,1.0,2.0,4.0,150.71,0,50.23666666666667,0.18
55627,0,13.0,Phone,1,13.0,Credit Card,Male,3.0,5,Fashion,5,Married,6,0,16.0,1.0,2.0,3.0,224.91,0,74.97,0.14
55628,0,1.0,Phone,1,11.0,Debit Card,Male,3.0,2,Laptop & Accessory,4,Married,3,1,21.0,1.0,2.0,4.0,186.42,1,62.13999999999999,1.0
55629,0,23.0,Computer,3,9.0,Credit Card,Male,4.0,5,Laptop & Accessory,4,Married,4,0,15.0,2.0,2.0,9.0,178.9,0,59.63333333333333,0.08
55630,0,8.0,Phone,1,15.0,Credit Card,Male,3.0,2,Laptop & Accessory,3,Married,4,0,13.0,2.0,2.0,3.0,169.04,0,56.346666666666664,0.22
